question,yes_token,no_token,quantity,status,yes_cost,no_cost,total_cost,yes_average_price,no_average_price,gross_profit,gross_profit_pct
Xi Jinping out before 2027?,32338220190071351435772801779725302244575775216413325951443816017994629993401,25659310674993675562345759665114759892400026242514633218387667107987341231962,10,fully_filled,0.39,9.62,10.01,0.039,0.962,-0.009999999999999787,-0.09990009990009778
Xi Jinping out before 2027?,32338220190071351435772801779725302244575775216413325951443816017994629993401,25659310674993675562345759665114759892400026242514633218387667107987341231962,50,fully_filled,1.95,48.1,50.050000000000004,0.039,0.9620000000000001,-0.05000000000000426,-0.0999000999001084
Xi Jinping out before 2027?,32338220190071351435772801779725302244575775216413325951443816017994629993401,25659310674993675562345759665114759892400026242514633218387667107987341231962,100,fully_filled,3.9,96.2,100.10000000000001,0.039,0.9620000000000001,-0.10000000000000853,-0.0999000999001084
Xi Jinping out before 2027?,32338220190071351435772801779725302244575775216413325951443816017994629993401,25659310674993675562345759665114759892400026242514633218387667107987341231962,250,fully_filled,9.75,240.5,250.25,0.039,0.962,-0.25,-0.0999000999000999
Xi Jinping out before 2027?,32338220190071351435772801779725302244575775216413325951443816017994629993401,25659310674993675562345759665114759892400026242514633218387667107987341231962,500,fully_filled,19.5,481.0,500.5,0.039,0.962,-0.5,-0.0999000999000999
Xi Jinping out before 2027?,32338220190071351435772801779725302244575775216413325951443816017994629993401,25659310674993675562345759665114759892400026242514633218387667107987341231962,1000,fully_filled,39.0,962.0,1001.0,0.039,0.962,-1.0,-0.0999000999000999
Will Gavin Newsom win the 2028 Democratic presidential nomination?,54533043819946592547517511176940999955633860128497669742211153063842200957669,87854174148074652060467921081181402357467303721471806610111179101805869578687,10,fully_filled,1.56,8.45,10.01,0.156,0.845,-0.009999999999999787,-0.09990009990009778
Will Gavin Newsom win the 2028 Democratic presidential nomination?,54533043819946592547517511176940999955633860128497669742211153063842200957669,87854174148074652060467921081181402357467303721471806610111179101805869578687,50,fully_filled,7.8,42.25,50.05,0.156,0.845,-0.04999999999999716,-0.09990009990009421
Will Gavin Newsom win the 2028 Democratic presidential nomination?,54533043819946592547517511176940999955633860128497669742211153063842200957669,87854174148074652060467921081181402357467303721471806610111179101805869578687,100,fully_filled,15.6,84.5,100.1,0.156,0.845,-0.09999999999999432,-0.09990009990009421
Will Gavin Newsom win the 2028 Democratic presidential nomination?,54533043819946592547517511176940999955633860128497669742211153063842200957669,87854174148074652060467921081181402357467303721471806610111179101805869578687,250,fully_filled,39.0,211.25,250.25,0.156,0.845,-0.25,-0.0999000999000999
Will Gavin Newsom win the 2028 Democratic presidential nomination?,54533043819946592547517511176940999955633860128497669742211153063842200957669,87854174148074652060467921081181402357467303721471806610111179101805869578687,500,fully_filled,78.0,422.5,500.5,0.156,0.845,-0.5,-0.0999000999000999
Will Gavin Newsom win the 2028 Democratic presidential nomination?,54533043819946592547517511176940999955633860128497669742211153063842200957669,87854174148074652060467921081181402357467303721471806610111179101805869578687,1000,fully_filled,156.0,845.0,1001.0,0.156,0.845,-1.0,-0.0999000999000999
Will Alexandria Ocasio-Cortez win the 2028 Democratic presidential nomination?,107064985435494333113391038470401719113272800530429703182710416066774068907304,65176072261324737856085688071627118509549293922582857186996392180609764586527,10,fully_filled,1.88,8.19,10.07,0.188,0.819,-0.07000000000000028,-0.6951340615690197
Will Alexandria Ocasio-Cortez win the 2028 Democratic presidential nomination?,107064985435494333113391038470401719113272800530429703182710416066774068907304,65176072261324737856085688071627118509549293922582857186996392180609764586527,50,fully_filled,9.440000000000001,40.949999999999996,50.39,0.18880000000000002,0.819,-0.39000000000000057,-0.7739630879142698
Will Alexandria Ocasio-Cortez win the 2028 Democratic presidential nomination?,107064985435494333113391038470401719113272800530429703182710416066774068907304,65176072261324737856085688071627118509549293922582857186996392180609764586527,100,fully_filled,18.89,81.89999999999999,100.78999999999999,0.1889,0.819,-0.789999999999992,-0.7838079174521204
Will Alexandria Ocasio-Cortez win the 2028 Democratic presidential nomination?,107064985435494333113391038470401719113272800530429703182710416066774068907304,65176072261324737856085688071627118509549293922582857186996392180609764586527,250,fully_filled,47.28,204.75,252.03,0.18912,0.819,-2.030000000000001,-0.8054596674999013
Will Alexandria Ocasio-Cortez win the 2028 Democratic presidential nomination?,107064985435494333113391038470401719113272800530429703182710416066774068907304,65176072261324737856085688071627118509549293922582857186996392180609764586527,500,fully_filled,94.78,409.67712,504.45712000000003,0.18956,0.81935424,-4.457120000000032,-0.8835478424806515
Will Alexandria Ocasio-Cortez win the 2028 Democratic presidential nomination?,107064985435494333113391038470401719113272800530429703182710416066774068907304,65176072261324737856085688071627118509549293922582857186996392180609764586527,1000,fully_filled,189.78,821.4648,1011.2447999999999,0.18978,0.8214648,-11.244799999999941,-1.1119760516939066
Will Pete Buttigieg win the 2028 Democratic presidential nomination?,91031279171981959197361710127213577102576826515163085396576756946418341946256,18494065527924073750217237765784380365430319396356251245973222791140100738948,10,fully_filled,0.55,9.48,10.030000000000001,0.05500000000000001,0.9480000000000001,-0.030000000000001137,-0.2991026919242386
Will Pete Buttigieg win the 2028 Democratic presidential nomination?,91031279171981959197361710127213577102576826515163085396576756946418341946256,18494065527924073750217237765784380365430319396356251245973222791140100738948,50,fully_filled,2.75,47.4,50.15,0.055,0.948,-0.14999999999999858,-0.29910269192422445
Will Pete Buttigieg win the 2028 Democratic presidential nomination?,91031279171981959197361710127213577102576826515163085396576756946418341946256,18494065527924073750217237765784380365430319396356251245973222791140100738948,100,fully_filled,5.5,94.8,100.3,0.055,0.948,-0.29999999999999716,-0.29910269192422445
Will Pete Buttigieg win the 2028 Democratic presidential nomination?,91031279171981959197361710127213577102576826515163085396576756946418341946256,18494065527924073750217237765784380365430319396356251245973222791140100738948,250,fully_filled,13.75,237.0,250.75,0.055,0.948,-0.75,-0.29910269192422734
Will Pete Buttigieg win the 2028 Democratic presidential nomination?,91031279171981959197361710127213577102576826515163085396576756946418341946256,18494065527924073750217237765784380365430319396356251245973222791140100738948,500,fully_filled,27.5,474.13181999999995,501.63181999999995,0.055,0.9482636399999999,-1.6318199999999479,-0.32530233030272043
Will Pete Buttigieg win the 2028 Democratic presidential nomination?,91031279171981959197361710127213577102576826515163085396576756946418341946256,18494065527924073750217237765784380365430319396356251245973222791140100738948,1000,fully_filled,55.0,948.6318199999998,1003.6318199999998,0.055,0.9486318199999998,-3.631819999999834,-0.3618677614266788
Will Josh Shapiro win the 2028 Democratic presidential nomination?,71169839497420596285841847514123589847893415750912355173877524195175834054354,55290827599553280245963175724940496753557722439999671239772487781170052583987,10,fully_filled,0.59,9.43,10.02,0.059,0.943,-0.019999999999999574,-0.19960079840318934
Will Josh Shapiro win the 2028 Democratic presidential nomination?,71169839497420596285841847514123589847893415750912355173877524195175834054354,55290827599553280245963175724940496753557722439999671239772487781170052583987,50,fully_filled,2.9499999999999997,47.15,50.1,0.059,0.943,-0.10000000000000142,-0.19960079840319644
Will Josh Shapiro win the 2028 Democratic presidential nomination?,71169839497420596285841847514123589847893415750912355173877524195175834054354,55290827599553280245963175724940496753557722439999671239772487781170052583987,100,fully_filled,5.8999999999999995,94.3,100.2,0.059,0.943,-0.20000000000000284,-0.19960079840319644
Will Josh Shapiro win the 2028 Democratic presidential nomination?,71169839497420596285841847514123589847893415750912355173877524195175834054354,55290827599553280245963175724940496753557722439999671239772487781170052583987,250,fully_filled,14.75,235.75,250.5,0.059,0.943,-0.5,-0.19960079840319359
Will Josh Shapiro win the 2028 Democratic presidential nomination?,71169839497420596285841847514123589847893415750912355173877524195175834054354,55290827599553280245963175724940496753557722439999671239772487781170052583987,500,fully_filled,29.5,471.66506,501.16506,0.059,0.9433301199999999,-1.1650599999999827,-0.2324703162666573
Will Josh Shapiro win the 2028 Democratic presidential nomination?,71169839497420596285841847514123589847893415750912355173877524195175834054354,55290827599553280245963175724940496753557722439999671239772487781170052583987,1000,fully_filled,59.0,945.5553899999999,1004.5553899999999,0.059,0.94555539,-4.555389999999875,-0.45347325248037096
Will Wes Moore win the 2028 Democratic presidential nomination?,90227223115596293448966158151606153337847900483048338623540402385929720677904,105134691322323565615831879054043168027913414000042547943201361115853277749482,10,fully_filled,0.18,9.83,10.01,0.018,0.983,-0.009999999999999787,-0.09990009990009778
Will Wes Moore win the 2028 Democratic presidential nomination?,90227223115596293448966158151606153337847900483048338623540402385929720677904,105134691322323565615831879054043168027913414000042547943201361115853277749482,50,fully_filled,0.8999999999999999,49.15,50.05,0.018,0.983,-0.04999999999999716,-0.09990009990009421
Will Wes Moore win the 2028 Democratic presidential nomination?,90227223115596293448966158151606153337847900483048338623540402385929720677904,105134691322323565615831879054043168027913414000042547943201361115853277749482,100,fully_filled,1.7999999999999998,98.3,100.1,0.018,0.983,-0.09999999999999432,-0.09990009990009421
Will Wes Moore win the 2028 Democratic presidential nomination?,90227223115596293448966158151606153337847900483048338623540402385929720677904,105134691322323565615831879054043168027913414000042547943201361115853277749482,250,fully_filled,4.5,245.75,250.25,0.018,0.983,-0.25,-0.0999000999000999
Will Wes Moore win the 2028 Democratic presidential nomination?,90227223115596293448966158151606153337847900483048338623540402385929720677904,105134691322323565615831879054043168027913414000042547943201361115853277749482,500,fully_filled,9.0,491.60544000000004,500.60544000000004,0.018,0.9832108800000001,-0.6054400000000442,-0.12094155429074924
Will Wes Moore win the 2028 Democratic presidential nomination?,90227223115596293448966158151606153337847900483048338623540402385929720677904,105134691322323565615831879054043168027913414000042547943201361115853277749482,1000,fully_filled,18.0,983.60544,1001.60544,0.018,0.98360544,-1.6054400000000442,-0.1602866693695318
Will Stephen A. Smith win the 2028 Democratic presidential nomination?,60590045489347122735554346200880179420435533609307820342798544098823516727807,76005700027045000587004110133818166617024719626220722682005164003117993034812,10,fully_filled,0.02,9.99,10.01,0.002,0.999,-0.009999999999999787,-0.09990009990009778
Will Stephen A. Smith win the 2028 Democratic presidential nomination?,60590045489347122735554346200880179420435533609307820342798544098823516727807,76005700027045000587004110133818166617024719626220722682005164003117993034812,50,fully_filled,0.1,49.95,50.050000000000004,0.002,0.9990000000000001,-0.05000000000000426,-0.0999000999001084
Will Stephen A. Smith win the 2028 Democratic presidential nomination?,60590045489347122735554346200880179420435533609307820342798544098823516727807,76005700027045000587004110133818166617024719626220722682005164003117993034812,100,fully_filled,0.2,99.9,100.10000000000001,0.002,0.9990000000000001,-0.10000000000000853,-0.0999000999001084
Will Stephen A. Smith win the 2028 Democratic presidential nomination?,60590045489347122735554346200880179420435533609307820342798544098823516727807,76005700027045000587004110133818166617024719626220722682005164003117993034812,250,fully_filled,0.5,249.75,250.25,0.002,0.999,-0.25,-0.0999000999000999
Will Stephen A. Smith win the 2028 Democratic presidential nomination?,60590045489347122735554346200880179420435533609307820342798544098823516727807,76005700027045000587004110133818166617024719626220722682005164003117993034812,500,fully_filled,1.0,499.5,500.5,0.002,0.999,-0.5,-0.0999000999000999
Will Stephen A. Smith win the 2028 Democratic presidential nomination?,60590045489347122735554346200880179420435533609307820342798544098823516727807,76005700027045000587004110133818166617024719626220722682005164003117993034812,1000,fully_filled,2.0,999.0,1001.0,0.002,0.999,-1.0,-0.0999000999000999
Will Kamala Harris win the 2028 Democratic presidential nomination?,38171024903091354977195167437673496224420673639143973968032407064172828043588,26930844951471612827925270830087046333229637930899178134435055616497220846773,10,fully_filled,0.8999999999999999,9.120000000000001,10.020000000000001,0.09,0.9120000000000001,-0.02000000000000135,-0.19960079840320705
Will Kamala Harris win the 2028 Democratic presidential nomination?,38171024903091354977195167437673496224420673639143973968032407064172828043588,26930844951471612827925270830087046333229637930899178134435055616497220846773,50,fully_filled,4.5,45.6,50.1,0.09,0.912,-0.10000000000000142,-0.19960079840319644
Will Kamala Harris win the 2028 Democratic presidential nomination?,38171024903091354977195167437673496224420673639143973968032407064172828043588,26930844951471612827925270830087046333229637930899178134435055616497220846773,100,fully_filled,9.0,91.2,100.2,0.09,0.912,-0.20000000000000284,-0.19960079840319644
Will Kamala Harris win the 2028 Democratic presidential nomination?,38171024903091354977195167437673496224420673639143973968032407064172828043588,26930844951471612827925270830087046333229637930899178134435055616497220846773,250,fully_filled,22.5,228.0,250.5,0.09,0.912,-0.5,-0.19960079840319359
Will Kamala Harris win the 2028 Democratic presidential nomination?,38171024903091354977195167437673496224420673639143973968032407064172828043588,26930844951471612827925270830087046333229637930899178134435055616497220846773,500,fully_filled,45.0,456.0,501.0,0.09,0.912,-1.0,-0.19960079840319359
Will Kamala Harris win the 2028 Democratic presidential nomination?,38171024903091354977195167437673496224420673639143973968032407064172828043588,26930844951471612827925270830087046333229637930899178134435055616497220846773,1000,fully_filled,90.0,912.0,1002.0,0.09,0.912,-2.0,-0.19960079840319359
Will Gretchen Whitmer win the 2028 Democratic presidential nomination?,57761428076807364758801249497410455358987881775226117256631754592198558850468,64300336035644500626313522990854070672468621241744347587785777226296613235598,10,fully_filled,0.05,9.96,10.010000000000002,0.005,0.9960000000000001,-0.010000000000001563,-0.09990009990011549
Will Gretchen Whitmer win the 2028 Democratic presidential nomination?,57761428076807364758801249497410455358987881775226117256631754592198558850468,64300336035644500626313522990854070672468621241744347587785777226296613235598,50,fully_filled,0.25,49.8,50.05,0.005,0.996,-0.04999999999999716,-0.09990009990009421
Will Gretchen Whitmer win the 2028 Democratic presidential nomination?,57761428076807364758801249497410455358987881775226117256631754592198558850468,64300336035644500626313522990854070672468621241744347587785777226296613235598,100,fully_filled,0.5,99.6,100.1,0.005,0.996,-0.09999999999999432,-0.09990009990009421
Will Gretchen Whitmer win the 2028 Democratic presidential nomination?,57761428076807364758801249497410455358987881775226117256631754592198558850468,64300336035644500626313522990854070672468621241744347587785777226296613235598,250,fully_filled,1.3464300000000002,249.0,250.34643,0.005385720000000001,0.996,-0.346429999999998,-0.13838024372865954
Will Gretchen Whitmer win the 2028 Democratic presidential nomination?,57761428076807364758801249497410455358987881775226117256631754592198558850468,64300336035644500626313522990854070672468621241744347587785777226296613235598,500,fully_filled,2.8464300000000002,498.0,500.84643,0.00569286,0.996,-0.846429999999998,-0.1689999068177441
Will Gretchen Whitmer win the 2028 Democratic presidential nomination?,57761428076807364758801249497410455358987881775226117256631754592198558850468,64300336035644500626313522990854070672468621241744347587785777226296613235598,1000,fully_filled,5.846430000000001,996.0,1001.84643,0.0058464300000000005,0.996,-1.8464300000000549,-0.18430269796939383
Will Andy Beshear win the 2028 Democratic presidential nomination?,26468656392978559668331516709623917078428425933265692717836103090220693717685,26335362363448644358593284423242327477307616743233875606762153873424287882825,10,fully_filled,0.26,9.75,10.01,0.026000000000000002,0.975,-0.009999999999999787,-0.09990009990009778
Will Andy Beshear win the 2028 Democratic presidential nomination?,26468656392978559668331516709623917078428425933265692717836103090220693717685,26335362363448644358593284423242327477307616743233875606762153873424287882825,50,fully_filled,1.3164799999999999,48.75,50.06648,0.026329599999999998,0.975,-0.06647999999999854,-0.13278345112338344
Will Andy Beshear win the 2028 Democratic presidential nomination?,26468656392978559668331516709623917078428425933265692717836103090220693717685,26335362363448644358593284423242327477307616743233875606762153873424287882825,100,fully_filled,2.66648,97.5,100.16648,0.0266648,0.975,-0.16648000000000707,-0.16620330473827877
Will Andy Beshear win the 2028 Democratic presidential nomination?,26468656392978559668331516709623917078428425933265692717836103090220693717685,26335362363448644358593284423242327477307616743233875606762153873424287882825,250,fully_filled,6.71648,243.83987,250.55634999999998,0.026865919999999998,0.97535948,-0.5563499999999806,-0.22204585914505087
Will Andy Beshear win the 2028 Democratic presidential nomination?,26468656392978559668331516709623917078428425933265692717836103090220693717685,26335362363448644358593284423242327477307616743233875606762153873424287882825,500,fully_filled,13.46648,487.83987,501.30635,0.026932960000000002,0.97567974,-1.306350000000009,-0.2605891587050531
Will Andy Beshear win the 2028 Democratic presidential nomination?,26468656392978559668331516709623917078428425933265692717836103090220693717685,26335362363448644358593284423242327477307616743233875606762153873424287882825,1000,fully_filled,26.96648,975.83987,1002.8063500000001,0.02696648,0.97583987,-2.806350000000066,-0.2798496439517027
Will Jon Ossoff win the 2028 Democratic presidential nomination?,70071592420137476676935286377781779672157004436137616627487590484756055232944,107829893465244243112531790315844862173967342141753896250561816305880797209350,10,fully_filled,1.7199999999999998,8.29,10.009999999999998,0.172,0.829,-0.00999999999999801,-0.09990009990008003
Will Jon Ossoff win the 2028 Democratic presidential nomination?,70071592420137476676935286377781779672157004436137616627487590484756055232944,107829893465244243112531790315844862173967342141753896250561816305880797209350,50,fully_filled,8.6,41.449999999999996,50.05,0.172,0.829,-0.04999999999999716,-0.09990009990009421
Will Jon Ossoff win the 2028 Democratic presidential nomination?,70071592420137476676935286377781779672157004436137616627487590484756055232944,107829893465244243112531790315844862173967342141753896250561816305880797209350,100,fully_filled,17.2,82.89999999999999,100.1,0.172,0.829,-0.09999999999999432,-0.09990009990009421
Will Jon Ossoff win the 2028 Democratic presidential nomination?,70071592420137476676935286377781779672157004436137616627487590484756055232944,107829893465244243112531790315844862173967342141753896250561816305880797209350,250,fully_filled,43.0,207.25,250.25,0.172,0.829,-0.25,-0.0999000999000999
Will Jon Ossoff win the 2028 Democratic presidential nomination?,70071592420137476676935286377781779672157004436137616627487590484756055232944,107829893465244243112531790315844862173967342141753896250561816305880797209350,500,fully_filled,86.0,414.5,500.5,0.172,0.829,-0.5,-0.0999000999000999
Will Jon Ossoff win the 2028 Democratic presidential nomination?,70071592420137476676935286377781779672157004436137616627487590484756055232944,107829893465244243112531790315844862173967342141753896250561816305880797209350,1000,fully_filled,172.0,829.0,1001.0,0.172,0.829,-1.0,-0.0999000999000999
Will Mark Cuban win the 2028 Democratic presidential nomination?,58378309871183461257693288827678410871907006920578755035402846056315798427503,55392527126713018429304496836617506663024188480522297953714346140749923557790,10,fully_filled,0.04,9.97,10.01,0.004,0.9970000000000001,-0.009999999999999787,-0.09990009990009778
Will Mark Cuban win the 2028 Democratic presidential nomination?,58378309871183461257693288827678410871907006920578755035402846056315798427503,55392527126713018429304496836617506663024188480522297953714346140749923557790,50,fully_filled,0.2,49.85,50.050000000000004,0.004,0.997,-0.05000000000000426,-0.0999000999001084
Will Mark Cuban win the 2028 Democratic presidential nomination?,58378309871183461257693288827678410871907006920578755035402846056315798427503,55392527126713018429304496836617506663024188480522297953714346140749923557790,100,fully_filled,0.4,99.7,100.10000000000001,0.004,0.997,-0.10000000000000853,-0.0999000999001084
Will Mark Cuban win the 2028 Democratic presidential nomination?,58378309871183461257693288827678410871907006920578755035402846056315798427503,55392527126713018429304496836617506663024188480522297953714346140749923557790,250,fully_filled,1.0,249.25,250.25,0.004,0.997,-0.25,-0.0999000999000999
Will Mark Cuban win the 2028 Democratic presidential nomination?,58378309871183461257693288827678410871907006920578755035402846056315798427503,55392527126713018429304496836617506663024188480522297953714346140749923557790,500,fully_filled,2.0,498.5,500.5,0.004,0.997,-0.5,-0.0999000999000999
Will Mark Cuban win the 2028 Democratic presidential nomination?,58378309871183461257693288827678410871907006920578755035402846056315798427503,55392527126713018429304496836617506663024188480522297953714346140749923557790,1000,fully_filled,4.0,997.0,1001.0,0.004,0.997,-1.0,-0.0999000999000999
Will J.B. Pritzker win the 2028 Democratic presidential nomination?,103988345069738240821107916249290759786442703283901164377120414690701074137717,108650988487983371520585351370999192979899647080710024226285750050382033453124,10,fully_filled,0.13,9.879999999999999,10.01,0.013000000000000001,0.9879999999999999,-0.009999999999999787,-0.09990009990009778
Will J.B. Pritzker win the 2028 Democratic presidential nomination?,103988345069738240821107916249290759786442703283901164377120414690701074137717,108650988487983371520585351370999192979899647080710024226285750050382033453124,50,fully_filled,0.65,49.4,50.05,0.013000000000000001,0.988,-0.04999999999999716,-0.09990009990009421
Will J.B. Pritzker win the 2028 Democratic presidential nomination?,103988345069738240821107916249290759786442703283901164377120414690701074137717,108650988487983371520585351370999192979899647080710024226285750050382033453124,100,fully_filled,1.3,98.8,100.1,0.013000000000000001,0.988,-0.09999999999999432,-0.09990009990009421
Will J.B. Pritzker win the 2028 Democratic presidential nomination?,103988345069738240821107916249290759786442703283901164377120414690701074137717,108650988487983371520585351370999192979899647080710024226285750050382033453124,250,fully_filled,3.25,247.0,250.25,0.013,0.988,-0.25,-0.0999000999000999
Will J.B. Pritzker win the 2028 Democratic presidential nomination?,103988345069738240821107916249290759786442703283901164377120414690701074137717,108650988487983371520585351370999192979899647080710024226285750050382033453124,500,fully_filled,6.63758,494.0,500.63758,0.01327516,0.988,-0.637580000000014,-0.12735360377860847
Will J.B. Pritzker win the 2028 Democratic presidential nomination?,103988345069738240821107916249290759786442703283901164377120414690701074137717,108650988487983371520585351370999192979899647080710024226285750050382033453124,1000,fully_filled,13.63758,988.0,1001.63758,0.01363758,0.988,-1.6375799999999572,-0.1634902716010273
Will Raphael Warnock win the 2028 Democratic presidential nomination?,52310257194926233099477326083312959938983447523839326865869372741334281264830,88403451835230950222119400360490338078378790763472355557584611572247419676051,10,fully_filled,0.06,9.95,10.01,0.006,0.9949999999999999,-0.009999999999999787,-0.09990009990009778
Will Raphael Warnock win the 2028 Democratic presidential nomination?,52310257194926233099477326083312959938983447523839326865869372741334281264830,88403451835230950222119400360490338078378790763472355557584611572247419676051,50,fully_filled,0.3,49.75,50.05,0.006,0.995,-0.04999999999999716,-0.09990009990009421
Will Raphael Warnock win the 2028 Democratic presidential nomination?,52310257194926233099477326083312959938983447523839326865869372741334281264830,88403451835230950222119400360490338078378790763472355557584611572247419676051,100,fully_filled,0.6,99.5,100.1,0.006,0.995,-0.09999999999999432,-0.09990009990009421
Will Raphael Warnock win the 2028 Democratic presidential nomination?,52310257194926233099477326083312959938983447523839326865869372741334281264830,88403451835230950222119400360490338078378790763472355557584611572247419676051,250,fully_filled,1.5,248.75,250.25,0.006,0.995,-0.25,-0.0999000999000999
Will Raphael Warnock win the 2028 Democratic presidential nomination?,52310257194926233099477326083312959938983447523839326865869372741334281264830,88403451835230950222119400360490338078378790763472355557584611572247419676051,500,fully_filled,3.0,497.5,500.5,0.006,0.995,-0.5,-0.0999000999000999
Will Raphael Warnock win the 2028 Democratic presidential nomination?,52310257194926233099477326083312959938983447523839326865869372741334281264830,88403451835230950222119400360490338078378790763472355557584611572247419676051,1000,fully_filled,6.0,995.0,1001.0,0.006,0.995,-1.0,-0.0999000999000999
Will Cory Booker win the 2028 Democratic presidential nomination?,50887272939612765629559172143901565817521391945540156085421963433918821328137,29006371059590547574472177233842141554614007974283936149779962779213443973844,10,fully_filled,0.06,9.95,10.01,0.006,0.9949999999999999,-0.009999999999999787,-0.09990009990009778
Will Cory Booker win the 2028 Democratic presidential nomination?,50887272939612765629559172143901565817521391945540156085421963433918821328137,29006371059590547574472177233842141554614007974283936149779962779213443973844,50,fully_filled,0.3,49.75,50.05,0.006,0.995,-0.04999999999999716,-0.09990009990009421
Will Cory Booker win the 2028 Democratic presidential nomination?,50887272939612765629559172143901565817521391945540156085421963433918821328137,29006371059590547574472177233842141554614007974283936149779962779213443973844,100,fully_filled,0.6,99.5,100.1,0.006,0.995,-0.09999999999999432,-0.09990009990009421
Will Cory Booker win the 2028 Democratic presidential nomination?,50887272939612765629559172143901565817521391945540156085421963433918821328137,29006371059590547574472177233842141554614007974283936149779962779213443973844,250,fully_filled,1.5,248.75,250.25,0.006,0.995,-0.25,-0.0999000999000999
Will Cory Booker win the 2028 Democratic presidential nomination?,50887272939612765629559172143901565817521391945540156085421963433918821328137,29006371059590547574472177233842141554614007974283936149779962779213443973844,500,fully_filled,3.0,497.5,500.5,0.006,0.995,-0.5,-0.0999000999000999
Will Cory Booker win the 2028 Democratic presidential nomination?,50887272939612765629559172143901565817521391945540156085421963433918821328137,29006371059590547574472177233842141554614007974283936149779962779213443973844,1000,fully_filled,6.41652,995.0,1001.41652,0.00641652,0.995,-1.4165199999999913,-0.14145163093574603
Will Tim Walz win the 2028 Democratic presidential nomination?,104464678880204778606895232389511543522030897731392516718349574106843434770446,90935594925886073322524509252821043048115343298080885997215308777385571383769,10,not_fully_fillable,,,,,,,
Will Tim Walz win the 2028 Democratic presidential nomination?,104464678880204778606895232389511543522030897731392516718349574106843434770446,90935594925886073322524509252821043048115343298080885997215308777385571383769,50,not_fully_fillable,,,,,,,
Will Tim Walz win the 2028 Democratic presidential nomination?,104464678880204778606895232389511543522030897731392516718349574106843434770446,90935594925886073322524509252821043048115343298080885997215308777385571383769,100,not_fully_fillable,,,,,,,
Will Tim Walz win the 2028 Democratic presidential nomination?,104464678880204778606895232389511543522030897731392516718349574106843434770446,90935594925886073322524509252821043048115343298080885997215308777385571383769,250,not_fully_fillable,,,,,,,
Will Tim Walz win the 2028 Democratic presidential nomination?,104464678880204778606895232389511543522030897731392516718349574106843434770446,90935594925886073322524509252821043048115343298080885997215308777385571383769,500,not_fully_fillable,,,,,,,
Will Tim Walz win the 2028 Democratic presidential nomination?,104464678880204778606895232389511543522030897731392516718349574106843434770446,90935594925886073322524509252821043048115343298080885997215308777385571383769,1000,not_fully_fillable,,,,,,,
Will Michelle Obama win the 2028 Democratic presidential nomination?,83723134981785004242996949681785273460678873813693556756054904164484296299719,107146110974011455665373243296921398136854344089489911087344946921091914123046,10,fully_filled,0.03,9.98,10.01,0.003,0.998,-0.009999999999999787,-0.09990009990009778
Will Michelle Obama win the 2028 Democratic presidential nomination?,83723134981785004242996949681785273460678873813693556756054904164484296299719,107146110974011455665373243296921398136854344089489911087344946921091914123046,50,fully_filled,0.15,49.9,50.05,0.003,0.998,-0.04999999999999716,-0.09990009990009421
Will Michelle Obama win the 2028 Democratic presidential nomination?,83723134981785004242996949681785273460678873813693556756054904164484296299719,107146110974011455665373243296921398136854344089489911087344946921091914123046,100,fully_filled,0.3,99.8,100.1,0.003,0.998,-0.09999999999999432,-0.09990009990009421
Will Michelle Obama win the 2028 Democratic presidential nomination?,83723134981785004242996949681785273460678873813693556756054904164484296299719,107146110974011455665373243296921398136854344089489911087344946921091914123046,250,fully_filled,0.75,249.5,250.25,0.003,0.998,-0.25,-0.0999000999000999
Will Michelle Obama win the 2028 Democratic presidential nomination?,83723134981785004242996949681785273460678873813693556756054904164484296299719,107146110974011455665373243296921398136854344089489911087344946921091914123046,500,fully_filled,1.5,499.0,500.5,0.003,0.998,-0.5,-0.0999000999000999
Will Michelle Obama win the 2028 Democratic presidential nomination?,83723134981785004242996949681785273460678873813693556756054904164484296299719,107146110974011455665373243296921398136854344089489911087344946921091914123046,1000,fully_filled,3.0,998.0,1001.0,0.003,0.998,-1.0,-0.0999000999000999
Will Mark Kelly win the 2028 Democratic presidential nomination?,92325249719485031139867422012514654102580961954747753469470405147070256604118,5116999494213083595175041146469973274436003044730013359502912125889113751080,10,fully_filled,0.31,9.7,10.01,0.031,0.97,-0.009999999999999787,-0.09990009990009778
Will Mark Kelly win the 2028 Democratic presidential nomination?,92325249719485031139867422012514654102580961954747753469470405147070256604118,5116999494213083595175041146469973274436003044730013359502912125889113751080,50,fully_filled,1.55,48.5,50.05,0.031,0.97,-0.04999999999999716,-0.09990009990009421
Will Mark Kelly win the 2028 Democratic presidential nomination?,92325249719485031139867422012514654102580961954747753469470405147070256604118,5116999494213083595175041146469973274436003044730013359502912125889113751080,100,fully_filled,3.1,97.0,100.1,0.031,0.97,-0.09999999999999432,-0.09990009990009421
Will Mark Kelly win the 2028 Democratic presidential nomination?,92325249719485031139867422012514654102580961954747753469470405147070256604118,5116999494213083595175041146469973274436003044730013359502912125889113751080,250,fully_filled,7.75,242.59667000000002,250.34667000000002,0.031,0.9703866800000001,-0.34667000000001735,-0.1384759781306527
Will Mark Kelly win the 2028 Democratic presidential nomination?,92325249719485031139867422012514654102580961954747753469470405147070256604118,5116999494213083595175041146469973274436003044730013359502912125889113751080,500,fully_filled,15.5,485.42438999999996,500.92438999999996,0.031,0.9708487800000001,-0.9243899999999599,-0.1845368319957349
Will Mark Kelly win the 2028 Democratic presidential nomination?,92325249719485031139867422012514654102580961954747753469470405147070256604118,5116999494213083595175041146469973274436003044730013359502912125889113751080,1000,fully_filled,31.0,971.42439,1002.42439,0.031,0.97142439,-2.4243900000000167,-0.24185265484212895
Will Rahm Emanuel win the 2028 Democratic presidential nomination?,10521981432803570450946212503203364998108630328528216082760514453664705157397,91949042216127305292438280992722171735754548787382833799906976841509942727662,10,fully_filled,0.19,9.82,10.01,0.019,0.982,-0.009999999999999787,-0.09990009990009778
Will Rahm Emanuel win the 2028 Democratic presidential nomination?,10521981432803570450946212503203364998108630328528216082760514453664705157397,91949042216127305292438280992722171735754548787382833799906976841509942727662,50,fully_filled,0.95,49.1,50.050000000000004,0.019,0.982,-0.05000000000000426,-0.0999000999001084
Will Rahm Emanuel win the 2028 Democratic presidential nomination?,10521981432803570450946212503203364998108630328528216082760514453664705157397,91949042216127305292438280992722171735754548787382833799906976841509942727662,100,fully_filled,1.9,98.2,100.10000000000001,0.019,0.982,-0.10000000000000853,-0.0999000999001084
Will Rahm Emanuel win the 2028 Democratic presidential nomination?,10521981432803570450946212503203364998108630328528216082760514453664705157397,91949042216127305292438280992722171735754548787382833799906976841509942727662,250,fully_filled,4.75,245.5,250.25,0.019,0.982,-0.25,-0.0999000999000999
Will Rahm Emanuel win the 2028 Democratic presidential nomination?,10521981432803570450946212503203364998108630328528216082760514453664705157397,91949042216127305292438280992722171735754548787382833799906976841509942727662,500,fully_filled,9.5,491.0,500.5,0.019,0.982,-0.5,-0.0999000999000999
Will Rahm Emanuel win the 2028 Democratic presidential nomination?,10521981432803570450946212503203364998108630328528216082760514453664705157397,91949042216127305292438280992722171735754548787382833799906976841509942727662,1000,fully_filled,19.0,982.0,1001.0,0.019,0.982,-1.0,-0.0999000999000999
Will Gina Raimondo win the 2028 Democratic presidential nomination?,35165603539035270209469650915267170915291414186795231160733227083640059691764,82254794773423437491598574581796732934760602553828664932786984448280136473130,10,fully_filled,0.02,9.99,10.01,0.002,0.999,-0.009999999999999787,-0.09990009990009778
Will Gina Raimondo win the 2028 Democratic presidential nomination?,35165603539035270209469650915267170915291414186795231160733227083640059691764,82254794773423437491598574581796732934760602553828664932786984448280136473130,50,fully_filled,0.1,49.95,50.050000000000004,0.002,0.9990000000000001,-0.05000000000000426,-0.0999000999001084
Will Gina Raimondo win the 2028 Democratic presidential nomination?,35165603539035270209469650915267170915291414186795231160733227083640059691764,82254794773423437491598574581796732934760602553828664932786984448280136473130,100,fully_filled,0.2,99.9,100.10000000000001,0.002,0.9990000000000001,-0.10000000000000853,-0.0999000999001084
Will Gina Raimondo win the 2028 Democratic presidential nomination?,35165603539035270209469650915267170915291414186795231160733227083640059691764,82254794773423437491598574581796732934760602553828664932786984448280136473130,250,fully_filled,0.5,249.75,250.25,0.002,0.999,-0.25,-0.0999000999000999
Will Gina Raimondo win the 2028 Democratic presidential nomination?,35165603539035270209469650915267170915291414186795231160733227083640059691764,82254794773423437491598574581796732934760602553828664932786984448280136473130,500,fully_filled,1.0,499.5,500.5,0.002,0.999,-0.5,-0.0999000999000999
Will Gina Raimondo win the 2028 Democratic presidential nomination?,35165603539035270209469650915267170915291414186795231160733227083640059691764,82254794773423437491598574581796732934760602553828664932786984448280136473130,1000,fully_filled,2.0,999.0,1001.0,0.002,0.999,-1.0,-0.0999000999000999
Will Zohran Mamdani win the 2028 Democratic presidential nomination?,19323997520040734631220675039559156784534982703459512097490198935565229528445,111309365336519526711604102518316708823622751854213281307404397618571408959194,10,fully_filled,0.02,9.99,10.01,0.002,0.999,-0.009999999999999787,-0.09990009990009778
Will Zohran Mamdani win the 2028 Democratic presidential nomination?,19323997520040734631220675039559156784534982703459512097490198935565229528445,111309365336519526711604102518316708823622751854213281307404397618571408959194,50,fully_filled,0.1,49.95,50.050000000000004,0.002,0.9990000000000001,-0.05000000000000426,-0.0999000999001084
Will Zohran Mamdani win the 2028 Democratic presidential nomination?,19323997520040734631220675039559156784534982703459512097490198935565229528445,111309365336519526711604102518316708823622751854213281307404397618571408959194,100,fully_filled,0.2,99.9,100.10000000000001,0.002,0.9990000000000001,-0.10000000000000853,-0.0999000999001084
Will Zohran Mamdani win the 2028 Democratic presidential nomination?,19323997520040734631220675039559156784534982703459512097490198935565229528445,111309365336519526711604102518316708823622751854213281307404397618571408959194,250,fully_filled,0.5,249.75,250.25,0.002,0.999,-0.25,-0.0999000999000999
Will Zohran Mamdani win the 2028 Democratic presidential nomination?,19323997520040734631220675039559156784534982703459512097490198935565229528445,111309365336519526711604102518316708823622751854213281307404397618571408959194,500,fully_filled,1.0,499.5,500.5,0.002,0.999,-0.5,-0.0999000999000999
Will Zohran Mamdani win the 2028 Democratic presidential nomination?,19323997520040734631220675039559156784534982703459512097490198935565229528445,111309365336519526711604102518316708823622751854213281307404397618571408959194,1000,fully_filled,2.0,999.0,1001.0,0.002,0.999,-1.0,-0.0999000999000999
Will Roy Cooper win the 2028 Democratic presidential nomination?,30732552320006664177902085971957467957450485111214036633872573588757974348601,55053374667733007627913689484290555932799177921000957543346276204775142445823,10,fully_filled,0.02,9.99,10.01,0.002,0.999,-0.009999999999999787,-0.09990009990009778
Will Roy Cooper win the 2028 Democratic presidential nomination?,30732552320006664177902085971957467957450485111214036633872573588757974348601,55053374667733007627913689484290555932799177921000957543346276204775142445823,50,fully_filled,0.1,49.95,50.050000000000004,0.002,0.9990000000000001,-0.05000000000000426,-0.0999000999001084
Will Roy Cooper win the 2028 Democratic presidential nomination?,30732552320006664177902085971957467957450485111214036633872573588757974348601,55053374667733007627913689484290555932799177921000957543346276204775142445823,100,fully_filled,0.2,99.9,100.10000000000001,0.002,0.9990000000000001,-0.10000000000000853,-0.0999000999001084
Will Roy Cooper win the 2028 Democratic presidential nomination?,30732552320006664177902085971957467957450485111214036633872573588757974348601,55053374667733007627913689484290555932799177921000957543346276204775142445823,250,fully_filled,0.5,249.75,250.25,0.002,0.999,-0.25,-0.0999000999000999
Will Roy Cooper win the 2028 Democratic presidential nomination?,30732552320006664177902085971957467957450485111214036633872573588757974348601,55053374667733007627913689484290555932799177921000957543346276204775142445823,500,fully_filled,1.0,499.5,500.5,0.002,0.999,-0.5,-0.0999000999000999
Will Roy Cooper win the 2028 Democratic presidential nomination?,30732552320006664177902085971957467957450485111214036633872573588757974348601,55053374667733007627913689484290555932799177921000957543346276204775142445823,1000,fully_filled,2.0,999.0,1001.0,0.002,0.999,-1.0,-0.0999000999000999
Will John Fetterman win the 2028 Democratic presidential nomination?,71289010523270989807437428651002770360280908813019627976988032260868574107425,68686505966910102763700888296813272792512562699674656659355148432859571994559,10,not_fully_fillable,,,,,,,
Will John Fetterman win the 2028 Democratic presidential nomination?,71289010523270989807437428651002770360280908813019627976988032260868574107425,68686505966910102763700888296813272792512562699674656659355148432859571994559,50,not_fully_fillable,,,,,,,
Will John Fetterman win the 2028 Democratic presidential nomination?,71289010523270989807437428651002770360280908813019627976988032260868574107425,68686505966910102763700888296813272792512562699674656659355148432859571994559,100,not_fully_fillable,,,,,,,
Will John Fetterman win the 2028 Democratic presidential nomination?,71289010523270989807437428651002770360280908813019627976988032260868574107425,68686505966910102763700888296813272792512562699674656659355148432859571994559,250,not_fully_fillable,,,,,,,
Will John Fetterman win the 2028 Democratic presidential nomination?,71289010523270989807437428651002770360280908813019627976988032260868574107425,68686505966910102763700888296813272792512562699674656659355148432859571994559,500,not_fully_fillable,,,,,,,
Will John Fetterman win the 2028 Democratic presidential nomination?,71289010523270989807437428651002770360280908813019627976988032260868574107425,68686505966910102763700888296813272792512562699674656659355148432859571994559,1000,not_fully_fillable,,,,,,,
Will Jared Polis win the 2028 Democratic presidential nomination?,42119164854283656238382173699154739480090965550328051492328192273011556335098,39150381508679235943386404690610035044747196600759141560840372170757042543675,10,fully_filled,0.02,9.99,10.01,0.002,0.999,-0.009999999999999787,-0.09990009990009778
Will Jared Polis win the 2028 Democratic presidential nomination?,42119164854283656238382173699154739480090965550328051492328192273011556335098,39150381508679235943386404690610035044747196600759141560840372170757042543675,50,fully_filled,0.1,49.95,50.050000000000004,0.002,0.9990000000000001,-0.05000000000000426,-0.0999000999001084
Will Jared Polis win the 2028 Democratic presidential nomination?,42119164854283656238382173699154739480090965550328051492328192273011556335098,39150381508679235943386404690610035044747196600759141560840372170757042543675,100,fully_filled,0.2,99.9,100.10000000000001,0.002,0.9990000000000001,-0.10000000000000853,-0.0999000999001084
Will Jared Polis win the 2028 Democratic presidential nomination?,42119164854283656238382173699154739480090965550328051492328192273011556335098,39150381508679235943386404690610035044747196600759141560840372170757042543675,250,fully_filled,0.5,249.75,250.25,0.002,0.999,-0.25,-0.0999000999000999
Will Jared Polis win the 2028 Democratic presidential nomination?,42119164854283656238382173699154739480090965550328051492328192273011556335098,39150381508679235943386404690610035044747196600759141560840372170757042543675,500,fully_filled,1.0,499.5,500.5,0.002,0.999,-0.5,-0.0999000999000999
Will Jared Polis win the 2028 Democratic presidential nomination?,42119164854283656238382173699154739480090965550328051492328192273011556335098,39150381508679235943386404690610035044747196600759141560840372170757042543675,1000,fully_filled,2.0,999.0,1001.0,0.002,0.999,-1.0,-0.0999000999000999
Will Jon Stewart win the 2028 Democratic presidential nomination?,58343456405874365460518182619380252930558598368174305791768670198253267891911,84566561349071752664514432513198569980219178901068420341175150225620958953893,10,fully_filled,0.05,9.97,10.020000000000001,0.005,0.9970000000000001,-0.02000000000000135,-0.19960079840320705
Will Jon Stewart win the 2028 Democratic presidential nomination?,58343456405874365460518182619380252930558598368174305791768670198253267891911,84566561349071752664514432513198569980219178901068420341175150225620958953893,50,fully_filled,0.25,49.85,50.1,0.005,0.997,-0.10000000000000142,-0.19960079840319644
Will Jon Stewart win the 2028 Democratic presidential nomination?,58343456405874365460518182619380252930558598368174305791768670198253267891911,84566561349071752664514432513198569980219178901068420341175150225620958953893,100,fully_filled,0.5,99.7,100.2,0.005,0.997,-0.20000000000000284,-0.19960079840319644
Will Jon Stewart win the 2028 Democratic presidential nomination?,58343456405874365460518182619380252930558598368174305791768670198253267891911,84566561349071752664514432513198569980219178901068420341175150225620958953893,250,fully_filled,1.25,249.25,250.5,0.005,0.997,-0.5,-0.19960079840319359
Will Jon Stewart win the 2028 Democratic presidential nomination?,58343456405874365460518182619380252930558598368174305791768670198253267891911,84566561349071752664514432513198569980219178901068420341175150225620958953893,500,fully_filled,2.5,498.5,501.0,0.005,0.997,-1.0,-0.19960079840319359
Will Jon Stewart win the 2028 Democratic presidential nomination?,58343456405874365460518182619380252930558598368174305791768670198253267891911,84566561349071752664514432513198569980219178901068420341175150225620958953893,1000,fully_filled,5.0,997.0,1002.0,0.005,0.997,-2.0,-0.19960079840319359
Will Barack Obama win the 2028 Democratic presidential nomination?,88927218779847397120407909832537568114340511586397698395193736044476021744522,93993883668914241189795812807312922412111034935516092303580333564217329905759,10,fully_filled,0.02,9.99,10.01,0.002,0.999,-0.009999999999999787,-0.09990009990009778
Will Barack Obama win the 2028 Democratic presidential nomination?,88927218779847397120407909832537568114340511586397698395193736044476021744522,93993883668914241189795812807312922412111034935516092303580333564217329905759,50,fully_filled,0.1,49.95,50.050000000000004,0.002,0.9990000000000001,-0.05000000000000426,-0.0999000999001084
Will Barack Obama win the 2028 Democratic presidential nomination?,88927218779847397120407909832537568114340511586397698395193736044476021744522,93993883668914241189795812807312922412111034935516092303580333564217329905759,100,fully_filled,0.2,99.9,100.10000000000001,0.002,0.9990000000000001,-0.10000000000000853,-0.0999000999001084
Will Barack Obama win the 2028 Democratic presidential nomination?,88927218779847397120407909832537568114340511586397698395193736044476021744522,93993883668914241189795812807312922412111034935516092303580333564217329905759,250,fully_filled,0.5,249.75,250.25,0.002,0.999,-0.25,-0.0999000999000999
Will Barack Obama win the 2028 Democratic presidential nomination?,88927218779847397120407909832537568114340511586397698395193736044476021744522,93993883668914241189795812807312922412111034935516092303580333564217329905759,500,fully_filled,1.0,499.5,500.5,0.002,0.999,-0.5,-0.0999000999000999
Will Barack Obama win the 2028 Democratic presidential nomination?,88927218779847397120407909832537568114340511586397698395193736044476021744522,93993883668914241189795812807312922412111034935516092303580333564217329905759,1000,fully_filled,2.0,999.0,1001.0,0.002,0.999,-1.0,-0.0999000999000999
Will Hillary Clinton win the 2028 Democratic presidential nomination?,6349038249650226718426900942104344803413105653564595362433352811865798195800,57931882677606943294773135604094039468334392354204920135953322654005083822055,10,fully_filled,0.04,9.98,10.02,0.004,0.998,-0.019999999999999574,-0.19960079840318934
Will Hillary Clinton win the 2028 Democratic presidential nomination?,6349038249650226718426900942104344803413105653564595362433352811865798195800,57931882677606943294773135604094039468334392354204920135953322654005083822055,50,fully_filled,0.2,49.9,50.1,0.004,0.998,-0.10000000000000142,-0.19960079840319644
Will Hillary Clinton win the 2028 Democratic presidential nomination?,6349038249650226718426900942104344803413105653564595362433352811865798195800,57931882677606943294773135604094039468334392354204920135953322654005083822055,100,fully_filled,0.4,99.8,100.2,0.004,0.998,-0.20000000000000284,-0.19960079840319644
Will Hillary Clinton win the 2028 Democratic presidential nomination?,6349038249650226718426900942104344803413105653564595362433352811865798195800,57931882677606943294773135604094039468334392354204920135953322654005083822055,250,fully_filled,1.0,249.5,250.5,0.004,0.998,-0.5,-0.19960079840319359
Will Hillary Clinton win the 2028 Democratic presidential nomination?,6349038249650226718426900942104344803413105653564595362433352811865798195800,57931882677606943294773135604094039468334392354204920135953322654005083822055,500,fully_filled,2.0,499.25,501.25,0.004,0.9985,-1.25,-0.24937655860349126
Will Hillary Clinton win the 2028 Democratic presidential nomination?,6349038249650226718426900942104344803413105653564595362433352811865798195800,57931882677606943294773135604094039468334392354204920135953322654005083822055,1000,fully_filled,4.0,998.75,1002.75,0.004,0.99875,-2.75,-0.2742458239840439
Will Liz Cheney win the 2028 Democratic presidential nomination?,41340056280794024415573839406074658402877379128871144681466050648033201160259,63802361760137863513735993346883582181207639895442036953936089060482564982249,10,not_fully_fillable,,,,,,,
Will Liz Cheney win the 2028 Democratic presidential nomination?,41340056280794024415573839406074658402877379128871144681466050648033201160259,63802361760137863513735993346883582181207639895442036953936089060482564982249,50,not_fully_fillable,,,,,,,
Will Liz Cheney win the 2028 Democratic presidential nomination?,41340056280794024415573839406074658402877379128871144681466050648033201160259,63802361760137863513735993346883582181207639895442036953936089060482564982249,100,not_fully_fillable,,,,,,,
Will Liz Cheney win the 2028 Democratic presidential nomination?,41340056280794024415573839406074658402877379128871144681466050648033201160259,63802361760137863513735993346883582181207639895442036953936089060482564982249,250,not_fully_fillable,,,,,,,
Will Liz Cheney win the 2028 Democratic presidential nomination?,41340056280794024415573839406074658402877379128871144681466050648033201160259,63802361760137863513735993346883582181207639895442036953936089060482564982249,500,not_fully_fillable,,,,,,,
Will Liz Cheney win the 2028 Democratic presidential nomination?,41340056280794024415573839406074658402877379128871144681466050648033201160259,63802361760137863513735993346883582181207639895442036953936089060482564982249,1000,not_fully_fillable,,,,,,,
Will Bernie Sanders win the 2028 Democratic presidential nomination?,113510300123120868861281132282742729065975487298059944817273881893086209196585,3444964147133304300560138317203877470064591148213906708394693248804691192318,10,fully_filled,0.05,9.96,10.010000000000002,0.005,0.9960000000000001,-0.010000000000001563,-0.09990009990011549
Will Bernie Sanders win the 2028 Democratic presidential nomination?,113510300123120868861281132282742729065975487298059944817273881893086209196585,3444964147133304300560138317203877470064591148213906708394693248804691192318,50,fully_filled,0.25,49.8,50.05,0.005,0.996,-0.04999999999999716,-0.09990009990009421
Will Bernie Sanders win the 2028 Democratic presidential nomination?,113510300123120868861281132282742729065975487298059944817273881893086209196585,3444964147133304300560138317203877470064591148213906708394693248804691192318,100,fully_filled,0.5,99.6,100.1,0.005,0.996,-0.09999999999999432,-0.09990009990009421
Will Bernie Sanders win the 2028 Democratic presidential nomination?,113510300123120868861281132282742729065975487298059944817273881893086209196585,3444964147133304300560138317203877470064591148213906708394693248804691192318,250,fully_filled,1.25,249.0,250.25,0.005,0.996,-0.25,-0.0999000999000999
Will Bernie Sanders win the 2028 Democratic presidential nomination?,113510300123120868861281132282742729065975487298059944817273881893086209196585,3444964147133304300560138317203877470064591148213906708394693248804691192318,500,fully_filled,2.5,498.0,500.5,0.005,0.996,-0.5,-0.0999000999000999
Will Bernie Sanders win the 2028 Democratic presidential nomination?,113510300123120868861281132282742729065975487298059944817273881893086209196585,3444964147133304300560138317203877470064591148213906708394693248804691192318,1000,fully_filled,5.0,996.0,1001.0,0.005,0.996,-1.0,-0.0999000999000999
Will Phil Murphy win the 2028 Democratic presidential nomination?,81633484456710374417231462107666791993850637546563366185897100962157481970040,114507466536734360808195115190160357255467689128176113085692265197019898971527,10,fully_filled,0.02,9.99,10.01,0.002,0.999,-0.009999999999999787,-0.09990009990009778
Will Phil Murphy win the 2028 Democratic presidential nomination?,81633484456710374417231462107666791993850637546563366185897100962157481970040,114507466536734360808195115190160357255467689128176113085692265197019898971527,50,fully_filled,0.1,49.95,50.050000000000004,0.002,0.9990000000000001,-0.05000000000000426,-0.0999000999001084
Will Phil Murphy win the 2028 Democratic presidential nomination?,81633484456710374417231462107666791993850637546563366185897100962157481970040,114507466536734360808195115190160357255467689128176113085692265197019898971527,100,fully_filled,0.2,99.9,100.10000000000001,0.002,0.9990000000000001,-0.10000000000000853,-0.0999000999001084
Will Phil Murphy win the 2028 Democratic presidential nomination?,81633484456710374417231462107666791993850637546563366185897100962157481970040,114507466536734360808195115190160357255467689128176113085692265197019898971527,250,fully_filled,0.5,249.75,250.25,0.002,0.999,-0.25,-0.0999000999000999
Will Phil Murphy win the 2028 Democratic presidential nomination?,81633484456710374417231462107666791993850637546563366185897100962157481970040,114507466536734360808195115190160357255467689128176113085692265197019898971527,500,fully_filled,1.0,499.5,500.5,0.002,0.999,-0.5,-0.0999000999000999
Will Phil Murphy win the 2028 Democratic presidential nomination?,81633484456710374417231462107666791993850637546563366185897100962157481970040,114507466536734360808195115190160357255467689128176113085692265197019898971527,1000,fully_filled,2.0,999.0,1001.0,0.002,0.999,-1.0,-0.0999000999000999
Will LeBron James win the 2028 Democratic presidential nomination?,100561779829530520068956424581003844045516012444425572625523659025114550346085,46254744034025107660239982269249567113656697231872036621777316158933638064598,10,not_fully_fillable,,,,,,,
Will LeBron James win the 2028 Democratic presidential nomination?,100561779829530520068956424581003844045516012444425572625523659025114550346085,46254744034025107660239982269249567113656697231872036621777316158933638064598,50,not_fully_fillable,,,,,,,
Will LeBron James win the 2028 Democratic presidential nomination?,100561779829530520068956424581003844045516012444425572625523659025114550346085,46254744034025107660239982269249567113656697231872036621777316158933638064598,100,not_fully_fillable,,,,,,,
Will LeBron James win the 2028 Democratic presidential nomination?,100561779829530520068956424581003844045516012444425572625523659025114550346085,46254744034025107660239982269249567113656697231872036621777316158933638064598,250,not_fully_fillable,,,,,,,
Will LeBron James win the 2028 Democratic presidential nomination?,100561779829530520068956424581003844045516012444425572625523659025114550346085,46254744034025107660239982269249567113656697231872036621777316158933638064598,500,not_fully_fillable,,,,,,,
Will LeBron James win the 2028 Democratic presidential nomination?,100561779829530520068956424581003844045516012444425572625523659025114550346085,46254744034025107660239982269249567113656697231872036621777316158933638064598,1000,not_fully_fillable,,,,,,,
Will Hunter Biden win the 2028 Democratic presidential nomination?,11343337042526652606304508556838778144915122118685013460142819817079620240439,19117858613830240204442128472263675815111662346578092643025820800380629933012,10,fully_filled,0.05,9.96,10.010000000000002,0.005,0.9960000000000001,-0.010000000000001563,-0.09990009990011549
Will Hunter Biden win the 2028 Democratic presidential nomination?,11343337042526652606304508556838778144915122118685013460142819817079620240439,19117858613830240204442128472263675815111662346578092643025820800380629933012,50,fully_filled,0.25,49.8,50.05,0.005,0.996,-0.04999999999999716,-0.09990009990009421
Will Hunter Biden win the 2028 Democratic presidential nomination?,11343337042526652606304508556838778144915122118685013460142819817079620240439,19117858613830240204442128472263675815111662346578092643025820800380629933012,100,fully_filled,0.5327500000000001,99.6,100.13274999999999,0.005327500000000001,0.996,-0.13274999999998727,-0.1325740080043615
Will Hunter Biden win the 2028 Democratic presidential nomination?,11343337042526652606304508556838778144915122118685013460142819817079620240439,19117858613830240204442128472263675815111662346578092643025820800380629933012,250,fully_filled,1.43275,249.0,250.43275,0.005731,0.996,-0.43274999999999864,-0.17280088167382207
Will Hunter Biden win the 2028 Democratic presidential nomination?,11343337042526652606304508556838778144915122118685013460142819817079620240439,19117858613830240204442128472263675815111662346578092643025820800380629933012,500,fully_filled,2.9327500000000004,498.0,500.93275,0.005865500000000001,0.996,-0.9327499999999986,-0.18620263897698816
Will Hunter Biden win the 2028 Democratic presidential nomination?,11343337042526652606304508556838778144915122118685013460142819817079620240439,19117858613830240204442128472263675815111662346578092643025820800380629933012,1000,fully_filled,5.9327499999999995,996.0,1001.93275,0.00593275,0.996,-1.9327500000000555,-0.1929021683341577
Will George Clooney win the 2028 Democratic presidential nomination?,48218088132821386640274752564592889805082274744128282833036735027928992155024,5645396948464928632054207670692862818297222862819597089648758232622731040046,10,not_fully_fillable,,,,,,,
Will George Clooney win the 2028 Democratic presidential nomination?,48218088132821386640274752564592889805082274744128282833036735027928992155024,5645396948464928632054207670692862818297222862819597089648758232622731040046,50,not_fully_fillable,,,,,,,
Will George Clooney win the 2028 Democratic presidential nomination?,48218088132821386640274752564592889805082274744128282833036735027928992155024,5645396948464928632054207670692862818297222862819597089648758232622731040046,100,not_fully_fillable,,,,,,,
Will George Clooney win the 2028 Democratic presidential nomination?,48218088132821386640274752564592889805082274744128282833036735027928992155024,5645396948464928632054207670692862818297222862819597089648758232622731040046,250,not_fully_fillable,,,,,,,
Will George Clooney win the 2028 Democratic presidential nomination?,48218088132821386640274752564592889805082274744128282833036735027928992155024,5645396948464928632054207670692862818297222862819597089648758232622731040046,500,not_fully_fillable,,,,,,,
Will George Clooney win the 2028 Democratic presidential nomination?,48218088132821386640274752564592889805082274744128282833036735027928992155024,5645396948464928632054207670692862818297222862819597089648758232622731040046,1000,not_fully_fillable,,,,,,,
Will Chelsea Clinton win the 2028 Democratic presidential nomination?,46211769122513729244602558513001215391004042100934296321661285791281233261657,76057920052421891902791411567177996435483774677774664174053982044923692373687,10,fully_filled,0.07900000000000001,9.94,10.019,0.0079,0.994,-0.019000000000000128,-0.18963968459926267
Will Chelsea Clinton win the 2028 Democratic presidential nomination?,46211769122513729244602558513001215391004042100934296321661285791281233261657,76057920052421891902791411567177996435483774677774664174053982044923692373687,50,fully_filled,0.399,49.7,50.099000000000004,0.007980000000000001,0.9940000000000001,-0.09900000000000375,-0.197608734705291
Will Chelsea Clinton win the 2028 Democratic presidential nomination?,46211769122513729244602558513001215391004042100934296321661285791281233261657,76057920052421891902791411567177996435483774677774664174053982044923692373687,100,fully_filled,0.799,99.4,100.19900000000001,0.00799,0.9940000000000001,-0.19900000000001228,-0.1986047764947876
Will Chelsea Clinton win the 2028 Democratic presidential nomination?,46211769122513729244602558513001215391004042100934296321661285791281233261657,76057920052421891902791411567177996435483774677774664174053982044923692373687,250,fully_filled,1.9989999999999999,248.5,250.499,0.007996,0.994,-0.4989999999999952,-0.19920239202551515
Will Chelsea Clinton win the 2028 Democratic presidential nomination?,46211769122513729244602558513001215391004042100934296321661285791281233261657,76057920052421891902791411567177996435483774677774664174053982044923692373687,500,fully_filled,3.999,497.18374,501.18274,0.007998,0.99436748,-1.1827400000000239,-0.23598977091669673
Will Chelsea Clinton win the 2028 Democratic presidential nomination?,46211769122513729244602558513001215391004042100934296321661285791281233261657,76057920052421891902791411567177996435483774677774664174053982044923692373687,1000,fully_filled,7.999,994.68374,1002.68274,0.007999,0.9946837399999999,-2.682739999999967,-0.26755621623645054
Will MrBeast win the 2028 Democratic presidential nomination?,51035537065442638321333063915918274102446051033989435618245745345113522914516,93910251767329056141706007839545721784238465183449597462421810827705938093892,10,not_fully_fillable,,,,,,,
Will MrBeast win the 2028 Democratic presidential nomination?,51035537065442638321333063915918274102446051033989435618245745345113522914516,93910251767329056141706007839545721784238465183449597462421810827705938093892,50,not_fully_fillable,,,,,,,
Will MrBeast win the 2028 Democratic presidential nomination?,51035537065442638321333063915918274102446051033989435618245745345113522914516,93910251767329056141706007839545721784238465183449597462421810827705938093892,100,not_fully_fillable,,,,,,,
Will MrBeast win the 2028 Democratic presidential nomination?,51035537065442638321333063915918274102446051033989435618245745345113522914516,93910251767329056141706007839545721784238465183449597462421810827705938093892,250,not_fully_fillable,,,,,,,
Will MrBeast win the 2028 Democratic presidential nomination?,51035537065442638321333063915918274102446051033989435618245745345113522914516,93910251767329056141706007839545721784238465183449597462421810827705938093892,500,not_fully_fillable,,,,,,,
Will MrBeast win the 2028 Democratic presidential nomination?,51035537065442638321333063915918274102446051033989435618245745345113522914516,93910251767329056141706007839545721784238465183449597462421810827705938093892,1000,not_fully_fillable,,,,,,,
Will Dwayne 'The Rock' Johnson win the 2028 Democratic presidential nomination?,40963724357262746498642320898188195118391211877976821531149510360187173789737,14959910401705469574520698331840889689202579612030624016640567510369602599866,10,fully_filled,0.12,9.89,10.01,0.012,0.9890000000000001,-0.009999999999999787,-0.09990009990009778
Will Dwayne 'The Rock' Johnson win the 2028 Democratic presidential nomination?,40963724357262746498642320898188195118391211877976821531149510360187173789737,14959910401705469574520698331840889689202579612030624016640567510369602599866,50,fully_filled,0.6,49.45,50.050000000000004,0.012,0.9890000000000001,-0.05000000000000426,-0.0999000999001084
Will Dwayne 'The Rock' Johnson win the 2028 Democratic presidential nomination?,40963724357262746498642320898188195118391211877976821531149510360187173789737,14959910401705469574520698331840889689202579612030624016640567510369602599866,100,fully_filled,1.2,99.02,100.22,0.012,0.9902,-0.21999999999999886,-0.21951706246258118
Will Dwayne 'The Rock' Johnson win the 2028 Democratic presidential nomination?,40963724357262746498642320898188195118391211877976821531149510360187173789737,14959910401705469574520698331840889689202579612030624016640567510369602599866,250,fully_filled,3.0,247.92978,250.92978,0.012,0.99171912,-0.9297799999999938,-0.3705339398137574
Will Dwayne 'The Rock' Johnson win the 2028 Democratic presidential nomination?,40963724357262746498642320898188195118391211877976821531149510360187173789737,14959910401705469574520698331840889689202579612030624016640567510369602599866,500,fully_filled,6.0,496.58361,502.58361,0.012,0.99316722,-2.5836100000000215,-0.5140657093851552
Will Dwayne 'The Rock' Johnson win the 2028 Democratic presidential nomination?,40963724357262746498642320898188195118391211877976821531149510360187173789737,14959910401705469574520698331840889689202579612030624016640567510369602599866,1000,fully_filled,12.0,994.91318,1006.91318,0.012,0.9949131800000001,-6.913180000000011,-0.6865716068986217
Will Oprah Winfrey win the 2028 Democratic presidential nomination?,2213957649161627793381994368131485505647723208738124952452819345058597751695,44046525152074436753629616217525652949736205933417533647338274649282385796755,10,not_fully_fillable,,,,,,,
Will Oprah Winfrey win the 2028 Democratic presidential nomination?,2213957649161627793381994368131485505647723208738124952452819345058597751695,44046525152074436753629616217525652949736205933417533647338274649282385796755,50,not_fully_fillable,,,,,,,
Will Oprah Winfrey win the 2028 Democratic presidential nomination?,2213957649161627793381994368131485505647723208738124952452819345058597751695,44046525152074436753629616217525652949736205933417533647338274649282385796755,100,not_fully_fillable,,,,,,,
Will Oprah Winfrey win the 2028 Democratic presidential nomination?,2213957649161627793381994368131485505647723208738124952452819345058597751695,44046525152074436753629616217525652949736205933417533647338274649282385796755,250,not_fully_fillable,,,,,,,
Will Oprah Winfrey win the 2028 Democratic presidential nomination?,2213957649161627793381994368131485505647723208738124952452819345058597751695,44046525152074436753629616217525652949736205933417533647338274649282385796755,500,not_fully_fillable,,,,,,,
Will Oprah Winfrey win the 2028 Democratic presidential nomination?,2213957649161627793381994368131485505647723208738124952452819345058597751695,44046525152074436753629616217525652949736205933417533647338274649282385796755,1000,not_fully_fillable,,,,,,,
Will Andrew Yang win the 2028 Democratic presidential nomination?,102504892414163237174864879683522880588750452841477290216845150938663289742135,21234886083000978203440582985665409733123024063268807484684316771005736994028,10,fully_filled,0.02,9.99,10.01,0.002,0.999,-0.009999999999999787,-0.09990009990009778
Will Andrew Yang win the 2028 Democratic presidential nomination?,102504892414163237174864879683522880588750452841477290216845150938663289742135,21234886083000978203440582985665409733123024063268807484684316771005736994028,50,fully_filled,0.1,49.95,50.050000000000004,0.002,0.9990000000000001,-0.05000000000000426,-0.0999000999001084
Will Andrew Yang win the 2028 Democratic presidential nomination?,102504892414163237174864879683522880588750452841477290216845150938663289742135,21234886083000978203440582985665409733123024063268807484684316771005736994028,100,fully_filled,0.2,99.9,100.10000000000001,0.002,0.9990000000000001,-0.10000000000000853,-0.0999000999001084
Will Andrew Yang win the 2028 Democratic presidential nomination?,102504892414163237174864879683522880588750452841477290216845150938663289742135,21234886083000978203440582985665409733123024063268807484684316771005736994028,250,fully_filled,0.5,249.75,250.25,0.002,0.999,-0.25,-0.0999000999000999
Will Andrew Yang win the 2028 Democratic presidential nomination?,102504892414163237174864879683522880588750452841477290216845150938663289742135,21234886083000978203440582985665409733123024063268807484684316771005736994028,500,fully_filled,1.0,499.5,500.5,0.002,0.999,-0.5,-0.0999000999000999
Will Andrew Yang win the 2028 Democratic presidential nomination?,102504892414163237174864879683522880588750452841477290216845150938663289742135,21234886083000978203440582985665409733123024063268807484684316771005736994028,1000,fully_filled,2.0,999.0,1001.0,0.002,0.999,-1.0,-0.0999000999000999
Will Beto O’Rourke win the 2028 Democratic presidential nomination?,37126434962149084556522721025504254258386171468763869879755961635390358765833,2426274669138238576933962603416907393958833898063513872892433203206006096668,10,not_fully_fillable,,,,,,,
Will Beto O’Rourke win the 2028 Democratic presidential nomination?,37126434962149084556522721025504254258386171468763869879755961635390358765833,2426274669138238576933962603416907393958833898063513872892433203206006096668,50,not_fully_fillable,,,,,,,
Will Beto O’Rourke win the 2028 Democratic presidential nomination?,37126434962149084556522721025504254258386171468763869879755961635390358765833,2426274669138238576933962603416907393958833898063513872892433203206006096668,100,not_fully_fillable,,,,,,,
Will Beto O’Rourke win the 2028 Democratic presidential nomination?,37126434962149084556522721025504254258386171468763869879755961635390358765833,2426274669138238576933962603416907393958833898063513872892433203206006096668,250,not_fully_fillable,,,,,,,
Will Beto O’Rourke win the 2028 Democratic presidential nomination?,37126434962149084556522721025504254258386171468763869879755961635390358765833,2426274669138238576933962603416907393958833898063513872892433203206006096668,500,not_fully_fillable,,,,,,,
Will Beto O’Rourke win the 2028 Democratic presidential nomination?,37126434962149084556522721025504254258386171468763869879755961635390358765833,2426274669138238576933962603416907393958833898063513872892433203206006096668,1000,not_fully_fillable,,,,,,,
Will Kim Kardashian win the 2028 Democratic presidential nomination?,55087250670040717711131370018408221134109122974378698780636020561523521220754,108145967398435925971960442906832714254932011684365058146885679351681137451999,10,not_fully_fillable,,,,,,,
Will Kim Kardashian win the 2028 Democratic presidential nomination?,55087250670040717711131370018408221134109122974378698780636020561523521220754,108145967398435925971960442906832714254932011684365058146885679351681137451999,50,not_fully_fillable,,,,,,,
Will Kim Kardashian win the 2028 Democratic presidential nomination?,55087250670040717711131370018408221134109122974378698780636020561523521220754,108145967398435925971960442906832714254932011684365058146885679351681137451999,100,not_fully_fillable,,,,,,,
Will Kim Kardashian win the 2028 Democratic presidential nomination?,55087250670040717711131370018408221134109122974378698780636020561523521220754,108145967398435925971960442906832714254932011684365058146885679351681137451999,250,not_fully_fillable,,,,,,,
Will Kim Kardashian win the 2028 Democratic presidential nomination?,55087250670040717711131370018408221134109122974378698780636020561523521220754,108145967398435925971960442906832714254932011684365058146885679351681137451999,500,not_fully_fillable,,,,,,,
Will Kim Kardashian win the 2028 Democratic presidential nomination?,55087250670040717711131370018408221134109122974378698780636020561523521220754,108145967398435925971960442906832714254932011684365058146885679351681137451999,1000,not_fully_fillable,,,,,,,
Will Chris Murphy win the 2028 Democratic presidential nomination?,8815924480259634499011776432080696931704057619336093802050596292915996723758,45099054006923138281311463758770234951153596952213440096254242321807308634603,10,fully_filled,0.05,9.96,10.010000000000002,0.005,0.9960000000000001,-0.010000000000001563,-0.09990009990011549
Will Chris Murphy win the 2028 Democratic presidential nomination?,8815924480259634499011776432080696931704057619336093802050596292915996723758,45099054006923138281311463758770234951153596952213440096254242321807308634603,50,fully_filled,0.25,49.8,50.05,0.005,0.996,-0.04999999999999716,-0.09990009990009421
Will Chris Murphy win the 2028 Democratic presidential nomination?,8815924480259634499011776432080696931704057619336093802050596292915996723758,45099054006923138281311463758770234951153596952213440096254242321807308634603,100,fully_filled,0.5,99.6,100.1,0.005,0.996,-0.09999999999999432,-0.09990009990009421
Will Chris Murphy win the 2028 Democratic presidential nomination?,8815924480259634499011776432080696931704057619336093802050596292915996723758,45099054006923138281311463758770234951153596952213440096254242321807308634603,250,fully_filled,1.25,249.0,250.25,0.005,0.996,-0.25,-0.0999000999000999
Will Chris Murphy win the 2028 Democratic presidential nomination?,8815924480259634499011776432080696931704057619336093802050596292915996723758,45099054006923138281311463758770234951153596952213440096254242321807308634603,500,fully_filled,2.5,498.0,500.5,0.005,0.996,-0.5,-0.0999000999000999
Will Chris Murphy win the 2028 Democratic presidential nomination?,8815924480259634499011776432080696931704057619336093802050596292915996723758,45099054006923138281311463758770234951153596952213440096254242321807308634603,1000,fully_filled,5.0,996.0,1001.0,0.005,0.996,-1.0,-0.0999000999000999
Will Jasmine Crockett win the 2028 Democratic presidential nomination?,22103094389913052942362639589409218272323168761614999702665821259175535456835,10893367019711826592833821276710094799225035200719824531380610476790390190688,10,fully_filled,0.02,9.99,10.01,0.002,0.999,-0.009999999999999787,-0.09990009990009778
Will Jasmine Crockett win the 2028 Democratic presidential nomination?,22103094389913052942362639589409218272323168761614999702665821259175535456835,10893367019711826592833821276710094799225035200719824531380610476790390190688,50,fully_filled,0.1,49.95,50.050000000000004,0.002,0.9990000000000001,-0.05000000000000426,-0.0999000999001084
Will Jasmine Crockett win the 2028 Democratic presidential nomination?,22103094389913052942362639589409218272323168761614999702665821259175535456835,10893367019711826592833821276710094799225035200719824531380610476790390190688,100,fully_filled,0.2,99.9,100.10000000000001,0.002,0.9990000000000001,-0.10000000000000853,-0.0999000999001084
Will Jasmine Crockett win the 2028 Democratic presidential nomination?,22103094389913052942362639589409218272323168761614999702665821259175535456835,10893367019711826592833821276710094799225035200719824531380610476790390190688,250,fully_filled,0.5,249.75,250.25,0.002,0.999,-0.25,-0.0999000999000999
Will Jasmine Crockett win the 2028 Democratic presidential nomination?,22103094389913052942362639589409218272323168761614999702665821259175535456835,10893367019711826592833821276710094799225035200719824531380610476790390190688,500,fully_filled,1.0,499.5,500.5,0.002,0.999,-0.5,-0.0999000999000999
Will Jasmine Crockett win the 2028 Democratic presidential nomination?,22103094389913052942362639589409218272323168761614999702665821259175535456835,10893367019711826592833821276710094799225035200719824531380610476790390190688,1000,fully_filled,2.0,999.0,1001.0,0.002,0.999,-1.0,-0.0999000999000999
Will Ruben Gallego win the 2028 Democratic presidential nomination?,94658518227479141344875476648819337938746150529318297759951212169676959854478,89549550119611798541187132573193884477265258658615163602217456913355320927577,10,fully_filled,0.02,9.99,10.01,0.002,0.999,-0.009999999999999787,-0.09990009990009778
Will Ruben Gallego win the 2028 Democratic presidential nomination?,94658518227479141344875476648819337938746150529318297759951212169676959854478,89549550119611798541187132573193884477265258658615163602217456913355320927577,50,fully_filled,0.1,49.95,50.050000000000004,0.002,0.9990000000000001,-0.05000000000000426,-0.0999000999001084
Will Ruben Gallego win the 2028 Democratic presidential nomination?,94658518227479141344875476648819337938746150529318297759951212169676959854478,89549550119611798541187132573193884477265258658615163602217456913355320927577,100,fully_filled,0.2,99.9,100.10000000000001,0.002,0.9990000000000001,-0.10000000000000853,-0.0999000999001084
Will Ruben Gallego win the 2028 Democratic presidential nomination?,94658518227479141344875476648819337938746150529318297759951212169676959854478,89549550119611798541187132573193884477265258658615163602217456913355320927577,250,fully_filled,0.5,249.75,250.25,0.002,0.999,-0.25,-0.0999000999000999
Will Ruben Gallego win the 2028 Democratic presidential nomination?,94658518227479141344875476648819337938746150529318297759951212169676959854478,89549550119611798541187132573193884477265258658615163602217456913355320927577,500,fully_filled,1.0,499.5,500.5,0.002,0.999,-0.5,-0.0999000999000999
Will Ruben Gallego win the 2028 Democratic presidential nomination?,94658518227479141344875476648819337938746150529318297759951212169676959854478,89549550119611798541187132573193884477265258658615163602217456913355320927577,1000,fully_filled,2.0,999.0,1001.0,0.002,0.999,-1.0,-0.0999000999000999
Will Ro Khanna win the 2028 Democratic presidential nomination?,20374050108659687356429749447884880983779889840007423115803042125707701269498,2610336024939503976910443133965525155112118948066646227040491461288298872236,10,fully_filled,0.14,9.87,10.01,0.014000000000000002,0.9869999999999999,-0.009999999999999787,-0.09990009990009778
Will Ro Khanna win the 2028 Democratic presidential nomination?,20374050108659687356429749447884880983779889840007423115803042125707701269498,2610336024939503976910443133965525155112118948066646227040491461288298872236,50,fully_filled,0.7000000000000001,49.35,50.050000000000004,0.014000000000000002,0.987,-0.05000000000000426,-0.0999000999001084
Will Ro Khanna win the 2028 Democratic presidential nomination?,20374050108659687356429749447884880983779889840007423115803042125707701269498,2610336024939503976910443133965525155112118948066646227040491461288298872236,100,fully_filled,1.4000000000000001,98.7,100.10000000000001,0.014000000000000002,0.987,-0.10000000000000853,-0.0999000999001084
Will Ro Khanna win the 2028 Democratic presidential nomination?,20374050108659687356429749447884880983779889840007423115803042125707701269498,2610336024939503976910443133965525155112118948066646227040491461288298872236,250,fully_filled,3.5,246.75,250.25,0.014,0.987,-0.25,-0.0999000999000999
Will Ro Khanna win the 2028 Democratic presidential nomination?,20374050108659687356429749447884880983779889840007423115803042125707701269498,2610336024939503976910443133965525155112118948066646227040491461288298872236,500,fully_filled,7.0,493.5,500.5,0.014,0.987,-0.5,-0.0999000999000999
Will Ro Khanna win the 2028 Democratic presidential nomination?,20374050108659687356429749447884880983779889840007423115803042125707701269498,2610336024939503976910443133965525155112118948066646227040491461288298872236,1000,fully_filled,14.0,987.0,1001.0,0.014,0.987,-1.0,-0.0999000999000999
Will James Talarico win the 2028 Democratic presidential nomination?,52535923606561722941567320365820395300598958985353103429657683100920373025261,20643805904661385280242837899001038341346631607217619709766724611396929658707,10,fully_filled,0.25,9.76,10.01,0.025,0.976,-0.009999999999999787,-0.09990009990009778
Will James Talarico win the 2028 Democratic presidential nomination?,52535923606561722941567320365820395300598958985353103429657683100920373025261,20643805904661385280242837899001038341346631607217619709766724611396929658707,50,fully_filled,1.25,48.8,50.05,0.025,0.976,-0.04999999999999716,-0.09990009990009421
Will James Talarico win the 2028 Democratic presidential nomination?,52535923606561722941567320365820395300598958985353103429657683100920373025261,20643805904661385280242837899001038341346631607217619709766724611396929658707,100,fully_filled,2.5,97.6,100.1,0.025,0.976,-0.09999999999999432,-0.09990009990009421
Will James Talarico win the 2028 Democratic presidential nomination?,52535923606561722941567320365820395300598958985353103429657683100920373025261,20643805904661385280242837899001038341346631607217619709766724611396929658707,250,fully_filled,6.25,244.02193,250.27193,0.025,0.97608772,-0.27192999999999756,-0.10865381507226862
Will James Talarico win the 2028 Democratic presidential nomination?,52535923606561722941567320365820395300598958985353103429657683100920373025261,20643805904661385280242837899001038341346631607217619709766724611396929658707,500,fully_filled,12.5,488.27193,500.77193,0.025,0.97654386,-0.7719299999999976,-0.1541480170424084
Will James Talarico win the 2028 Democratic presidential nomination?,52535923606561722941567320365820395300598958985353103429657683100920373025261,20643805904661385280242837899001038341346631607217619709766724611396929658707,1000,fully_filled,25.0,976.77193,1001.77193,0.025,0.97677193,-1.7719299999999976,-0.176879581762687
Will Graham Platner win the 2028 Democratic presidential nomination?,54840717483866263964304723492966182979723045222316848733193673523986124053075,2830559553603011758209706316487895188007644895898957662939818867834634821212,10,not_fully_fillable,,,,,,,
Will Graham Platner win the 2028 Democratic presidential nomination?,54840717483866263964304723492966182979723045222316848733193673523986124053075,2830559553603011758209706316487895188007644895898957662939818867834634821212,50,not_fully_fillable,,,,,,,
Will Graham Platner win the 2028 Democratic presidential nomination?,54840717483866263964304723492966182979723045222316848733193673523986124053075,2830559553603011758209706316487895188007644895898957662939818867834634821212,100,not_fully_fillable,,,,,,,
Will Graham Platner win the 2028 Democratic presidential nomination?,54840717483866263964304723492966182979723045222316848733193673523986124053075,2830559553603011758209706316487895188007644895898957662939818867834634821212,250,not_fully_fillable,,,,,,,
Will Graham Platner win the 2028 Democratic presidential nomination?,54840717483866263964304723492966182979723045222316848733193673523986124053075,2830559553603011758209706316487895188007644895898957662939818867834634821212,500,not_fully_fillable,,,,,,,
Will Graham Platner win the 2028 Democratic presidential nomination?,54840717483866263964304723492966182979723045222316848733193673523986124053075,2830559553603011758209706316487895188007644895898957662939818867834634821212,1000,not_fully_fillable,,,,,,,
Will Abigail Spanberger win the 2028 Democratic presidential nomination?,67834126955354466786049932246962827069514258320708123726234642047236874537300,85842730802801029317331291122638780955014362480310249655739704629273608465884,10,fully_filled,0.02,9.99,10.01,0.002,0.999,-0.009999999999999787,-0.09990009990009778
Will Abigail Spanberger win the 2028 Democratic presidential nomination?,67834126955354466786049932246962827069514258320708123726234642047236874537300,85842730802801029317331291122638780955014362480310249655739704629273608465884,50,fully_filled,0.1,49.95,50.050000000000004,0.002,0.9990000000000001,-0.05000000000000426,-0.0999000999001084
Will Abigail Spanberger win the 2028 Democratic presidential nomination?,67834126955354466786049932246962827069514258320708123726234642047236874537300,85842730802801029317331291122638780955014362480310249655739704629273608465884,100,fully_filled,0.2,99.9,100.10000000000001,0.002,0.9990000000000001,-0.10000000000000853,-0.0999000999001084
Will Abigail Spanberger win the 2028 Democratic presidential nomination?,67834126955354466786049932246962827069514258320708123726234642047236874537300,85842730802801029317331291122638780955014362480310249655739704629273608465884,250,fully_filled,0.5,249.75,250.25,0.002,0.999,-0.25,-0.0999000999000999
Will Abigail Spanberger win the 2028 Democratic presidential nomination?,67834126955354466786049932246962827069514258320708123726234642047236874537300,85842730802801029317331291122638780955014362480310249655739704629273608465884,500,fully_filled,1.0,499.5,500.5,0.002,0.999,-0.5,-0.0999000999000999
Will Abigail Spanberger win the 2028 Democratic presidential nomination?,67834126955354466786049932246962827069514258320708123726234642047236874537300,85842730802801029317331291122638780955014362480310249655739704629273608465884,1000,fully_filled,2.0,999.0,1001.0,0.002,0.999,-1.0,-0.0999000999000999
Will Hakeem Jeffries win the 2028 Democratic presidential nomination?,23940655822937666554179928631365405234554137716172612284986318717257054413669,74558297484750387958365610940184220316219182006445006209048673137036909262424,10,fully_filled,0.02,9.99,10.01,0.002,0.999,-0.009999999999999787,-0.09990009990009778
Will Hakeem Jeffries win the 2028 Democratic presidential nomination?,23940655822937666554179928631365405234554137716172612284986318717257054413669,74558297484750387958365610940184220316219182006445006209048673137036909262424,50,fully_filled,0.1,49.95,50.050000000000004,0.002,0.9990000000000001,-0.05000000000000426,-0.0999000999001084
Will Hakeem Jeffries win the 2028 Democratic presidential nomination?,23940655822937666554179928631365405234554137716172612284986318717257054413669,74558297484750387958365610940184220316219182006445006209048673137036909262424,100,fully_filled,0.2,99.9,100.10000000000001,0.002,0.9990000000000001,-0.10000000000000853,-0.0999000999001084
Will Hakeem Jeffries win the 2028 Democratic presidential nomination?,23940655822937666554179928631365405234554137716172612284986318717257054413669,74558297484750387958365610940184220316219182006445006209048673137036909262424,250,fully_filled,0.5,249.75,250.25,0.002,0.999,-0.25,-0.0999000999000999
Will Hakeem Jeffries win the 2028 Democratic presidential nomination?,23940655822937666554179928631365405234554137716172612284986318717257054413669,74558297484750387958365610940184220316219182006445006209048673137036909262424,500,fully_filled,1.0,499.5,500.5,0.002,0.999,-0.5,-0.0999000999000999
Will Hakeem Jeffries win the 2028 Democratic presidential nomination?,23940655822937666554179928631365405234554137716172612284986318717257054413669,74558297484750387958365610940184220316219182006445006209048673137036909262424,1000,fully_filled,2.0,999.0,1001.0,0.002,0.999,-1.0,-0.0999000999000999
Will Elissa Slotkin win the 2028 Democratic presidential nomination?,48455736546094517370011063312529885328905072240106316551156607253162886762655,21910945789202551310737182019481519202352824012676720876277298283641159588352,10,fully_filled,0.02,9.99,10.01,0.002,0.999,-0.009999999999999787,-0.09990009990009778
Will Elissa Slotkin win the 2028 Democratic presidential nomination?,48455736546094517370011063312529885328905072240106316551156607253162886762655,21910945789202551310737182019481519202352824012676720876277298283641159588352,50,fully_filled,0.1,49.95,50.050000000000004,0.002,0.9990000000000001,-0.05000000000000426,-0.0999000999001084
Will Elissa Slotkin win the 2028 Democratic presidential nomination?,48455736546094517370011063312529885328905072240106316551156607253162886762655,21910945789202551310737182019481519202352824012676720876277298283641159588352,100,fully_filled,0.2,99.9,100.10000000000001,0.002,0.9990000000000001,-0.10000000000000853,-0.0999000999001084
Will Elissa Slotkin win the 2028 Democratic presidential nomination?,48455736546094517370011063312529885328905072240106316551156607253162886762655,21910945789202551310737182019481519202352824012676720876277298283641159588352,250,fully_filled,0.5,249.75,250.25,0.002,0.999,-0.25,-0.0999000999000999
Will Elissa Slotkin win the 2028 Democratic presidential nomination?,48455736546094517370011063312529885328905072240106316551156607253162886762655,21910945789202551310737182019481519202352824012676720876277298283641159588352,500,fully_filled,1.0,499.5,500.5,0.002,0.999,-0.5,-0.0999000999000999
Will Elissa Slotkin win the 2028 Democratic presidential nomination?,48455736546094517370011063312529885328905072240106316551156607253162886762655,21910945789202551310737182019481519202352824012676720876277298283641159588352,1000,fully_filled,2.0,999.0,1001.0,0.002,0.999,-1.0,-0.0999000999000999
Will Adam Schiff win the 2028 Democratic presidential nomination?,62721325588078416441678692954905586544000289214339415151384834742710012983810,4587616472715295492925849115245921456579283399977029619430824277410859697,10,not_fully_fillable,,,,,,,
Will Adam Schiff win the 2028 Democratic presidential nomination?,62721325588078416441678692954905586544000289214339415151384834742710012983810,4587616472715295492925849115245921456579283399977029619430824277410859697,50,not_fully_fillable,,,,,,,
Will Adam Schiff win the 2028 Democratic presidential nomination?,62721325588078416441678692954905586544000289214339415151384834742710012983810,4587616472715295492925849115245921456579283399977029619430824277410859697,100,not_fully_fillable,,,,,,,
Will Adam Schiff win the 2028 Democratic presidential nomination?,62721325588078416441678692954905586544000289214339415151384834742710012983810,4587616472715295492925849115245921456579283399977029619430824277410859697,250,not_fully_fillable,,,,,,,
Will Adam Schiff win the 2028 Democratic presidential nomination?,62721325588078416441678692954905586544000289214339415151384834742710012983810,4587616472715295492925849115245921456579283399977029619430824277410859697,500,not_fully_fillable,,,,,,,
Will Adam Schiff win the 2028 Democratic presidential nomination?,62721325588078416441678692954905586544000289214339415151384834742710012983810,4587616472715295492925849115245921456579283399977029619430824277410859697,1000,not_fully_fillable,,,,,,,
Will Josh Stein win the 2028 Democratic presidential nomination?,88892629978057552473594496509394432528313837466696628191322608851106929962536,86408082986810982428934766746057237103501895775284376283076301431054177694153,10,fully_filled,0.02,9.99,10.01,0.002,0.999,-0.009999999999999787,-0.09990009990009778
Will Josh Stein win the 2028 Democratic presidential nomination?,88892629978057552473594496509394432528313837466696628191322608851106929962536,86408082986810982428934766746057237103501895775284376283076301431054177694153,50,fully_filled,0.1,49.95,50.050000000000004,0.002,0.9990000000000001,-0.05000000000000426,-0.0999000999001084
Will Josh Stein win the 2028 Democratic presidential nomination?,88892629978057552473594496509394432528313837466696628191322608851106929962536,86408082986810982428934766746057237103501895775284376283076301431054177694153,100,fully_filled,0.2,99.9,100.10000000000001,0.002,0.9990000000000001,-0.10000000000000853,-0.0999000999001084
Will Josh Stein win the 2028 Democratic presidential nomination?,88892629978057552473594496509394432528313837466696628191322608851106929962536,86408082986810982428934766746057237103501895775284376283076301431054177694153,250,fully_filled,0.5,249.75,250.25,0.002,0.999,-0.25,-0.0999000999000999
Will Josh Stein win the 2028 Democratic presidential nomination?,88892629978057552473594496509394432528313837466696628191322608851106929962536,86408082986810982428934766746057237103501895775284376283076301431054177694153,500,fully_filled,1.0,499.5,500.5,0.002,0.999,-0.5,-0.0999000999000999
Will Josh Stein win the 2028 Democratic presidential nomination?,88892629978057552473594496509394432528313837466696628191322608851106929962536,86408082986810982428934766746057237103501895775284376283076301431054177694153,1000,fully_filled,2.0,999.0,1001.0,0.002,0.999,-1.0,-0.0999000999000999
Will Alex Padilla win the 2028 Democratic presidential nomination?,70419914298819599884598619432566620509485573636622456902301761941886565776666,17607158498290934698430813319324932561291042726975634499432565780430086473903,10,not_fully_fillable,,,,,,,
Will Alex Padilla win the 2028 Democratic presidential nomination?,70419914298819599884598619432566620509485573636622456902301761941886565776666,17607158498290934698430813319324932561291042726975634499432565780430086473903,50,not_fully_fillable,,,,,,,
Will Alex Padilla win the 2028 Democratic presidential nomination?,70419914298819599884598619432566620509485573636622456902301761941886565776666,17607158498290934698430813319324932561291042726975634499432565780430086473903,100,not_fully_fillable,,,,,,,
Will Alex Padilla win the 2028 Democratic presidential nomination?,70419914298819599884598619432566620509485573636622456902301761941886565776666,17607158498290934698430813319324932561291042726975634499432565780430086473903,250,not_fully_fillable,,,,,,,
Will Alex Padilla win the 2028 Democratic presidential nomination?,70419914298819599884598619432566620509485573636622456902301761941886565776666,17607158498290934698430813319324932561291042726975634499432565780430086473903,500,not_fully_fillable,,,,,,,
Will Alex Padilla win the 2028 Democratic presidential nomination?,70419914298819599884598619432566620509485573636622456902301761941886565776666,17607158498290934698430813319324932561291042726975634499432565780430086473903,1000,not_fully_fillable,,,,,,,
"Putin out as President of Russia by December 31, 2026?",350977769852917329387037893294763093471844346281449484439085576212613048126,87073899845581463485186346288398658568334162612963837182986759797304993556208,10,fully_filled,0.5,9.6,10.1,0.05,0.96,-0.09999999999999964,-0.9900990099009866
"Putin out as President of Russia by December 31, 2026?",350977769852917329387037893294763093471844346281449484439085576212613048126,87073899845581463485186346288398658568334162612963837182986759797304993556208,50,fully_filled,2.5,48.0,50.5,0.05,0.96,-0.5,-0.9900990099009901
"Putin out as President of Russia by December 31, 2026?",350977769852917329387037893294763093471844346281449484439085576212613048126,87073899845581463485186346288398658568334162612963837182986759797304993556208,100,fully_filled,5.0,96.0,101.0,0.05,0.96,-1.0,-0.9900990099009901
"Putin out as President of Russia by December 31, 2026?",350977769852917329387037893294763093471844346281449484439085576212613048126,87073899845581463485186346288398658568334162612963837182986759797304993556208,250,fully_filled,12.5,240.0,252.5,0.05,0.96,-2.5,-0.9900990099009901
"Putin out as President of Russia by December 31, 2026?",350977769852917329387037893294763093471844346281449484439085576212613048126,87073899845581463485186346288398658568334162612963837182986759797304993556208,500,fully_filled,25.0,480.0,505.0,0.05,0.96,-5.0,-0.9900990099009901
"Putin out as President of Russia by December 31, 2026?",350977769852917329387037893294763093471844346281449484439085576212613048126,87073899845581463485186346288398658568334162612963837182986759797304993556208,1000,fully_filled,50.0,960.0,1010.0,0.05,0.96,-10.0,-0.9900990099009901
Will JD Vance win the 2028 US Presidential Election?,16040015440196279900485035793550429453516625694844857319147506590755961451627,94476829201604408463453426454480212459887267917122244941405244686637914508323,10,fully_filled,2.08,7.930000000000001,10.010000000000002,0.20800000000000002,0.793,-0.010000000000001563,-0.09990009990011549
Will JD Vance win the 2028 US Presidential Election?,16040015440196279900485035793550429453516625694844857319147506590755961451627,94476829201604408463453426454480212459887267917122244941405244686637914508323,50,fully_filled,10.4,39.65,50.05,0.20800000000000002,0.7929999999999999,-0.04999999999999716,-0.09990009990009421
Will JD Vance win the 2028 US Presidential Election?,16040015440196279900485035793550429453516625694844857319147506590755961451627,94476829201604408463453426454480212459887267917122244941405244686637914508323,100,fully_filled,20.8,79.3,100.1,0.20800000000000002,0.7929999999999999,-0.09999999999999432,-0.09990009990009421
Will JD Vance win the 2028 US Presidential Election?,16040015440196279900485035793550429453516625694844857319147506590755961451627,94476829201604408463453426454480212459887267917122244941405244686637914508323,250,fully_filled,52.0,198.25,250.25,0.208,0.793,-0.25,-0.0999000999000999
Will JD Vance win the 2028 US Presidential Election?,16040015440196279900485035793550429453516625694844857319147506590755961451627,94476829201604408463453426454480212459887267917122244941405244686637914508323,500,fully_filled,104.0,396.5,500.5,0.208,0.793,-0.5,-0.0999000999000999
Will JD Vance win the 2028 US Presidential Election?,16040015440196279900485035793550429453516625694844857319147506590755961451627,94476829201604408463453426454480212459887267917122244941405244686637914508323,1000,fully_filled,208.0,793.0,1001.0,0.208,0.793,-1.0,-0.0999000999000999
Will Gavin Newsom win the 2028 US Presidential Election?,98250445447699368679516529207365255018790721464590833209064266254238063117329,18823838997443878656879952590502524526556504037944392973476854588563571859850,10,fully_filled,0.8300000000000001,9.18,10.01,0.083,0.9179999999999999,-0.009999999999999787,-0.09990009990009778
Will Gavin Newsom win the 2028 US Presidential Election?,98250445447699368679516529207365255018790721464590833209064266254238063117329,18823838997443878656879952590502524526556504037944392973476854588563571859850,50,fully_filled,4.15,45.9,50.05,0.083,0.9179999999999999,-0.04999999999999716,-0.09990009990009421
Will Gavin Newsom win the 2028 US Presidential Election?,98250445447699368679516529207365255018790721464590833209064266254238063117329,18823838997443878656879952590502524526556504037944392973476854588563571859850,100,fully_filled,8.3,91.8,100.1,0.083,0.9179999999999999,-0.09999999999999432,-0.09990009990009421
Will Gavin Newsom win the 2028 US Presidential Election?,98250445447699368679516529207365255018790721464590833209064266254238063117329,18823838997443878656879952590502524526556504037944392973476854588563571859850,250,fully_filled,20.75,229.5,250.25,0.083,0.918,-0.25,-0.0999000999000999
Will Gavin Newsom win the 2028 US Presidential Election?,98250445447699368679516529207365255018790721464590833209064266254238063117329,18823838997443878656879952590502524526556504037944392973476854588563571859850,500,fully_filled,41.5,459.0,500.5,0.083,0.918,-0.5,-0.0999000999000999
Will Gavin Newsom win the 2028 US Presidential Election?,98250445447699368679516529207365255018790721464590833209064266254238063117329,18823838997443878656879952590502524526556504037944392973476854588563571859850,1000,fully_filled,83.0,918.0,1001.0,0.083,0.918,-1.0,-0.0999000999000999
Will Alexandria Ocasio-Cortez win the 2028 US Presidential Election?,8113830512143065501177519557124858581375945005490796772950589720955457782465,11493926619286817179231142642565394485790380952577225820901334479399429951651,10,fully_filled,1.31,8.7,10.01,0.131,0.8699999999999999,-0.009999999999999787,-0.09990009990009778
Will Alexandria Ocasio-Cortez win the 2028 US Presidential Election?,8113830512143065501177519557124858581375945005490796772950589720955457782465,11493926619286817179231142642565394485790380952577225820901334479399429951651,50,fully_filled,6.550000000000001,43.5,50.05,0.131,0.87,-0.04999999999999716,-0.09990009990009421
Will Alexandria Ocasio-Cortez win the 2028 US Presidential Election?,8113830512143065501177519557124858581375945005490796772950589720955457782465,11493926619286817179231142642565394485790380952577225820901334479399429951651,100,fully_filled,13.100000000000001,87.0,100.1,0.131,0.87,-0.09999999999999432,-0.09990009990009421
Will Alexandria Ocasio-Cortez win the 2028 US Presidential Election?,8113830512143065501177519557124858581375945005490796772950589720955457782465,11493926619286817179231142642565394485790380952577225820901334479399429951651,250,fully_filled,32.75,217.5,250.25,0.131,0.87,-0.25,-0.0999000999000999
Will Alexandria Ocasio-Cortez win the 2028 US Presidential Election?,8113830512143065501177519557124858581375945005490796772950589720955457782465,11493926619286817179231142642565394485790380952577225820901334479399429951651,500,fully_filled,65.5,435.0,500.5,0.131,0.87,-0.5,-0.0999000999000999
Will Alexandria Ocasio-Cortez win the 2028 US Presidential Election?,8113830512143065501177519557124858581375945005490796772950589720955457782465,11493926619286817179231142642565394485790380952577225820901334479399429951651,1000,fully_filled,131.0,870.0,1001.0,0.131,0.87,-1.0,-0.0999000999000999
Will Pete Buttigieg win the 2028 US Presidential Election?,35629456194498013232473191985311930903993567273832459837879398120893197410860,26087406687932108531005204502244492184534000122992461059156880611150953145122,10,fully_filled,0.27,9.74,10.01,0.027000000000000003,0.974,-0.009999999999999787,-0.09990009990009778
Will Pete Buttigieg win the 2028 US Presidential Election?,35629456194498013232473191985311930903993567273832459837879398120893197410860,26087406687932108531005204502244492184534000122992461059156880611150953145122,50,fully_filled,1.35,48.699999999999996,50.05,0.027000000000000003,0.9739999999999999,-0.04999999999999716,-0.09990009990009421
Will Pete Buttigieg win the 2028 US Presidential Election?,35629456194498013232473191985311930903993567273832459837879398120893197410860,26087406687932108531005204502244492184534000122992461059156880611150953145122,100,fully_filled,2.7,97.39999999999999,100.1,0.027000000000000003,0.9739999999999999,-0.09999999999999432,-0.09990009990009421
Will Pete Buttigieg win the 2028 US Presidential Election?,35629456194498013232473191985311930903993567273832459837879398120893197410860,26087406687932108531005204502244492184534000122992461059156880611150953145122,250,fully_filled,6.75,243.5,250.25,0.027,0.974,-0.25,-0.0999000999000999
Will Pete Buttigieg win the 2028 US Presidential Election?,35629456194498013232473191985311930903993567273832459837879398120893197410860,26087406687932108531005204502244492184534000122992461059156880611150953145122,500,fully_filled,13.5,487.0,500.5,0.027,0.974,-0.5,-0.0999000999000999
Will Pete Buttigieg win the 2028 US Presidential Election?,35629456194498013232473191985311930903993567273832459837879398120893197410860,26087406687932108531005204502244492184534000122992461059156880611150953145122,1000,fully_filled,27.0,974.0,1001.0,0.027,0.974,-1.0,-0.0999000999000999
Will Josh Shapiro win the 2028 US Presidential Election?,1420113190297259908358916251277696183671602680024474979931472444792502392139,9195312844128905514645503106857912558078141569888031031723687687489317147622,10,fully_filled,0.31,9.7,10.01,0.031,0.97,-0.009999999999999787,-0.09990009990009778
Will Josh Shapiro win the 2028 US Presidential Election?,1420113190297259908358916251277696183671602680024474979931472444792502392139,9195312844128905514645503106857912558078141569888031031723687687489317147622,50,fully_filled,1.55,48.5,50.05,0.031,0.97,-0.04999999999999716,-0.09990009990009421
Will Josh Shapiro win the 2028 US Presidential Election?,1420113190297259908358916251277696183671602680024474979931472444792502392139,9195312844128905514645503106857912558078141569888031031723687687489317147622,100,fully_filled,3.1,97.0,100.1,0.031,0.97,-0.09999999999999432,-0.09990009990009421
Will Josh Shapiro win the 2028 US Presidential Election?,1420113190297259908358916251277696183671602680024474979931472444792502392139,9195312844128905514645503106857912558078141569888031031723687687489317147622,250,fully_filled,7.75,242.5,250.25,0.031,0.97,-0.25,-0.0999000999000999
Will Josh Shapiro win the 2028 US Presidential Election?,1420113190297259908358916251277696183671602680024474979931472444792502392139,9195312844128905514645503106857912558078141569888031031723687687489317147622,500,fully_filled,15.5,485.0,500.5,0.031,0.97,-0.5,-0.0999000999000999
Will Josh Shapiro win the 2028 US Presidential Election?,1420113190297259908358916251277696183671602680024474979931472444792502392139,9195312844128905514645503106857912558078141569888031031723687687489317147622,1000,fully_filled,31.0,970.0,1001.0,0.031,0.97,-1.0,-0.0999000999000999
Will Marco Rubio win the 2028 US Presidential Election?,11171618905857319805355893398009978356002287408842633593535559412449299952250,65892530750232246342273648992064742042382898919201083513241874070914353628268,10,fully_filled,0.8899999999999999,9.120000000000001,10.010000000000002,0.089,0.9120000000000001,-0.010000000000001563,-0.09990009990011549
Will Marco Rubio win the 2028 US Presidential Election?,11171618905857319805355893398009978356002287408842633593535559412449299952250,65892530750232246342273648992064742042382898919201083513241874070914353628268,50,fully_filled,4.45,45.6,50.050000000000004,0.08900000000000001,0.912,-0.05000000000000426,-0.0999000999001084
Will Marco Rubio win the 2028 US Presidential Election?,11171618905857319805355893398009978356002287408842633593535559412449299952250,65892530750232246342273648992064742042382898919201083513241874070914353628268,100,fully_filled,8.9,91.2,100.10000000000001,0.08900000000000001,0.912,-0.10000000000000853,-0.0999000999001084
Will Marco Rubio win the 2028 US Presidential Election?,11171618905857319805355893398009978356002287408842633593535559412449299952250,65892530750232246342273648992064742042382898919201083513241874070914353628268,250,fully_filled,22.25,228.0,250.25,0.089,0.912,-0.25,-0.0999000999000999
Will Marco Rubio win the 2028 US Presidential Election?,11171618905857319805355893398009978356002287408842633593535559412449299952250,65892530750232246342273648992064742042382898919201083513241874070914353628268,500,fully_filled,44.62984,456.0,500.62984,0.08925968000000001,0.912,-0.6298400000000015,-0.12580952026351475
Will Marco Rubio win the 2028 US Presidential Election?,11171618905857319805355893398009978356002287408842633593535559412449299952250,65892530750232246342273648992064742042382898919201083513241874070914353628268,1000,fully_filled,89.62984,912.0,1001.6298400000001,0.08962984,0.912,-1.6298400000000584,-0.1627187944001407
Will Wes Moore win the 2028 US Presidential Election?,35272507273162958827997790327967872292415567859334925862043618606081750011897,374661216370333715221919731169956915917040066803205972387948453758235235593,10,fully_filled,0.09,9.92,10.01,0.009,0.992,-0.009999999999999787,-0.09990009990009778
Will Wes Moore win the 2028 US Presidential Election?,35272507273162958827997790327967872292415567859334925862043618606081750011897,374661216370333715221919731169956915917040066803205972387948453758235235593,50,fully_filled,0.44999999999999996,49.6,50.050000000000004,0.009,0.992,-0.05000000000000426,-0.0999000999001084
Will Wes Moore win the 2028 US Presidential Election?,35272507273162958827997790327967872292415567859334925862043618606081750011897,374661216370333715221919731169956915917040066803205972387948453758235235593,100,fully_filled,0.8999999999999999,99.2,100.10000000000001,0.009,0.992,-0.10000000000000853,-0.0999000999001084
Will Wes Moore win the 2028 US Presidential Election?,35272507273162958827997790327967872292415567859334925862043618606081750011897,374661216370333715221919731169956915917040066803205972387948453758235235593,250,fully_filled,2.25,248.0,250.25,0.009,0.992,-0.25,-0.0999000999000999
Will Wes Moore win the 2028 US Presidential Election?,35272507273162958827997790327967872292415567859334925862043618606081750011897,374661216370333715221919731169956915917040066803205972387948453758235235593,500,fully_filled,4.5,496.0,500.5,0.009,0.992,-0.5,-0.0999000999000999
Will Wes Moore win the 2028 US Presidential Election?,35272507273162958827997790327967872292415567859334925862043618606081750011897,374661216370333715221919731169956915917040066803205972387948453758235235593,1000,fully_filled,9.0,992.0,1001.0,0.009,0.992,-1.0,-0.0999000999000999
Will Gretchen Whitmer win the 2028 US Presidential Election?,4999047257294547885970323631312419427544062131054733229841947946130772277335,102084577517225131375286042838758381959278092930102485541091152099183604495224,10,fully_filled,0.04,9.97,10.01,0.004,0.9970000000000001,-0.009999999999999787,-0.09990009990009778
Will Gretchen Whitmer win the 2028 US Presidential Election?,4999047257294547885970323631312419427544062131054733229841947946130772277335,102084577517225131375286042838758381959278092930102485541091152099183604495224,50,fully_filled,0.2,49.85,50.050000000000004,0.004,0.997,-0.05000000000000426,-0.0999000999001084
Will Gretchen Whitmer win the 2028 US Presidential Election?,4999047257294547885970323631312419427544062131054733229841947946130772277335,102084577517225131375286042838758381959278092930102485541091152099183604495224,100,fully_filled,0.4,99.7,100.10000000000001,0.004,0.997,-0.10000000000000853,-0.0999000999001084
Will Gretchen Whitmer win the 2028 US Presidential Election?,4999047257294547885970323631312419427544062131054733229841947946130772277335,102084577517225131375286042838758381959278092930102485541091152099183604495224,250,fully_filled,1.0,249.25,250.25,0.004,0.997,-0.25,-0.0999000999000999
Will Gretchen Whitmer win the 2028 US Presidential Election?,4999047257294547885970323631312419427544062131054733229841947946130772277335,102084577517225131375286042838758381959278092930102485541091152099183604495224,500,fully_filled,2.0,498.5,500.5,0.004,0.997,-0.5,-0.0999000999000999
Will Gretchen Whitmer win the 2028 US Presidential Election?,4999047257294547885970323631312419427544062131054733229841947946130772277335,102084577517225131375286042838758381959278092930102485541091152099183604495224,1000,fully_filled,4.0,997.0,1001.0,0.004,0.997,-1.0,-0.0999000999000999
Will Andy Beshear win the 2028 US Presidential Election?,50507496430692162923857760920722624157737138256097150616293040054748564876552,53112547591746110422238703365888013497196468199611167129486770819598374380742,10,fully_filled,0.10999999999999999,9.9,10.01,0.011,0.99,-0.009999999999999787,-0.09990009990009778
Will Andy Beshear win the 2028 US Presidential Election?,50507496430692162923857760920722624157737138256097150616293040054748564876552,53112547591746110422238703365888013497196468199611167129486770819598374380742,50,fully_filled,0.5499999999999999,49.5,50.05,0.011,0.99,-0.04999999999999716,-0.09990009990009421
Will Andy Beshear win the 2028 US Presidential Election?,50507496430692162923857760920722624157737138256097150616293040054748564876552,53112547591746110422238703365888013497196468199611167129486770819598374380742,100,fully_filled,1.0999999999999999,99.0,100.1,0.011,0.99,-0.09999999999999432,-0.09990009990009421
Will Andy Beshear win the 2028 US Presidential Election?,50507496430692162923857760920722624157737138256097150616293040054748564876552,53112547591746110422238703365888013497196468199611167129486770819598374380742,250,fully_filled,2.75,247.5,250.25,0.011,0.99,-0.25,-0.0999000999000999
Will Andy Beshear win the 2028 US Presidential Election?,50507496430692162923857760920722624157737138256097150616293040054748564876552,53112547591746110422238703365888013497196468199611167129486770819598374380742,500,fully_filled,5.5,495.0,500.5,0.011,0.99,-0.5,-0.0999000999000999
Will Andy Beshear win the 2028 US Presidential Election?,50507496430692162923857760920722624157737138256097150616293040054748564876552,53112547591746110422238703365888013497196468199611167129486770819598374380742,1000,fully_filled,11.0,990.0,1001.0,0.011,0.99,-1.0,-0.0999000999000999
Will Glenn Youngkin win the 2028 US Presidential Election?,631059815958854406224163480574507434200946764542129005247984171366597476420,100418331065194201410948024347944500798513421135064468615649525110872253639397,10,fully_filled,0.02,9.99,10.01,0.002,0.999,-0.009999999999999787,-0.09990009990009778
Will Glenn Youngkin win the 2028 US Presidential Election?,631059815958854406224163480574507434200946764542129005247984171366597476420,100418331065194201410948024347944500798513421135064468615649525110872253639397,50,fully_filled,0.1,49.95,50.050000000000004,0.002,0.9990000000000001,-0.05000000000000426,-0.0999000999001084
Will Glenn Youngkin win the 2028 US Presidential Election?,631059815958854406224163480574507434200946764542129005247984171366597476420,100418331065194201410948024347944500798513421135064468615649525110872253639397,100,fully_filled,0.2,99.9,100.10000000000001,0.002,0.9990000000000001,-0.10000000000000853,-0.0999000999001084
Will Glenn Youngkin win the 2028 US Presidential Election?,631059815958854406224163480574507434200946764542129005247984171366597476420,100418331065194201410948024347944500798513421135064468615649525110872253639397,250,fully_filled,0.5,249.75,250.25,0.002,0.999,-0.25,-0.0999000999000999
Will Glenn Youngkin win the 2028 US Presidential Election?,631059815958854406224163480574507434200946764542129005247984171366597476420,100418331065194201410948024347944500798513421135064468615649525110872253639397,500,fully_filled,1.0,499.5,500.5,0.002,0.999,-0.5,-0.0999000999000999
Will Glenn Youngkin win the 2028 US Presidential Election?,631059815958854406224163480574507434200946764542129005247984171366597476420,100418331065194201410948024347944500798513421135064468615649525110872253639397,1000,fully_filled,2.0,999.0,1001.0,0.002,0.999,-1.0,-0.0999000999000999
Will Kamala Harris win the 2028 US Presidential Election?,70663352401606372246362604193214664065595751757222752105245221905399175050480,4988819538339626436114997160558538168652916536529198363646261454228218983102,10,fully_filled,0.47,9.54,10.01,0.047,0.954,-0.009999999999999787,-0.09990009990009778
Will Kamala Harris win the 2028 US Presidential Election?,70663352401606372246362604193214664065595751757222752105245221905399175050480,4988819538339626436114997160558538168652916536529198363646261454228218983102,50,fully_filled,2.35,47.699999999999996,50.05,0.047,0.954,-0.04999999999999716,-0.09990009990009421
Will Kamala Harris win the 2028 US Presidential Election?,70663352401606372246362604193214664065595751757222752105245221905399175050480,4988819538339626436114997160558538168652916536529198363646261454228218983102,100,fully_filled,4.7,95.39999999999999,100.1,0.047,0.954,-0.09999999999999432,-0.09990009990009421
Will Kamala Harris win the 2028 US Presidential Election?,70663352401606372246362604193214664065595751757222752105245221905399175050480,4988819538339626436114997160558538168652916536529198363646261454228218983102,250,fully_filled,11.75,238.5,250.25,0.047,0.954,-0.25,-0.0999000999000999
Will Kamala Harris win the 2028 US Presidential Election?,70663352401606372246362604193214664065595751757222752105245221905399175050480,4988819538339626436114997160558538168652916536529198363646261454228218983102,500,fully_filled,23.5,477.0,500.5,0.047,0.954,-0.5,-0.0999000999000999
Will Kamala Harris win the 2028 US Presidential Election?,70663352401606372246362604193214664065595751757222752105245221905399175050480,4988819538339626436114997160558538168652916536529198363646261454228218983102,1000,fully_filled,47.0,954.43875,1001.43875,0.047,0.95443875,-1.4387500000000273,-0.1436682972373525
Will Stephen Smith win the 2028 US Presidential Election?,105367778020161609482094090847463497982204321259381518614669619753184648647559,12867420029045504056332323771270227403424313645832702673618751920867223902054,10,not_fully_fillable,,,,,,,
Will Stephen Smith win the 2028 US Presidential Election?,105367778020161609482094090847463497982204321259381518614669619753184648647559,12867420029045504056332323771270227403424313645832702673618751920867223902054,50,not_fully_fillable,,,,,,,
Will Stephen Smith win the 2028 US Presidential Election?,105367778020161609482094090847463497982204321259381518614669619753184648647559,12867420029045504056332323771270227403424313645832702673618751920867223902054,100,not_fully_fillable,,,,,,,
Will Stephen Smith win the 2028 US Presidential Election?,105367778020161609482094090847463497982204321259381518614669619753184648647559,12867420029045504056332323771270227403424313645832702673618751920867223902054,250,not_fully_fillable,,,,,,,
Will Stephen Smith win the 2028 US Presidential Election?,105367778020161609482094090847463497982204321259381518614669619753184648647559,12867420029045504056332323771270227403424313645832702673618751920867223902054,500,not_fully_fillable,,,,,,,
Will Stephen Smith win the 2028 US Presidential Election?,105367778020161609482094090847463497982204321259381518614669619753184648647559,12867420029045504056332323771270227403424313645832702673618751920867223902054,1000,not_fully_fillable,,,,,,,
Will JB Pritzker win the 2028 US Presidential Election?,70948731404464821824516595498024506131170394300814446118501620719416471444076,111825297267676135304812085666512747626812691749338692567733264184356420470119,10,fully_filled,0.05,9.96,10.010000000000002,0.005,0.9960000000000001,-0.010000000000001563,-0.09990009990011549
Will JB Pritzker win the 2028 US Presidential Election?,70948731404464821824516595498024506131170394300814446118501620719416471444076,111825297267676135304812085666512747626812691749338692567733264184356420470119,50,fully_filled,0.25,49.8,50.05,0.005,0.996,-0.04999999999999716,-0.09990009990009421
Will JB Pritzker win the 2028 US Presidential Election?,70948731404464821824516595498024506131170394300814446118501620719416471444076,111825297267676135304812085666512747626812691749338692567733264184356420470119,100,fully_filled,0.5,99.6,100.1,0.005,0.996,-0.09999999999999432,-0.09990009990009421
Will JB Pritzker win the 2028 US Presidential Election?,70948731404464821824516595498024506131170394300814446118501620719416471444076,111825297267676135304812085666512747626812691749338692567733264184356420470119,250,fully_filled,1.25,249.0,250.25,0.005,0.996,-0.25,-0.0999000999000999
Will JB Pritzker win the 2028 US Presidential Election?,70948731404464821824516595498024506131170394300814446118501620719416471444076,111825297267676135304812085666512747626812691749338692567733264184356420470119,500,fully_filled,2.5,498.0,500.5,0.005,0.996,-0.5,-0.0999000999000999
Will JB Pritzker win the 2028 US Presidential Election?,70948731404464821824516595498024506131170394300814446118501620719416471444076,111825297267676135304812085666512747626812691749338692567733264184356420470119,1000,fully_filled,5.0,996.0,1001.0,0.005,0.996,-1.0,-0.0999000999000999
Will Tulsi Gabbard win the 2028 US Presidential Election?,97633418272282627828834872960145259034624388719803091466146359304286851612172,17854429586516792397214557963923647011517685971868312042416963526864862523185,10,fully_filled,0.02,9.99,10.01,0.002,0.999,-0.009999999999999787,-0.09990009990009778
Will Tulsi Gabbard win the 2028 US Presidential Election?,97633418272282627828834872960145259034624388719803091466146359304286851612172,17854429586516792397214557963923647011517685971868312042416963526864862523185,50,fully_filled,0.1,49.95,50.050000000000004,0.002,0.9990000000000001,-0.05000000000000426,-0.0999000999001084
Will Tulsi Gabbard win the 2028 US Presidential Election?,97633418272282627828834872960145259034624388719803091466146359304286851612172,17854429586516792397214557963923647011517685971868312042416963526864862523185,100,fully_filled,0.2,99.9,100.10000000000001,0.002,0.9990000000000001,-0.10000000000000853,-0.0999000999001084
Will Tulsi Gabbard win the 2028 US Presidential Election?,97633418272282627828834872960145259034624388719803091466146359304286851612172,17854429586516792397214557963923647011517685971868312042416963526864862523185,250,fully_filled,0.5,249.75,250.25,0.002,0.999,-0.25,-0.0999000999000999
Will Tulsi Gabbard win the 2028 US Presidential Election?,97633418272282627828834872960145259034624388719803091466146359304286851612172,17854429586516792397214557963923647011517685971868312042416963526864862523185,500,fully_filled,1.0,499.5,500.5,0.002,0.999,-0.5,-0.0999000999000999
Will Tulsi Gabbard win the 2028 US Presidential Election?,97633418272282627828834872960145259034624388719803091466146359304286851612172,17854429586516792397214557963923647011517685971868312042416963526864862523185,1000,fully_filled,2.0,999.0,1001.0,0.002,0.999,-1.0,-0.0999000999000999
Will Donald Trump win the 2028 US Presidential Election?,11807691644868166983390207408868795383945915035851758101409310535538572683733,72656506786460378316387284276713856836841708169262528054985577978493419440428,10,fully_filled,0.14,9.9,10.040000000000001,0.014000000000000002,0.99,-0.040000000000000924,-0.3984063745020012
Will Donald Trump win the 2028 US Presidential Election?,11807691644868166983390207408868795383945915035851758101409310535538572683733,72656506786460378316387284276713856836841708169262528054985577978493419440428,50,fully_filled,0.73,49.5,50.23,0.0146,0.99,-0.22999999999999687,-0.4578936890304537
Will Donald Trump win the 2028 US Presidential Election?,11807691644868166983390207408868795383945915035851758101409310535538572683733,72656506786460378316387284276713856836841708169262528054985577978493419440428,100,fully_filled,1.48,99.0,100.48,0.0148,0.99,-0.480000000000004,-0.4777070063694307
Will Donald Trump win the 2028 US Presidential Election?,11807691644868166983390207408868795383945915035851758101409310535538572683733,72656506786460378316387284276713856836841708169262528054985577978493419440428,250,fully_filled,3.7299999999999995,247.5,251.23,0.014919999999999998,0.99,-1.2299999999999898,-0.48959121124069177
Will Donald Trump win the 2028 US Presidential Election?,11807691644868166983390207408868795383945915035851758101409310535538572683733,72656506786460378316387284276713856836841708169262528054985577978493419440428,500,fully_filled,7.4799999999999995,495.0,502.48,0.01496,0.99,-2.480000000000018,-0.4935519821684481
Will Donald Trump win the 2028 US Presidential Election?,11807691644868166983390207408868795383945915035851758101409310535538572683733,72656506786460378316387284276713856836841708169262528054985577978493419440428,1000,fully_filled,14.979999999999999,990.0,1004.98,0.014979999999999999,0.99,-4.980000000000018,-0.4955322493979997
Will Donald Trump Jr. win the 2028 US Presidential Election?,77660944053451874285291959901958937238149180369572698706675030657716494119346,52761630651452310319295064365704431564140478140269624735570317771849185169635,10,fully_filled,0.05,9.96,10.010000000000002,0.005,0.9960000000000001,-0.010000000000001563,-0.09990009990011549
Will Donald Trump Jr. win the 2028 US Presidential Election?,77660944053451874285291959901958937238149180369572698706675030657716494119346,52761630651452310319295064365704431564140478140269624735570317771849185169635,50,fully_filled,0.25,49.8,50.05,0.005,0.996,-0.04999999999999716,-0.09990009990009421
Will Donald Trump Jr. win the 2028 US Presidential Election?,77660944053451874285291959901958937238149180369572698706675030657716494119346,52761630651452310319295064365704431564140478140269624735570317771849185169635,100,fully_filled,0.5,99.6,100.1,0.005,0.996,-0.09999999999999432,-0.09990009990009421
Will Donald Trump Jr. win the 2028 US Presidential Election?,77660944053451874285291959901958937238149180369572698706675030657716494119346,52761630651452310319295064365704431564140478140269624735570317771849185169635,250,fully_filled,1.25,249.0,250.25,0.005,0.996,-0.25,-0.0999000999000999
Will Donald Trump Jr. win the 2028 US Presidential Election?,77660944053451874285291959901958937238149180369572698706675030657716494119346,52761630651452310319295064365704431564140478140269624735570317771849185169635,500,fully_filled,2.5,498.0,500.5,0.005,0.996,-0.5,-0.0999000999000999
Will Donald Trump Jr. win the 2028 US Presidential Election?,77660944053451874285291959901958937238149180369572698706675030657716494119346,52761630651452310319295064365704431564140478140269624735570317771849185169635,1000,fully_filled,5.0,996.0,1001.0,0.005,0.996,-1.0,-0.0999000999000999
Will Nikki Haley win the 2028 US Presidential Election?,14253956839582698877884742930225331487593177635330318923853046874994118249367,84386913213192310444216977895083273572419886997719576824320630372812149173320,10,not_fully_fillable,,,,,,,
Will Nikki Haley win the 2028 US Presidential Election?,14253956839582698877884742930225331487593177635330318923853046874994118249367,84386913213192310444216977895083273572419886997719576824320630372812149173320,50,not_fully_fillable,,,,,,,
Will Nikki Haley win the 2028 US Presidential Election?,14253956839582698877884742930225331487593177635330318923853046874994118249367,84386913213192310444216977895083273572419886997719576824320630372812149173320,100,not_fully_fillable,,,,,,,
Will Nikki Haley win the 2028 US Presidential Election?,14253956839582698877884742930225331487593177635330318923853046874994118249367,84386913213192310444216977895083273572419886997719576824320630372812149173320,250,not_fully_fillable,,,,,,,
Will Nikki Haley win the 2028 US Presidential Election?,14253956839582698877884742930225331487593177635330318923853046874994118249367,84386913213192310444216977895083273572419886997719576824320630372812149173320,500,not_fully_fillable,,,,,,,
Will Nikki Haley win the 2028 US Presidential Election?,14253956839582698877884742930225331487593177635330318923853046874994118249367,84386913213192310444216977895083273572419886997719576824320630372812149173320,1000,not_fully_fillable,,,,,,,
Will Ron DeSantis win the 2028 US Presidential Election?,104480514270625615787868282411330496385404675495672110015326625654626015018993,65724430065358897810064400118831287249960059855415477063660293398018349529272,10,fully_filled,0.2,9.84,10.04,0.02,0.984,-0.03999999999999915,-0.39840637450198363
Will Ron DeSantis win the 2028 US Presidential Election?,104480514270625615787868282411330496385404675495672110015326625654626015018993,65724430065358897810064400118831287249960059855415477063660293398018349529272,50,fully_filled,1.0,49.2,50.2,0.02,0.9840000000000001,-0.20000000000000284,-0.3984063745019977
Will Ron DeSantis win the 2028 US Presidential Election?,104480514270625615787868282411330496385404675495672110015326625654626015018993,65724430065358897810064400118831287249960059855415477063660293398018349529272,100,fully_filled,2.0,98.4,100.4,0.02,0.9840000000000001,-0.4000000000000057,-0.3984063745019977
Will Ron DeSantis win the 2028 US Presidential Election?,104480514270625615787868282411330496385404675495672110015326625654626015018993,65724430065358897810064400118831287249960059855415477063660293398018349529272,250,fully_filled,5.0,246.0,251.0,0.02,0.984,-1.0,-0.398406374501992
Will Ron DeSantis win the 2028 US Presidential Election?,104480514270625615787868282411330496385404675495672110015326625654626015018993,65724430065358897810064400118831287249960059855415477063660293398018349529272,500,fully_filled,10.0,492.0,502.0,0.02,0.984,-2.0,-0.398406374501992
Will Ron DeSantis win the 2028 US Presidential Election?,104480514270625615787868282411330496385404675495672110015326625654626015018993,65724430065358897810064400118831287249960059855415477063660293398018349529272,1000,fully_filled,20.0,984.1995099999999,1004.1995099999999,0.02,0.9841995099999999,-4.199509999999918,-0.4181947868108319
Will Tim Walz win the 2028 US Presidential Election?,2638997461401140008448476093092229850740161649668999975101243681118238509713,31711509411930636383466083293019394636501894118049148509527295292186501260570,10,not_fully_fillable,,,,,,,
Will Tim Walz win the 2028 US Presidential Election?,2638997461401140008448476093092229850740161649668999975101243681118238509713,31711509411930636383466083293019394636501894118049148509527295292186501260570,50,not_fully_fillable,,,,,,,
Will Tim Walz win the 2028 US Presidential Election?,2638997461401140008448476093092229850740161649668999975101243681118238509713,31711509411930636383466083293019394636501894118049148509527295292186501260570,100,not_fully_fillable,,,,,,,
Will Tim Walz win the 2028 US Presidential Election?,2638997461401140008448476093092229850740161649668999975101243681118238509713,31711509411930636383466083293019394636501894118049148509527295292186501260570,250,not_fully_fillable,,,,,,,
Will Tim Walz win the 2028 US Presidential Election?,2638997461401140008448476093092229850740161649668999975101243681118238509713,31711509411930636383466083293019394636501894118049148509527295292186501260570,500,not_fully_fillable,,,,,,,
Will Tim Walz win the 2028 US Presidential Election?,2638997461401140008448476093092229850740161649668999975101243681118238509713,31711509411930636383466083293019394636501894118049148509527295292186501260570,1000,not_fully_fillable,,,,,,,
Will Vivek Ramaswamy win the 2028 US Presidential Election?,48067717079255656974334181122173546721823870434119599450595298250019538972254,50325246165657443726245430907883748796540778371466135108478470877169556977248,10,not_fully_fillable,,,,,,,
Will Vivek Ramaswamy win the 2028 US Presidential Election?,48067717079255656974334181122173546721823870434119599450595298250019538972254,50325246165657443726245430907883748796540778371466135108478470877169556977248,50,not_fully_fillable,,,,,,,
Will Vivek Ramaswamy win the 2028 US Presidential Election?,48067717079255656974334181122173546721823870434119599450595298250019538972254,50325246165657443726245430907883748796540778371466135108478470877169556977248,100,not_fully_fillable,,,,,,,
Will Vivek Ramaswamy win the 2028 US Presidential Election?,48067717079255656974334181122173546721823870434119599450595298250019538972254,50325246165657443726245430907883748796540778371466135108478470877169556977248,250,not_fully_fillable,,,,,,,
Will Vivek Ramaswamy win the 2028 US Presidential Election?,48067717079255656974334181122173546721823870434119599450595298250019538972254,50325246165657443726245430907883748796540778371466135108478470877169556977248,500,not_fully_fillable,,,,,,,
Will Vivek Ramaswamy win the 2028 US Presidential Election?,48067717079255656974334181122173546721823870434119599450595298250019538972254,50325246165657443726245430907883748796540778371466135108478470877169556977248,1000,not_fully_fillable,,,,,,,
Will Greg Abbott win the 2028 US Presidential Election?,58585097107933138034126275600204468509993701936571284309823871593297754181479,104431860535489654020481219089291817898241901940037260095979653681449084465327,10,fully_filled,0.05,9.97,10.020000000000001,0.005,0.9970000000000001,-0.02000000000000135,-0.19960079840320705
Will Greg Abbott win the 2028 US Presidential Election?,58585097107933138034126275600204468509993701936571284309823871593297754181479,104431860535489654020481219089291817898241901940037260095979653681449084465327,50,fully_filled,0.25,49.85,50.1,0.005,0.997,-0.10000000000000142,-0.19960079840319644
Will Greg Abbott win the 2028 US Presidential Election?,58585097107933138034126275600204468509993701936571284309823871593297754181479,104431860535489654020481219089291817898241901940037260095979653681449084465327,100,fully_filled,0.5,99.7,100.2,0.005,0.997,-0.20000000000000284,-0.19960079840319644
Will Greg Abbott win the 2028 US Presidential Election?,58585097107933138034126275600204468509993701936571284309823871593297754181479,104431860535489654020481219089291817898241901940037260095979653681449084465327,250,fully_filled,1.25,249.25,250.5,0.005,0.997,-0.5,-0.19960079840319359
Will Greg Abbott win the 2028 US Presidential Election?,58585097107933138034126275600204468509993701936571284309823871593297754181479,104431860535489654020481219089291817898241901940037260095979653681449084465327,500,fully_filled,2.5,498.5,501.0,0.005,0.997,-1.0,-0.19960079840319359
Will Greg Abbott win the 2028 US Presidential Election?,58585097107933138034126275600204468509993701936571284309823871593297754181479,104431860535489654020481219089291817898241901940037260095979653681449084465327,1000,fully_filled,5.0,997.0,1002.0,0.005,0.997,-2.0,-0.19960079840319359
Will Elon Musk win the 2028 US Presidential Election?,26641906520532802078452346454133721131611596169940893262820937050881742190686,59064132013843281708610372809406242099497812053529304284160897825180883604145,10,fully_filled,0.02,9.99,10.01,0.002,0.999,-0.009999999999999787,-0.09990009990009778
Will Elon Musk win the 2028 US Presidential Election?,26641906520532802078452346454133721131611596169940893262820937050881742190686,59064132013843281708610372809406242099497812053529304284160897825180883604145,50,fully_filled,0.1,49.95,50.050000000000004,0.002,0.9990000000000001,-0.05000000000000426,-0.0999000999001084
Will Elon Musk win the 2028 US Presidential Election?,26641906520532802078452346454133721131611596169940893262820937050881742190686,59064132013843281708610372809406242099497812053529304284160897825180883604145,100,fully_filled,0.2,99.9,100.10000000000001,0.002,0.9990000000000001,-0.10000000000000853,-0.0999000999001084
Will Elon Musk win the 2028 US Presidential Election?,26641906520532802078452346454133721131611596169940893262820937050881742190686,59064132013843281708610372809406242099497812053529304284160897825180883604145,250,fully_filled,0.5,249.75,250.25,0.002,0.999,-0.25,-0.0999000999000999
Will Elon Musk win the 2028 US Presidential Election?,26641906520532802078452346454133721131611596169940893262820937050881742190686,59064132013843281708610372809406242099497812053529304284160897825180883604145,500,fully_filled,1.0,499.5,500.5,0.002,0.999,-0.5,-0.0999000999000999
Will Elon Musk win the 2028 US Presidential Election?,26641906520532802078452346454133721131611596169940893262820937050881742190686,59064132013843281708610372809406242099497812053529304284160897825180883604145,1000,fully_filled,2.0,999.0,1001.0,0.002,0.999,-1.0,-0.0999000999000999
Will LeBron James win the 2028 US Presidential Election?,39223330966352513418907732239455948906399882924787587183466504819170775983376,50862799703982327636174441241062907649998751737045006653560124656563256528691,10,not_fully_fillable,,,,,,,
Will LeBron James win the 2028 US Presidential Election?,39223330966352513418907732239455948906399882924787587183466504819170775983376,50862799703982327636174441241062907649998751737045006653560124656563256528691,50,not_fully_fillable,,,,,,,
Will LeBron James win the 2028 US Presidential Election?,39223330966352513418907732239455948906399882924787587183466504819170775983376,50862799703982327636174441241062907649998751737045006653560124656563256528691,100,not_fully_fillable,,,,,,,
Will LeBron James win the 2028 US Presidential Election?,39223330966352513418907732239455948906399882924787587183466504819170775983376,50862799703982327636174441241062907649998751737045006653560124656563256528691,250,not_fully_fillable,,,,,,,
Will LeBron James win the 2028 US Presidential Election?,39223330966352513418907732239455948906399882924787587183466504819170775983376,50862799703982327636174441241062907649998751737045006653560124656563256528691,500,not_fully_fillable,,,,,,,
Will LeBron James win the 2028 US Presidential Election?,39223330966352513418907732239455948906399882924787587183466504819170775983376,50862799703982327636174441241062907649998751737045006653560124656563256528691,1000,not_fully_fillable,,,,,,,
Will Dwayne 'The Rock' Johnson win the 2028 US Presidential Election?,76252402837334795047528042167618984089231134882494719641438604550246396692717,82779978600617806806814031291287454099780828258739355925042203335968508676880,10,fully_filled,0.15,9.86,10.01,0.015,0.986,-0.009999999999999787,-0.09990009990009778
Will Dwayne 'The Rock' Johnson win the 2028 US Presidential Election?,76252402837334795047528042167618984089231134882494719641438604550246396692717,82779978600617806806814031291287454099780828258739355925042203335968508676880,50,fully_filled,0.75,49.3,50.05,0.015,0.986,-0.04999999999999716,-0.09990009990009421
Will Dwayne 'The Rock' Johnson win the 2028 US Presidential Election?,76252402837334795047528042167618984089231134882494719641438604550246396692717,82779978600617806806814031291287454099780828258739355925042203335968508676880,100,fully_filled,1.5,98.6,100.1,0.015,0.986,-0.09999999999999432,-0.09990009990009421
Will Dwayne 'The Rock' Johnson win the 2028 US Presidential Election?,76252402837334795047528042167618984089231134882494719641438604550246396692717,82779978600617806806814031291287454099780828258739355925042203335968508676880,250,fully_filled,3.75,246.5,250.25,0.015,0.986,-0.25,-0.0999000999000999
Will Dwayne 'The Rock' Johnson win the 2028 US Presidential Election?,76252402837334795047528042167618984089231134882494719641438604550246396692717,82779978600617806806814031291287454099780828258739355925042203335968508676880,500,fully_filled,7.5,493.0,500.5,0.015,0.986,-0.5,-0.0999000999000999
Will Dwayne 'The Rock' Johnson win the 2028 US Presidential Election?,76252402837334795047528042167618984089231134882494719641438604550246396692717,82779978600617806806814031291287454099780828258739355925042203335968508676880,1000,fully_filled,15.0,986.0,1001.0,0.015,0.986,-1.0,-0.0999000999000999
Will Tucker Carlson win the 2028 US Presidential Election?,45015916581148592087728250896178171120552786117190685135618507471166113474733,5353194854864999214467212176625447374807704051407621946584152368216621932371,10,fully_filled,0.16,9.85,10.01,0.016,0.985,-0.009999999999999787,-0.09990009990009778
Will Tucker Carlson win the 2028 US Presidential Election?,45015916581148592087728250896178171120552786117190685135618507471166113474733,5353194854864999214467212176625447374807704051407621946584152368216621932371,50,fully_filled,0.8,49.25,50.05,0.016,0.985,-0.04999999999999716,-0.09990009990009421
Will Tucker Carlson win the 2028 US Presidential Election?,45015916581148592087728250896178171120552786117190685135618507471166113474733,5353194854864999214467212176625447374807704051407621946584152368216621932371,100,fully_filled,1.6,98.5,100.1,0.016,0.985,-0.09999999999999432,-0.09990009990009421
Will Tucker Carlson win the 2028 US Presidential Election?,45015916581148592087728250896178171120552786117190685135618507471166113474733,5353194854864999214467212176625447374807704051407621946584152368216621932371,250,fully_filled,4.0,246.25,250.25,0.016,0.985,-0.25,-0.0999000999000999
Will Tucker Carlson win the 2028 US Presidential Election?,45015916581148592087728250896178171120552786117190685135618507471166113474733,5353194854864999214467212176625447374807704051407621946584152368216621932371,500,fully_filled,8.0,492.5,500.5,0.016,0.985,-0.5,-0.0999000999000999
Will Tucker Carlson win the 2028 US Presidential Election?,45015916581148592087728250896178171120552786117190685135618507471166113474733,5353194854864999214467212176625447374807704051407621946584152368216621932371,1000,fully_filled,16.0,985.0,1001.0,0.016,0.985,-1.0,-0.0999000999000999
Will Kim Kardashian win the 2028 US Presidential Election?,24863363384036117015867671383779186335047493791693657275104567365292353535818,44632793419668141561343859504077903947361590865219599333832862239708628173864,10,not_fully_fillable,,,,,,,
Will Kim Kardashian win the 2028 US Presidential Election?,24863363384036117015867671383779186335047493791693657275104567365292353535818,44632793419668141561343859504077903947361590865219599333832862239708628173864,50,not_fully_fillable,,,,,,,
Will Kim Kardashian win the 2028 US Presidential Election?,24863363384036117015867671383779186335047493791693657275104567365292353535818,44632793419668141561343859504077903947361590865219599333832862239708628173864,100,not_fully_fillable,,,,,,,
Will Kim Kardashian win the 2028 US Presidential Election?,24863363384036117015867671383779186335047493791693657275104567365292353535818,44632793419668141561343859504077903947361590865219599333832862239708628173864,250,not_fully_fillable,,,,,,,
Will Kim Kardashian win the 2028 US Presidential Election?,24863363384036117015867671383779186335047493791693657275104567365292353535818,44632793419668141561343859504077903947361590865219599333832862239708628173864,500,not_fully_fillable,,,,,,,
Will Kim Kardashian win the 2028 US Presidential Election?,24863363384036117015867671383779186335047493791693657275104567365292353535818,44632793419668141561343859504077903947361590865219599333832862239708628173864,1000,not_fully_fillable,,,,,,,
Will Ivanka Trump win the 2028 US Presidential Election?,40932864651005132434669457369564353816786330205469778285035893634458129671101,56215025902031889702122383201324191240581604266667334383154318117703136383150,10,fully_filled,0.06,9.96,10.020000000000001,0.006,0.9960000000000001,-0.02000000000000135,-0.19960079840320705
Will Ivanka Trump win the 2028 US Presidential Election?,40932864651005132434669457369564353816786330205469778285035893634458129671101,56215025902031889702122383201324191240581604266667334383154318117703136383150,50,fully_filled,0.3,49.8,50.099999999999994,0.006,0.996,-0.09999999999999432,-0.1996007984031823
Will Ivanka Trump win the 2028 US Presidential Election?,40932864651005132434669457369564353816786330205469778285035893634458129671101,56215025902031889702122383201324191240581604266667334383154318117703136383150,100,fully_filled,0.6,99.6,100.19999999999999,0.006,0.996,-0.19999999999998863,-0.1996007984031823
Will Ivanka Trump win the 2028 US Presidential Election?,40932864651005132434669457369564353816786330205469778285035893634458129671101,56215025902031889702122383201324191240581604266667334383154318117703136383150,250,fully_filled,1.5,249.0,250.5,0.006,0.996,-0.5,-0.19960079840319359
Will Ivanka Trump win the 2028 US Presidential Election?,40932864651005132434669457369564353816786330205469778285035893634458129671101,56215025902031889702122383201324191240581604266667334383154318117703136383150,500,fully_filled,3.0,498.0,501.0,0.006,0.996,-1.0,-0.19960079840319359
Will Ivanka Trump win the 2028 US Presidential Election?,40932864651005132434669457369564353816786330205469778285035893634458129671101,56215025902031889702122383201324191240581604266667334383154318117703136383150,1000,fully_filled,6.0,996.0,1002.0,0.006,0.996,-2.0,-0.19960079840319359
Will Zohran Mamdani win the 2028 US Presidential Election?,94621929236241392639802280031607240386237812521756048982107414565863464212526,37476438367629084207797870684242875797541797912993121111059056752005821579571,10,not_fully_fillable,,,,,,,
Will Zohran Mamdani win the 2028 US Presidential Election?,94621929236241392639802280031607240386237812521756048982107414565863464212526,37476438367629084207797870684242875797541797912993121111059056752005821579571,50,not_fully_fillable,,,,,,,
Will Zohran Mamdani win the 2028 US Presidential Election?,94621929236241392639802280031607240386237812521756048982107414565863464212526,37476438367629084207797870684242875797541797912993121111059056752005821579571,100,not_fully_fillable,,,,,,,
Will Zohran Mamdani win the 2028 US Presidential Election?,94621929236241392639802280031607240386237812521756048982107414565863464212526,37476438367629084207797870684242875797541797912993121111059056752005821579571,250,not_fully_fillable,,,,,,,
Will Zohran Mamdani win the 2028 US Presidential Election?,94621929236241392639802280031607240386237812521756048982107414565863464212526,37476438367629084207797870684242875797541797912993121111059056752005821579571,500,not_fully_fillable,,,,,,,
Will Zohran Mamdani win the 2028 US Presidential Election?,94621929236241392639802280031607240386237812521756048982107414565863464212526,37476438367629084207797870684242875797541797912993121111059056752005821579571,1000,not_fully_fillable,,,,,,,
Will Michelle Obama win the 2028 US Presidential Election?,88521269813605705303364598280494261510300497312149869577251450871617962933121,1970496541508335019913900195809032484597886384784144327835472760880523550630,10,fully_filled,0.02,9.99,10.01,0.002,0.999,-0.009999999999999787,-0.09990009990009778
Will Michelle Obama win the 2028 US Presidential Election?,88521269813605705303364598280494261510300497312149869577251450871617962933121,1970496541508335019913900195809032484597886384784144327835472760880523550630,50,fully_filled,0.1,49.95,50.050000000000004,0.002,0.9990000000000001,-0.05000000000000426,-0.0999000999001084
Will Michelle Obama win the 2028 US Presidential Election?,88521269813605705303364598280494261510300497312149869577251450871617962933121,1970496541508335019913900195809032484597886384784144327835472760880523550630,100,fully_filled,0.2,99.9,100.10000000000001,0.002,0.9990000000000001,-0.10000000000000853,-0.0999000999001084
Will Michelle Obama win the 2028 US Presidential Election?,88521269813605705303364598280494261510300497312149869577251450871617962933121,1970496541508335019913900195809032484597886384784144327835472760880523550630,250,fully_filled,0.5,249.75,250.25,0.002,0.999,-0.25,-0.0999000999000999
Will Michelle Obama win the 2028 US Presidential Election?,88521269813605705303364598280494261510300497312149869577251450871617962933121,1970496541508335019913900195809032484597886384784144327835472760880523550630,500,fully_filled,1.0,499.5,500.5,0.002,0.999,-0.5,-0.0999000999000999
Will Michelle Obama win the 2028 US Presidential Election?,88521269813605705303364598280494261510300497312149869577251450871617962933121,1970496541508335019913900195809032484597886384784144327835472760880523550630,1000,fully_filled,2.0,999.0,1001.0,0.002,0.999,-1.0,-0.0999000999000999
Will Jamie Dimon win the 2028 US Presidential Election?,23692929455124171734375794579007643086071570310019729232490607671061438183936,30050897091642315762983745166096629857367320723415212749446858994810226049012,10,fully_filled,0.05,9.96,10.010000000000002,0.005,0.9960000000000001,-0.010000000000001563,-0.09990009990011549
Will Jamie Dimon win the 2028 US Presidential Election?,23692929455124171734375794579007643086071570310019729232490607671061438183936,30050897091642315762983745166096629857367320723415212749446858994810226049012,50,fully_filled,0.25,49.8,50.05,0.005,0.996,-0.04999999999999716,-0.09990009990009421
Will Jamie Dimon win the 2028 US Presidential Election?,23692929455124171734375794579007643086071570310019729232490607671061438183936,30050897091642315762983745166096629857367320723415212749446858994810226049012,100,fully_filled,0.5,99.6,100.1,0.005,0.996,-0.09999999999999432,-0.09990009990009421
Will Jamie Dimon win the 2028 US Presidential Election?,23692929455124171734375794579007643086071570310019729232490607671061438183936,30050897091642315762983745166096629857367320723415212749446858994810226049012,250,fully_filled,1.25,249.0,250.25,0.005,0.996,-0.25,-0.0999000999000999
Will Jamie Dimon win the 2028 US Presidential Election?,23692929455124171734375794579007643086071570310019729232490607671061438183936,30050897091642315762983745166096629857367320723415212749446858994810226049012,500,fully_filled,2.5,498.0,500.5,0.005,0.996,-0.5,-0.0999000999000999
Will Jamie Dimon win the 2028 US Presidential Election?,23692929455124171734375794579007643086071570310019729232490607671061438183936,30050897091642315762983745166096629857367320723415212749446858994810226049012,1000,fully_filled,5.0,996.0,1001.0,0.005,0.996,-1.0,-0.0999000999000999
Will Ro Khanna win the 2028 US Presidential Election?,45264462342307496826883801236629887275526404999716050689931105511159370296978,21034003091803474219272633665814818485285721473911024023600356649009960505229,10,fully_filled,0.10999999999999999,9.91,10.02,0.011,0.991,-0.019999999999999574,-0.19960079840318934
Will Ro Khanna win the 2028 US Presidential Election?,45264462342307496826883801236629887275526404999716050689931105511159370296978,21034003091803474219272633665814818485285721473911024023600356649009960505229,50,fully_filled,0.5499999999999999,49.55,50.099999999999994,0.011,0.991,-0.09999999999999432,-0.1996007984031823
Will Ro Khanna win the 2028 US Presidential Election?,45264462342307496826883801236629887275526404999716050689931105511159370296978,21034003091803474219272633665814818485285721473911024023600356649009960505229,100,fully_filled,1.0999999999999999,99.1,100.19999999999999,0.011,0.991,-0.19999999999998863,-0.1996007984031823
Will Ro Khanna win the 2028 US Presidential Election?,45264462342307496826883801236629887275526404999716050689931105511159370296978,21034003091803474219272633665814818485285721473911024023600356649009960505229,250,fully_filled,2.75,247.75,250.5,0.011,0.991,-0.5,-0.19960079840319359
Will Ro Khanna win the 2028 US Presidential Election?,45264462342307496826883801236629887275526404999716050689931105511159370296978,21034003091803474219272633665814818485285721473911024023600356649009960505229,500,fully_filled,5.5,495.68627,501.18627,0.011,0.99137254,-1.186269999999979,-0.23669243772379858
Will Ro Khanna win the 2028 US Presidential Election?,45264462342307496826883801236629887275526404999716050689931105511159370296978,21034003091803474219272633665814818485285721473911024023600356649009960505229,1000,fully_filled,11.0,991.6862699999999,1002.6862699999999,0.011,0.9916862699999999,-2.686269999999922,-0.26790732858044647
Will Thomas Massie win the 2028 US Presidential Election?,89071282556584199015490241074221756662667488270789034763702585258138302536112,18620821165547265880582330532076859546462061138941862890257010665389427790094,10,fully_filled,0.10999999999999999,9.9,10.01,0.011,0.99,-0.009999999999999787,-0.09990009990009778
Will Thomas Massie win the 2028 US Presidential Election?,89071282556584199015490241074221756662667488270789034763702585258138302536112,18620821165547265880582330532076859546462061138941862890257010665389427790094,50,fully_filled,0.5499999999999999,49.53386,50.083859999999994,0.011,0.9906771999999999,-0.08385999999999427,-0.1674391710223499
Will Thomas Massie win the 2028 US Presidential Election?,89071282556584199015490241074221756662667488270789034763702585258138302536112,18620821165547265880582330532076859546462061138941862890257010665389427790094,100,fully_filled,1.0999999999999999,99.08386,100.18386,0.011,0.9908386,-0.1838599999999957,-0.18352257539287836
Will Thomas Massie win the 2028 US Presidential Election?,89071282556584199015490241074221756662667488270789034763702585258138302536112,18620821165547265880582330532076859546462061138941862890257010665389427790094,250,fully_filled,2.75,247.73386000000002,250.48386000000002,0.011,0.9909354400000001,-0.4838600000000213,-0.19317013080204898
Will Thomas Massie win the 2028 US Presidential Election?,89071282556584199015490241074221756662667488270789034763702585258138302536112,18620821165547265880582330532076859546462061138941862890257010665389427790094,500,fully_filled,5.5,495.70905999999997,501.20905999999997,0.011,0.99141812,-1.2090599999999654,-0.24122868010405984
Will Thomas Massie win the 2028 US Presidential Election?,89071282556584199015490241074221756662667488270789034763702585258138302536112,18620821165547265880582330532076859546462061138941862890257010665389427790094,1000,fully_filled,11.0,991.70906,1002.70906,0.011,0.99170906,-2.7090600000000222,-0.27017408220087513
Will Jon Ossoff win the 2028 US Presidential Election?,110102705199530588976777616718115948005824665233400132417374621750887344831757,98394838816403247684221016468696784125095120854407803889228262583112436699261,10,fully_filled,1.1600000000000001,8.85,10.01,0.11600000000000002,0.885,-0.009999999999999787,-0.09990009990009778
Will Jon Ossoff win the 2028 US Presidential Election?,110102705199530588976777616718115948005824665233400132417374621750887344831757,98394838816403247684221016468696784125095120854407803889228262583112436699261,50,fully_filled,5.800000000000001,44.25,50.05,0.11600000000000002,0.885,-0.04999999999999716,-0.09990009990009421
Will Jon Ossoff win the 2028 US Presidential Election?,110102705199530588976777616718115948005824665233400132417374621750887344831757,98394838816403247684221016468696784125095120854407803889228262583112436699261,100,fully_filled,11.600000000000001,88.5,100.1,0.11600000000000002,0.885,-0.09999999999999432,-0.09990009990009421
Will Jon Ossoff win the 2028 US Presidential Election?,110102705199530588976777616718115948005824665233400132417374621750887344831757,98394838816403247684221016468696784125095120854407803889228262583112436699261,250,fully_filled,29.0,221.25,250.25,0.116,0.885,-0.25,-0.0999000999000999
Will Jon Ossoff win the 2028 US Presidential Election?,110102705199530588976777616718115948005824665233400132417374621750887344831757,98394838816403247684221016468696784125095120854407803889228262583112436699261,500,fully_filled,58.0,442.5,500.5,0.116,0.885,-0.5,-0.0999000999000999
Will Jon Ossoff win the 2028 US Presidential Election?,110102705199530588976777616718115948005824665233400132417374621750887344831757,98394838816403247684221016468696784125095120854407803889228262583112436699261,1000,fully_filled,116.0,885.0,1001.0,0.116,0.885,-1.0,-0.0999000999000999
Will James Talarico win the 2028 US Presidential Election?,92909595831677784305960426832337551335132297174712723670055008600724483830120,26699870693127605012594021642110712356790266877635966965879322906179628109191,10,fully_filled,0.08,9.93,10.01,0.008,0.993,-0.009999999999999787,-0.09990009990009778
Will James Talarico win the 2028 US Presidential Election?,92909595831677784305960426832337551335132297174712723670055008600724483830120,26699870693127605012594021642110712356790266877635966965879322906179628109191,50,fully_filled,0.4,49.65,50.05,0.008,0.993,-0.04999999999999716,-0.09990009990009421
Will James Talarico win the 2028 US Presidential Election?,92909595831677784305960426832337551335132297174712723670055008600724483830120,26699870693127605012594021642110712356790266877635966965879322906179628109191,100,fully_filled,0.8,99.3,100.1,0.008,0.993,-0.09999999999999432,-0.09990009990009421
Will James Talarico win the 2028 US Presidential Election?,92909595831677784305960426832337551335132297174712723670055008600724483830120,26699870693127605012594021642110712356790266877635966965879322906179628109191,250,fully_filled,2.0,248.25,250.25,0.008,0.993,-0.25,-0.0999000999000999
Will James Talarico win the 2028 US Presidential Election?,92909595831677784305960426832337551335132297174712723670055008600724483830120,26699870693127605012594021642110712356790266877635966965879322906179628109191,500,fully_filled,4.0,496.55899,500.55899,0.008,0.99311798,-0.5589899999999943,-0.1116731516499173
Will James Talarico win the 2028 US Presidential Election?,92909595831677784305960426832337551335132297174712723670055008600724483830120,26699870693127605012594021642110712356790266877635966965879322906179628109191,1000,fully_filled,8.0,993.55899,1001.55899,0.008,0.99355899,-1.5589899999999943,-0.1556563333328968
Will Eric Trump win the 2028 US Presidential Election?,67028631656597977031363620447645908995417871899828777750494099295092202422178,92435534412344629891924787958876018882926476169555134960124357040149315497159,10,not_fully_fillable,,,,,,,
Will Eric Trump win the 2028 US Presidential Election?,67028631656597977031363620447645908995417871899828777750494099295092202422178,92435534412344629891924787958876018882926476169555134960124357040149315497159,50,not_fully_fillable,,,,,,,
Will Eric Trump win the 2028 US Presidential Election?,67028631656597977031363620447645908995417871899828777750494099295092202422178,92435534412344629891924787958876018882926476169555134960124357040149315497159,100,not_fully_fillable,,,,,,,
Will Eric Trump win the 2028 US Presidential Election?,67028631656597977031363620447645908995417871899828777750494099295092202422178,92435534412344629891924787958876018882926476169555134960124357040149315497159,250,not_fully_fillable,,,,,,,
Will Eric Trump win the 2028 US Presidential Election?,67028631656597977031363620447645908995417871899828777750494099295092202422178,92435534412344629891924787958876018882926476169555134960124357040149315497159,500,not_fully_fillable,,,,,,,
Will Eric Trump win the 2028 US Presidential Election?,67028631656597977031363620447645908995417871899828777750494099295092202422178,92435534412344629891924787958876018882926476169555134960124357040149315497159,1000,not_fully_fillable,,,,,,,
Will Pete Hegseth win the 2028 US Presidential Election?,19127703543758281171764934244436807153695715307017908811054254126168591609122,55988424779505974483153818818889528404380009581145395352086864710928569072171,10,not_fully_fillable,,,,,,,
Will Pete Hegseth win the 2028 US Presidential Election?,19127703543758281171764934244436807153695715307017908811054254126168591609122,55988424779505974483153818818889528404380009581145395352086864710928569072171,50,not_fully_fillable,,,,,,,
Will Pete Hegseth win the 2028 US Presidential Election?,19127703543758281171764934244436807153695715307017908811054254126168591609122,55988424779505974483153818818889528404380009581145395352086864710928569072171,100,not_fully_fillable,,,,,,,
Will Pete Hegseth win the 2028 US Presidential Election?,19127703543758281171764934244436807153695715307017908811054254126168591609122,55988424779505974483153818818889528404380009581145395352086864710928569072171,250,not_fully_fillable,,,,,,,
Will Pete Hegseth win the 2028 US Presidential Election?,19127703543758281171764934244436807153695715307017908811054254126168591609122,55988424779505974483153818818889528404380009581145395352086864710928569072171,500,not_fully_fillable,,,,,,,
Will Pete Hegseth win the 2028 US Presidential Election?,19127703543758281171764934244436807153695715307017908811054254126168591609122,55988424779505974483153818818889528404380009581145395352086864710928569072171,1000,not_fully_fillable,,,,,,,
Will Jalen Brunson win the 2028 US Presidential Election?,102551965884513878228913656538331960551103243325173310298991321638711054206295,25024096730843207041631203687678604497004516683590537482462688974562400646963,10,not_fully_fillable,,,,,,,
Will Jalen Brunson win the 2028 US Presidential Election?,102551965884513878228913656538331960551103243325173310298991321638711054206295,25024096730843207041631203687678604497004516683590537482462688974562400646963,50,not_fully_fillable,,,,,,,
Will Jalen Brunson win the 2028 US Presidential Election?,102551965884513878228913656538331960551103243325173310298991321638711054206295,25024096730843207041631203687678604497004516683590537482462688974562400646963,100,not_fully_fillable,,,,,,,
Will Jalen Brunson win the 2028 US Presidential Election?,102551965884513878228913656538331960551103243325173310298991321638711054206295,25024096730843207041631203687678604497004516683590537482462688974562400646963,250,not_fully_fillable,,,,,,,
Will Jalen Brunson win the 2028 US Presidential Election?,102551965884513878228913656538331960551103243325173310298991321638711054206295,25024096730843207041631203687678604497004516683590537482462688974562400646963,500,not_fully_fillable,,,,,,,
Will Jalen Brunson win the 2028 US Presidential Election?,102551965884513878228913656538331960551103243325173310298991321638711054206295,25024096730843207041631203687678604497004516683590537482462688974562400646963,1000,not_fully_fillable,,,,,,,
Will Abigail Spanberger win the 2028 US Presidential Election?,26300126250638962432368126833553865841971269530697411678483716322368818562639,56204927946241537265164149462328189883020469254625443960117418316112304974602,10,not_fully_fillable,,,,,,,
Will Abigail Spanberger win the 2028 US Presidential Election?,26300126250638962432368126833553865841971269530697411678483716322368818562639,56204927946241537265164149462328189883020469254625443960117418316112304974602,50,not_fully_fillable,,,,,,,
Will Abigail Spanberger win the 2028 US Presidential Election?,26300126250638962432368126833553865841971269530697411678483716322368818562639,56204927946241537265164149462328189883020469254625443960117418316112304974602,100,not_fully_fillable,,,,,,,
Will Abigail Spanberger win the 2028 US Presidential Election?,26300126250638962432368126833553865841971269530697411678483716322368818562639,56204927946241537265164149462328189883020469254625443960117418316112304974602,250,not_fully_fillable,,,,,,,
Will Abigail Spanberger win the 2028 US Presidential Election?,26300126250638962432368126833553865841971269530697411678483716322368818562639,56204927946241537265164149462328189883020469254625443960117418316112304974602,500,not_fully_fillable,,,,,,,
Will Abigail Spanberger win the 2028 US Presidential Election?,26300126250638962432368126833553865841971269530697411678483716322368818562639,56204927946241537265164149462328189883020469254625443960117418316112304974602,1000,not_fully_fillable,,,,,,,
Will Hakeem Jeffries win the 2028 US Presidential Election?,27324378907862915329653747321506298712990175671811760510867365204472005456284,92680287057439870681299584384986809628158268708309296202308169106990008539739,10,not_fully_fillable,,,,,,,
Will Hakeem Jeffries win the 2028 US Presidential Election?,27324378907862915329653747321506298712990175671811760510867365204472005456284,92680287057439870681299584384986809628158268708309296202308169106990008539739,50,not_fully_fillable,,,,,,,
Will Hakeem Jeffries win the 2028 US Presidential Election?,27324378907862915329653747321506298712990175671811760510867365204472005456284,92680287057439870681299584384986809628158268708309296202308169106990008539739,100,not_fully_fillable,,,,,,,
Will Hakeem Jeffries win the 2028 US Presidential Election?,27324378907862915329653747321506298712990175671811760510867365204472005456284,92680287057439870681299584384986809628158268708309296202308169106990008539739,250,not_fully_fillable,,,,,,,
Will Hakeem Jeffries win the 2028 US Presidential Election?,27324378907862915329653747321506298712990175671811760510867365204472005456284,92680287057439870681299584384986809628158268708309296202308169106990008539739,500,not_fully_fillable,,,,,,,
Will Hakeem Jeffries win the 2028 US Presidential Election?,27324378907862915329653747321506298712990175671811760510867365204472005456284,92680287057439870681299584384986809628158268708309296202308169106990008539739,1000,not_fully_fillable,,,,,,,
Will Elissa Slotkin win the 2028 US Presidential Election?,48603794625473459817558518297806850992009615470611080215039575427157653927669,52728319505612554616109154570709065358779880697251731838206843628919066236833,10,fully_filled,0.02,9.99,10.01,0.002,0.999,-0.009999999999999787,-0.09990009990009778
Will Elissa Slotkin win the 2028 US Presidential Election?,48603794625473459817558518297806850992009615470611080215039575427157653927669,52728319505612554616109154570709065358779880697251731838206843628919066236833,50,fully_filled,0.1,49.95,50.050000000000004,0.002,0.9990000000000001,-0.05000000000000426,-0.0999000999001084
Will Elissa Slotkin win the 2028 US Presidential Election?,48603794625473459817558518297806850992009615470611080215039575427157653927669,52728319505612554616109154570709065358779880697251731838206843628919066236833,100,fully_filled,0.2,99.9,100.10000000000001,0.002,0.9990000000000001,-0.10000000000000853,-0.0999000999001084
Will Elissa Slotkin win the 2028 US Presidential Election?,48603794625473459817558518297806850992009615470611080215039575427157653927669,52728319505612554616109154570709065358779880697251731838206843628919066236833,250,fully_filled,0.5,249.75,250.25,0.002,0.999,-0.25,-0.0999000999000999
Will Elissa Slotkin win the 2028 US Presidential Election?,48603794625473459817558518297806850992009615470611080215039575427157653927669,52728319505612554616109154570709065358779880697251731838206843628919066236833,500,fully_filled,1.0,499.5,500.5,0.002,0.999,-0.5,-0.0999000999000999
Will Elissa Slotkin win the 2028 US Presidential Election?,48603794625473459817558518297806850992009615470611080215039575427157653927669,52728319505612554616109154570709065358779880697251731838206843628919066236833,1000,fully_filled,2.0,999.0,1001.0,0.002,0.999,-1.0,-0.0999000999000999
Will Adam Schiff win the 2028 US Presidential Election?,41714979268040478071540687092470339003658632436860166518888808949878005742810,64861611938661374970167075583118094920857040813468137850797111348162445000117,10,not_fully_fillable,,,,,,,
Will Adam Schiff win the 2028 US Presidential Election?,41714979268040478071540687092470339003658632436860166518888808949878005742810,64861611938661374970167075583118094920857040813468137850797111348162445000117,50,not_fully_fillable,,,,,,,
Will Adam Schiff win the 2028 US Presidential Election?,41714979268040478071540687092470339003658632436860166518888808949878005742810,64861611938661374970167075583118094920857040813468137850797111348162445000117,100,not_fully_fillable,,,,,,,
Will Adam Schiff win the 2028 US Presidential Election?,41714979268040478071540687092470339003658632436860166518888808949878005742810,64861611938661374970167075583118094920857040813468137850797111348162445000117,250,not_fully_fillable,,,,,,,
Will Adam Schiff win the 2028 US Presidential Election?,41714979268040478071540687092470339003658632436860166518888808949878005742810,64861611938661374970167075583118094920857040813468137850797111348162445000117,500,not_fully_fillable,,,,,,,
Will Adam Schiff win the 2028 US Presidential Election?,41714979268040478071540687092470339003658632436860166518888808949878005742810,64861611938661374970167075583118094920857040813468137850797111348162445000117,1000,not_fully_fillable,,,,,,,
Will Josh Stein win the 2028 US Presidential Election?,81914651028896069221591777664987513664858213907907450367169656205040430609207,65690056973061661242675346311703362078774633474188031871609738459615961194811,10,not_fully_fillable,,,,,,,
Will Josh Stein win the 2028 US Presidential Election?,81914651028896069221591777664987513664858213907907450367169656205040430609207,65690056973061661242675346311703362078774633474188031871609738459615961194811,50,not_fully_fillable,,,,,,,
Will Josh Stein win the 2028 US Presidential Election?,81914651028896069221591777664987513664858213907907450367169656205040430609207,65690056973061661242675346311703362078774633474188031871609738459615961194811,100,not_fully_fillable,,,,,,,
Will Josh Stein win the 2028 US Presidential Election?,81914651028896069221591777664987513664858213907907450367169656205040430609207,65690056973061661242675346311703362078774633474188031871609738459615961194811,250,not_fully_fillable,,,,,,,
Will Josh Stein win the 2028 US Presidential Election?,81914651028896069221591777664987513664858213907907450367169656205040430609207,65690056973061661242675346311703362078774633474188031871609738459615961194811,500,not_fully_fillable,,,,,,,
Will Josh Stein win the 2028 US Presidential Election?,81914651028896069221591777664987513664858213907907450367169656205040430609207,65690056973061661242675346311703362078774633474188031871609738459615961194811,1000,not_fully_fillable,,,,,,,
Will Alex Padilla win the 2028 US Presidential Election?,111275251472058072508619811663710362197823477418115657686883100870313266336765,17525279555198427422522944312175513306451262897003545478403196837987378558377,10,not_fully_fillable,,,,,,,
Will Alex Padilla win the 2028 US Presidential Election?,111275251472058072508619811663710362197823477418115657686883100870313266336765,17525279555198427422522944312175513306451262897003545478403196837987378558377,50,not_fully_fillable,,,,,,,
Will Alex Padilla win the 2028 US Presidential Election?,111275251472058072508619811663710362197823477418115657686883100870313266336765,17525279555198427422522944312175513306451262897003545478403196837987378558377,100,not_fully_fillable,,,,,,,
Will Alex Padilla win the 2028 US Presidential Election?,111275251472058072508619811663710362197823477418115657686883100870313266336765,17525279555198427422522944312175513306451262897003545478403196837987378558377,250,not_fully_fillable,,,,,,,
Will Alex Padilla win the 2028 US Presidential Election?,111275251472058072508619811663710362197823477418115657686883100870313266336765,17525279555198427422522944312175513306451262897003545478403196837987378558377,500,not_fully_fillable,,,,,,,
Will Alex Padilla win the 2028 US Presidential Election?,111275251472058072508619811663710362197823477418115657686883100870313266336765,17525279555198427422522944312175513306451262897003545478403196837987378558377,1000,not_fully_fillable,,,,,,,
Will Candace Owens win the 2028 US Presidential Election?,30592713517693064640872287798282181889924970160995509574203628557763502328846,63747459676140983983119370335862836972776944721638042677139477092813941329379,10,not_fully_fillable,,,,,,,
Will Candace Owens win the 2028 US Presidential Election?,30592713517693064640872287798282181889924970160995509574203628557763502328846,63747459676140983983119370335862836972776944721638042677139477092813941329379,50,not_fully_fillable,,,,,,,
Will Candace Owens win the 2028 US Presidential Election?,30592713517693064640872287798282181889924970160995509574203628557763502328846,63747459676140983983119370335862836972776944721638042677139477092813941329379,100,not_fully_fillable,,,,,,,
Will Candace Owens win the 2028 US Presidential Election?,30592713517693064640872287798282181889924970160995509574203628557763502328846,63747459676140983983119370335862836972776944721638042677139477092813941329379,250,not_fully_fillable,,,,,,,
Will Candace Owens win the 2028 US Presidential Election?,30592713517693064640872287798282181889924970160995509574203628557763502328846,63747459676140983983119370335862836972776944721638042677139477092813941329379,500,not_fully_fillable,,,,,,,
Will Candace Owens win the 2028 US Presidential Election?,30592713517693064640872287798282181889924970160995509574203628557763502328846,63747459676140983983119370335862836972776944721638042677139477092813941329379,1000,not_fully_fillable,,,,,,,
Will Tim Scott win the 2028 US Presidential Election?,24908228760416922213612434617001183346078469158297998009944252494961344688838,11859092901364772208765529642173057538268245606218298881278208061029457183888,10,not_fully_fillable,,,,,,,
Will Tim Scott win the 2028 US Presidential Election?,24908228760416922213612434617001183346078469158297998009944252494961344688838,11859092901364772208765529642173057538268245606218298881278208061029457183888,50,not_fully_fillable,,,,,,,
Will Tim Scott win the 2028 US Presidential Election?,24908228760416922213612434617001183346078469158297998009944252494961344688838,11859092901364772208765529642173057538268245606218298881278208061029457183888,100,not_fully_fillable,,,,,,,
Will Tim Scott win the 2028 US Presidential Election?,24908228760416922213612434617001183346078469158297998009944252494961344688838,11859092901364772208765529642173057538268245606218298881278208061029457183888,250,not_fully_fillable,,,,,,,
Will Tim Scott win the 2028 US Presidential Election?,24908228760416922213612434617001183346078469158297998009944252494961344688838,11859092901364772208765529642173057538268245606218298881278208061029457183888,500,not_fully_fillable,,,,,,,
Will Tim Scott win the 2028 US Presidential Election?,24908228760416922213612434617001183346078469158297998009944252494961344688838,11859092901364772208765529642173057538268245606218298881278208061029457183888,1000,not_fully_fillable,,,,,,,
Will Mike Johnson win the 2028 US Presidential Election?,12167445601241038494598627746141164571603283042691642667221433294800793091205,9840968653599928014975758860003361924335058077946108821235343614820040422707,10,not_fully_fillable,,,,,,,
Will Mike Johnson win the 2028 US Presidential Election?,12167445601241038494598627746141164571603283042691642667221433294800793091205,9840968653599928014975758860003361924335058077946108821235343614820040422707,50,not_fully_fillable,,,,,,,
Will Mike Johnson win the 2028 US Presidential Election?,12167445601241038494598627746141164571603283042691642667221433294800793091205,9840968653599928014975758860003361924335058077946108821235343614820040422707,100,not_fully_fillable,,,,,,,
Will Mike Johnson win the 2028 US Presidential Election?,12167445601241038494598627746141164571603283042691642667221433294800793091205,9840968653599928014975758860003361924335058077946108821235343614820040422707,250,not_fully_fillable,,,,,,,
Will Mike Johnson win the 2028 US Presidential Election?,12167445601241038494598627746141164571603283042691642667221433294800793091205,9840968653599928014975758860003361924335058077946108821235343614820040422707,500,not_fully_fillable,,,,,,,
Will Mike Johnson win the 2028 US Presidential Election?,12167445601241038494598627746141164571603283042691642667221433294800793091205,9840968653599928014975758860003361924335058077946108821235343614820040422707,1000,not_fully_fillable,,,,,,,
Will Doug Burgum win the 2028 US Presidential Election?,94314941650039047289265493612932677665453822154521043846008907983710285812703,95884527968430507361099486487437375025232177441474571920519522278338971837411,10,not_fully_fillable,,,,,,,
Will Doug Burgum win the 2028 US Presidential Election?,94314941650039047289265493612932677665453822154521043846008907983710285812703,95884527968430507361099486487437375025232177441474571920519522278338971837411,50,not_fully_fillable,,,,,,,
Will Doug Burgum win the 2028 US Presidential Election?,94314941650039047289265493612932677665453822154521043846008907983710285812703,95884527968430507361099486487437375025232177441474571920519522278338971837411,100,not_fully_fillable,,,,,,,
Will Doug Burgum win the 2028 US Presidential Election?,94314941650039047289265493612932677665453822154521043846008907983710285812703,95884527968430507361099486487437375025232177441474571920519522278338971837411,250,not_fully_fillable,,,,,,,
Will Doug Burgum win the 2028 US Presidential Election?,94314941650039047289265493612932677665453822154521043846008907983710285812703,95884527968430507361099486487437375025232177441474571920519522278338971837411,500,not_fully_fillable,,,,,,,
Will Doug Burgum win the 2028 US Presidential Election?,94314941650039047289265493612932677665453822154521043846008907983710285812703,95884527968430507361099486487437375025232177441474571920519522278338971837411,1000,not_fully_fillable,,,,,,,
