question,yes_token,no_token,yes_bid,yes_ask,no_bid,no_ask,total_cost,gross_profit,gross_profit_pct
Xi Jinping out before 2027?,32338220190071351435772801779725302244575775216413325951443816017994629993401,25659310674993675562345759665114759892400026242514633218387667107987341231962,0.037,0.038,0.962,0.963,1.001,-0.0009999999999998899,-0.09990009990008891
Will Gavin Newsom win the 2028 Democratic presidential nomination?,54533043819946592547517511176940999955633860128497669742211153063842200957669,87854174148074652060467921081181402357467303721471806610111179101805869578687,0.153,0.159,0.841,0.847,1.006,-0.006000000000000005,-0.5964214711729627
Will Alexandria Ocasio-Cortez win the 2028 Democratic presidential nomination?,107064985435494333113391038470401719113272800530429703182710416066774068907304,65176072261324737856085688071627118509549293922582857186996392180609764586527,0.176,0.182,0.818,0.824,1.006,-0.006000000000000005,-0.5964214711729627
Will Pete Buttigieg win the 2028 Democratic presidential nomination?,91031279171981959197361710127213577102576826515163085396576756946418341946256,18494065527924073750217237765784380365430319396356251245973222791140100738948,0.051,0.052,0.948,0.949,1.001,-0.0009999999999998899,-0.09990009990008891
Will Josh Shapiro win the 2028 Democratic presidential nomination?,71169839497420596285841847514123589847893415750912355173877524195175834054354,55290827599553280245963175724940496753557722439999671239772487781170052583987,0.055,0.062,0.938,0.945,1.007,-0.006999999999999895,-0.6951340615690065
Will Wes Moore win the 2028 Democratic presidential nomination?,90227223115596293448966158151606153337847900483048338623540402385929720677904,105134691322323565615831879054043168027913414000042547943201361115853277749482,0.017,0.018,0.982,0.983,1.001,-0.0009999999999998899,-0.09990009990008891
Will Stephen A. Smith win the 2028 Democratic presidential nomination?,60590045489347122735554346200880179420435533609307820342798544098823516727807,76005700027045000587004110133818166617024719626220722682005164003117993034812,0.001,0.002,0.998,0.999,1.001,-0.0009999999999998899,-0.09990009990008891
Will Kamala Harris win the 2028 Democratic presidential nomination?,38171024903091354977195167437673496224420673639143973968032407064172828043588,26930844951471612827925270830087046333229637930899178134435055616497220846773,0.096,0.097,0.903,0.904,1.0010000000000001,-0.001000000000000112,-0.09990009990011106
Will Gretchen Whitmer win the 2028 Democratic presidential nomination?,57761428076807364758801249497410455358987881775226117256631754592198558850468,64300336035644500626313522990854070672468621241744347587785777226296613235598,0.004,0.005,0.995,0.996,1.001,-0.0009999999999998899,-0.09990009990008891
Will Andy Beshear win the 2028 Democratic presidential nomination?,26468656392978559668331516709623917078428425933265692717836103090220693717685,26335362363448644358593284423242327477307616743233875606762153873424287882825,0.024,0.025,0.975,0.976,1.001,-0.0009999999999998899,-0.09990009990008891
Will Jon Ossoff win the 2028 Democratic presidential nomination?,70071592420137476676935286377781779672157004436137616627487590484756055232944,107829893465244243112531790315844862173967342141753896250561816305880797209350,0.164,0.165,0.835,0.836,1.001,-0.0009999999999998899,-0.09990009990008891
Will Mark Cuban win the 2028 Democratic presidential nomination?,58378309871183461257693288827678410871907006920578755035402846056315798427503,55392527126713018429304496836617506663024188480522297953714346140749923557790,0.003,0.004,0.996,0.997,1.001,-0.0009999999999998899,-0.09990009990008891
Will J.B. Pritzker win the 2028 Democratic presidential nomination?,103988345069738240821107916249290759786442703283901164377120414690701074137717,108650988487983371520585351370999192979899647080710024226285750050382033453124,0.012,0.013,0.987,0.988,1.001,-0.0009999999999998899,-0.09990009990008891
Will Raphael Warnock win the 2028 Democratic presidential nomination?,52310257194926233099477326083312959938983447523839326865869372741334281264830,88403451835230950222119400360490338078378790763472355557584611572247419676051,0.005,0.006,0.994,0.995,1.001,-0.0009999999999998899,-0.09990009990008891
Will Cory Booker win the 2028 Democratic presidential nomination?,50887272939612765629559172143901565817521391945540156085421963433918821328137,29006371059590547574472177233842141554614007974283936149779962779213443973844,0.005,0.006,0.994,0.995,1.001,-0.0009999999999998899,-0.09990009990008891
Will Michelle Obama win the 2028 Democratic presidential nomination?,83723134981785004242996949681785273460678873813693556756054904164484296299719,107146110974011455665373243296921398136854344089489911087344946921091914123046,0.002,0.003,0.997,0.998,1.001,-0.0009999999999998899,-0.09990009990008891
Will Mark Kelly win the 2028 Democratic presidential nomination?,92325249719485031139867422012514654102580961954747753469470405147070256604118,5116999494213083595175041146469973274436003044730013359502912125889113751080,0.03,0.031,0.969,0.97,1.001,-0.0009999999999998899,-0.09990009990008891
Will Rahm Emanuel win the 2028 Democratic presidential nomination?,10521981432803570450946212503203364998108630328528216082760514453664705157397,91949042216127305292438280992722171735754548787382833799906976841509942727662,0.018,0.019,0.981,0.982,1.001,-0.0009999999999998899,-0.09990009990008891
Will Gina Raimondo win the 2028 Democratic presidential nomination?,35165603539035270209469650915267170915291414186795231160733227083640059691764,82254794773423437491598574581796732934760602553828664932786984448280136473130,0.001,0.002,0.998,0.999,1.001,-0.0009999999999998899,-0.09990009990008891
Will Zohran Mamdani win the 2028 Democratic presidential nomination?,19323997520040734631220675039559156784534982703459512097490198935565229528445,111309365336519526711604102518316708823622751854213281307404397618571408959194,0.001,0.002,0.998,0.999,1.001,-0.0009999999999998899,-0.09990009990008891
Will Roy Cooper win the 2028 Democratic presidential nomination?,30732552320006664177902085971957467957450485111214036633872573588757974348601,55053374667733007627913689484290555932799177921000957543346276204775142445823,0.001,0.002,0.998,0.999,1.001,-0.0009999999999998899,-0.09990009990008891
Will Jared Polis win the 2028 Democratic presidential nomination?,42119164854283656238382173699154739480090965550328051492328192273011556335098,39150381508679235943386404690610035044747196600759141560840372170757042543675,0.001,0.002,0.998,0.999,1.001,-0.0009999999999998899,-0.09990009990008891
Will Jon Stewart win the 2028 Democratic presidential nomination?,58343456405874365460518182619380252930558598368174305791768670198253267891911,84566561349071752664514432513198569980219178901068420341175150225620958953893,0.003,0.004,0.996,0.997,1.001,-0.0009999999999998899,-0.09990009990008891
Will Barack Obama win the 2028 Democratic presidential nomination?,88927218779847397120407909832537568114340511586397698395193736044476021744522,93993883668914241189795812807312922412111034935516092303580333564217329905759,0.001,0.002,0.998,0.999,1.001,-0.0009999999999998899,-0.09990009990008891
Will Hillary Clinton win the 2028 Democratic presidential nomination?,6349038249650226718426900942104344803413105653564595362433352811865798195800,57931882677606943294773135604094039468334392354204920135953322654005083822055,0.001,0.002,0.998,0.999,1.001,-0.0009999999999998899,-0.09990009990008891
Will Bernie Sanders win the 2028 Democratic presidential nomination?,113510300123120868861281132282742729065975487298059944817273881893086209196585,3444964147133304300560138317203877470064591148213906708394693248804691192318,0.004,0.005,0.995,0.996,1.001,-0.0009999999999998899,-0.09990009990008891
Will Phil Murphy win the 2028 Democratic presidential nomination?,81633484456710374417231462107666791993850637546563366185897100962157481970040,114507466536734360808195115190160357255467689128176113085692265197019898971527,0.001,0.002,0.998,0.999,1.001,-0.0009999999999998899,-0.09990009990008891
Will Hunter Biden win the 2028 Democratic presidential nomination?,11343337042526652606304508556838778144915122118685013460142819817079620240439,19117858613830240204442128472263675815111662346578092643025820800380629933012,0.004,0.006,0.994,0.996,1.002,-0.0020000000000000018,-0.19960079840319378
Will Chelsea Clinton win the 2028 Democratic presidential nomination?,46211769122513729244602558513001215391004042100934296321661285791281233261657,76057920052421891902791411567177996435483774677774664174053982044923692373687,0.006,0.007,0.993,0.994,1.001,-0.0009999999999998899,-0.09990009990008891
Will Dwayne 'The Rock' Johnson win the 2028 Democratic presidential nomination?,40963724357262746498642320898188195118391211877976821531149510360187173789737,14959910401705469574520698331840889689202579612030624016640567510369602599866,0.011,0.012,0.988,0.989,1.001,-0.0009999999999998899,-0.09990009990008891
Will Andrew Yang win the 2028 Democratic presidential nomination?,102504892414163237174864879683522880588750452841477290216845150938663289742135,21234886083000978203440582985665409733123024063268807484684316771005736994028,0.001,0.002,0.998,0.999,1.001,-0.0009999999999998899,-0.09990009990008891
Will Chris Murphy win the 2028 Democratic presidential nomination?,8815924480259634499011776432080696931704057619336093802050596292915996723758,45099054006923138281311463758770234951153596952213440096254242321807308634603,0.004,0.005,0.995,0.996,1.001,-0.0009999999999998899,-0.09990009990008891
Will Jasmine Crockett win the 2028 Democratic presidential nomination?,22103094389913052942362639589409218272323168761614999702665821259175535456835,10893367019711826592833821276710094799225035200719824531380610476790390190688,0.001,0.002,0.998,0.999,1.001,-0.0009999999999998899,-0.09990009990008891
Will Ruben Gallego win the 2028 Democratic presidential nomination?,94658518227479141344875476648819337938746150529318297759951212169676959854478,89549550119611798541187132573193884477265258658615163602217456913355320927577,0.001,0.002,0.998,0.999,1.001,-0.0009999999999998899,-0.09990009990008891
Will Ro Khanna win the 2028 Democratic presidential nomination?,20374050108659687356429749447884880983779889840007423115803042125707701269498,2610336024939503976910443133965525155112118948066646227040491461288298872236,0.013,0.014,0.986,0.987,1.001,-0.0009999999999998899,-0.09990009990008891
Will James Talarico win the 2028 Democratic presidential nomination?,52535923606561722941567320365820395300598958985353103429657683100920373025261,20643805904661385280242837899001038341346631607217619709766724611396929658707,0.024,0.025,0.975,0.976,1.001,-0.0009999999999998899,-0.09990009990008891
Will Abigail Spanberger win the 2028 Democratic presidential nomination?,67834126955354466786049932246962827069514258320708123726234642047236874537300,85842730802801029317331291122638780955014362480310249655739704629273608465884,0.001,0.002,0.998,0.999,1.001,-0.0009999999999998899,-0.09990009990008891
Will Hakeem Jeffries win the 2028 Democratic presidential nomination?,23940655822937666554179928631365405234554137716172612284986318717257054413669,74558297484750387958365610940184220316219182006445006209048673137036909262424,0.001,0.002,0.998,0.999,1.001,-0.0009999999999998899,-0.09990009990008891
Will Elissa Slotkin win the 2028 Democratic presidential nomination?,48455736546094517370011063312529885328905072240106316551156607253162886762655,21910945789202551310737182019481519202352824012676720876277298283641159588352,0.001,0.002,0.998,0.999,1.001,-0.0009999999999998899,-0.09990009990008891
Will Josh Stein win the 2028 Democratic presidential nomination?,88892629978057552473594496509394432528313837466696628191322608851106929962536,86408082986810982428934766746057237103501895775284376283076301431054177694153,0.001,0.002,0.998,0.999,1.001,-0.0009999999999998899,-0.09990009990008891
"Putin out as President of Russia by December 31, 2026?",350977769852917329387037893294763093471844346281449484439085576212613048126,87073899845581463485186346288398658568334162612963837182986759797304993556208,0.04,0.05,0.95,0.96,1.01,-0.010000000000000009,-0.990099009900991
Will JD Vance win the 2028 US Presidential Election?,16040015440196279900485035793550429453516625694844857319147506590755961451627,94476829201604408463453426454480212459887267917122244941405244686637914508323,0.207,0.208,0.792,0.793,1.0010000000000001,-0.001000000000000112,-0.09990009990011106
Will Gavin Newsom win the 2028 US Presidential Election?,98250445447699368679516529207365255018790721464590833209064266254238063117329,18823838997443878656879952590502524526556504037944392973476854588563571859850,0.079,0.082,0.918,0.921,1.0030000000000001,-0.0030000000000001137,-0.2991026919242386
Will Alexandria Ocasio-Cortez win the 2028 US Presidential Election?,8113830512143065501177519557124858581375945005490796772950589720955457782465,11493926619286817179231142642565394485790380952577225820901334479399429951651,0.13,0.131,0.869,0.87,1.001,-0.0009999999999998899,-0.09990009990008891
Will Pete Buttigieg win the 2028 US Presidential Election?,35629456194498013232473191985311930903993567273832459837879398120893197410860,26087406687932108531005204502244492184534000122992461059156880611150953145122,0.026,0.027,0.973,0.974,1.001,-0.0009999999999998899,-0.09990009990008891
Will Josh Shapiro win the 2028 US Presidential Election?,1420113190297259908358916251277696183671602680024474979931472444792502392139,9195312844128905514645503106857912558078141569888031031723687687489317147622,0.03,0.031,0.969,0.97,1.001,-0.0009999999999998899,-0.09990009990008891
Will Marco Rubio win the 2028 US Presidential Election?,11171618905857319805355893398009978356002287408842633593535559412449299952250,65892530750232246342273648992064742042382898919201083513241874070914353628268,0.088,0.089,0.911,0.912,1.0010000000000001,-0.001000000000000112,-0.09990009990011106
Will Wes Moore win the 2028 US Presidential Election?,35272507273162958827997790327967872292415567859334925862043618606081750011897,374661216370333715221919731169956915917040066803205972387948453758235235593,0.008,0.009,0.991,0.992,1.001,-0.0009999999999998899,-0.09990009990008891
Will Gretchen Whitmer win the 2028 US Presidential Election?,4999047257294547885970323631312419427544062131054733229841947946130772277335,102084577517225131375286042838758381959278092930102485541091152099183604495224,0.003,0.004,0.996,0.997,1.001,-0.0009999999999998899,-0.09990009990008891
Will Andy Beshear win the 2028 US Presidential Election?,50507496430692162923857760920722624157737138256097150616293040054748564876552,53112547591746110422238703365888013497196468199611167129486770819598374380742,0.01,0.011,0.989,0.99,1.001,-0.0009999999999998899,-0.09990009990008891
Will Glenn Youngkin win the 2028 US Presidential Election?,631059815958854406224163480574507434200946764542129005247984171366597476420,100418331065194201410948024347944500798513421135064468615649525110872253639397,0.001,0.002,0.998,0.999,1.001,-0.0009999999999998899,-0.09990009990008891
Will Kamala Harris win the 2028 US Presidential Election?,70663352401606372246362604193214664065595751757222752105245221905399175050480,4988819538339626436114997160558538168652916536529198363646261454228218983102,0.046,0.047,0.953,0.954,1.001,-0.0009999999999998899,-0.09990009990008891
Will JB Pritzker win the 2028 US Presidential Election?,70948731404464821824516595498024506131170394300814446118501620719416471444076,111825297267676135304812085666512747626812691749338692567733264184356420470119,0.004,0.005,0.995,0.996,1.001,-0.0009999999999998899,-0.09990009990008891
Will Tulsi Gabbard win the 2028 US Presidential Election?,97633418272282627828834872960145259034624388719803091466146359304286851612172,17854429586516792397214557963923647011517685971868312042416963526864862523185,0.001,0.002,0.998,0.999,1.001,-0.0009999999999998899,-0.09990009990008891
Will Donald Trump win the 2028 US Presidential Election?,11807691644868166983390207408868795383945915035851758101409310535538572683733,72656506786460378316387284276713856836841708169262528054985577978493419440428,0.011,0.015,0.985,0.989,1.004,-0.0040000000000000036,-0.39840637450199234
Will Donald Trump Jr. win the 2028 US Presidential Election?,77660944053451874285291959901958937238149180369572698706675030657716494119346,52761630651452310319295064365704431564140478140269624735570317771849185169635,0.004,0.005,0.995,0.996,1.001,-0.0009999999999998899,-0.09990009990008891
Will Ron DeSantis win the 2028 US Presidential Election?,104480514270625615787868282411330496385404675495672110015326625654626015018993,65724430065358897810064400118831287249960059855415477063660293398018349529272,0.016,0.02,0.98,0.984,1.004,-0.0040000000000000036,-0.39840637450199234
Will Greg Abbott win the 2028 US Presidential Election?,58585097107933138034126275600204468509993701936571284309823871593297754181479,104431860535489654020481219089291817898241901940037260095979653681449084465327,0.003,0.005,0.995,0.997,1.002,-0.0020000000000000018,-0.19960079840319378
Will Elon Musk win the 2028 US Presidential Election?,26641906520532802078452346454133721131611596169940893262820937050881742190686,59064132013843281708610372809406242099497812053529304284160897825180883604145,0.001,0.002,0.998,0.999,1.001,-0.0009999999999998899,-0.09990009990008891
Will Dwayne 'The Rock' Johnson win the 2028 US Presidential Election?,76252402837334795047528042167618984089231134882494719641438604550246396692717,82779978600617806806814031291287454099780828258739355925042203335968508676880,0.014,0.015,0.985,0.986,1.001,-0.0009999999999998899,-0.09990009990008891
Will Tucker Carlson win the 2028 US Presidential Election?,45015916581148592087728250896178171120552786117190685135618507471166113474733,5353194854864999214467212176625447374807704051407621946584152368216621932371,0.015,0.016,0.984,0.985,1.001,-0.0009999999999998899,-0.09990009990008891
Will Ivanka Trump win the 2028 US Presidential Election?,40932864651005132434669457369564353816786330205469778285035893634458129671101,56215025902031889702122383201324191240581604266667334383154318117703136383150,0.004,0.006,0.994,0.996,1.002,-0.0020000000000000018,-0.19960079840319378
Will Michelle Obama win the 2028 US Presidential Election?,88521269813605705303364598280494261510300497312149869577251450871617962933121,1970496541508335019913900195809032484597886384784144327835472760880523550630,0.001,0.002,0.998,0.999,1.001,-0.0009999999999998899,-0.09990009990008891
Will Jamie Dimon win the 2028 US Presidential Election?,23692929455124171734375794579007643086071570310019729232490607671061438183936,30050897091642315762983745166096629857367320723415212749446858994810226049012,0.004,0.005,0.995,0.996,1.001,-0.0009999999999998899,-0.09990009990008891
Will Ro Khanna win the 2028 US Presidential Election?,45264462342307496826883801236629887275526404999716050689931105511159370296978,21034003091803474219272633665814818485285721473911024023600356649009960505229,0.009,0.011,0.989,0.991,1.002,-0.0020000000000000018,-0.19960079840319378
Will Thomas Massie win the 2028 US Presidential Election?,89071282556584199015490241074221756662667488270789034763702585258138302536112,18620821165547265880582330532076859546462061138941862890257010665389427790094,0.01,0.011,0.989,0.99,1.001,-0.0009999999999998899,-0.09990009990008891
Will Jon Ossoff win the 2028 US Presidential Election?,110102705199530588976777616718115948005824665233400132417374621750887344831757,98394838816403247684221016468696784125095120854407803889228262583112436699261,0.115,0.116,0.884,0.885,1.0010000000000001,-0.001000000000000112,-0.09990009990011106
Will James Talarico win the 2028 US Presidential Election?,92909595831677784305960426832337551335132297174712723670055008600724483830120,26699870693127605012594021642110712356790266877635966965879322906179628109191,0.007,0.008,0.992,0.993,1.001,-0.0009999999999998899,-0.09990009990008891
Will Elissa Slotkin win the 2028 US Presidential Election?,48603794625473459817558518297806850992009615470611080215039575427157653927669,52728319505612554616109154570709065358779880697251731838206843628919066236833,0.001,0.002,0.998,0.999,1.001,-0.0009999999999998899,-0.09990009990008891
Will Tom Cotton win the 2028 US Presidential Election?,56114071801627868962796345927407759352134024540758530261292405761584104631958,699760440443572634226889331587639832193469028348897842277726584908934436456,0.001,0.002,0.998,0.999,1.001,-0.0009999999999998899,-0.09990009990008891
Will Mark Kelly win the 2028 US Presidential Election?,82484367794922542194748130898709267498229902036004201791332178634402889282171,89821015669503537422389095428651648457077040845329428560948484811370716592120,0.016,0.017,0.983,0.984,1.001,-0.0009999999999998899,-0.09990009990008891
Will Raphael Warnock win the 2028 US Presidential Election?,5019810753168153471323122473105082718702229310401435759781569586768450866932,40124365841715577281967397943205975756839079590013082886367841247396523029061,0.001,0.002,0.998,0.999,1.001,-0.0009999999999998899,-0.09990009990008891
Will Donald Trump win the 2028 Republican presidential nomination?,3039641309958397001906153616677074061284510636204155275446291716739429262374,27828976648682466778776999076215423777766972981338264154049603024771135223200,0.02,0.021,0.979,0.98,1.001,-0.0009999999999998899,-0.09990009990008891
Will J.D. Vance win the 2028 Republican presidential nomination?,40081275558852222228080198821361202017557872256707631666334039001378518619916,78633590736077251574794513664747155551297291244492840448622550955320930591622,0.512,0.513,0.487,0.488,1.001,-0.0009999999999998899,-0.09990009990008891
Will Marco Rubio win the 2028 Republican presidential nomination?,13565458761220145250977753098276900790902214604876327357986816739576288755859,75720156002519829912361786945091022242706922246722836126941546028340974330171,0.153,0.158,0.842,0.847,1.005,-0.004999999999999893,-0.4975124378109347
Will Tulsi Gabbard win the 2028 Republican presidential nomination?,111796631871113641071635832853519973638674140424258605036492112910151603434351,72519808073108999474312955064075820476359073658026830985534265136852842710652,0.003,0.004,0.996,0.997,1.001,-0.0009999999999998899,-0.09990009990008891
Will Glenn Youngkin win the 2028 Republican presidential nomination?,108177352465155946413420144732939501038742536693084796111933355102723645081439,40195401263640671665116916114051111593115139897599831021772971493074676316453,0.004,0.005,0.995,0.996,1.001,-0.0009999999999998899,-0.09990009990008891
Will Donald Trump Jr. win the 2028 Republican presidential nomination?,96972794085445478502118386209219626048407104930213167197946285611747327241358,17764541728623556463430129981248514099360802330077857891779810164830347138778,0.015,0.016,0.984,0.985,1.001,-0.0009999999999998899,-0.09990009990008891
Will Ron DeSantis win the 2028 Republican presidential nomination?,12127975650736113116407758794754973741525044713193258995588171654429754588610,95344728193244020854716971584323868633691370479151373416918812532794690491367,0.028,0.029,0.971,0.972,1.001,-0.0009999999999998899,-0.09990009990008891
Will Nikki Haley win the 2028 Republican presidential nomination?,30919109558246209971545892228598482722881502507049010402392877610451001659386,26953454878227822916154850804639118151137570755140575650667657375528451821297,0.001,0.002,0.998,0.999,1.001,-0.0009999999999998899,-0.09990009990008891
Will Vivek Ramaswamy win the 2028 Republican presidential nomination?,7847177314809025001842027337093046201021185723933452855314998541165696902642,61638209040977576407645319654548998972645370498978369829582391676362965890344,0.002,0.003,0.997,0.998,1.001,-0.0009999999999998899,-0.09990009990008891
Will Greg Abbott win the 2028 Republican presidential nomination?,51109358167525503124101840618196204295486048568333812245607026343682053354150,105260987547015135110430961088356552513173217328170504644895138366924523280544,0.001,0.002,0.998,0.999,1.001,-0.0009999999999998899,-0.09990009990008891
Will Robert F. Kennedy Jr. win the 2028 Republican presidential nomination?,85795532452312461688342921814235563171225750416821603832877839950165564679042,39330841918533865878755515006696866431225622573860977548617538419162581783990,0.002,0.003,0.997,0.998,1.001,-0.0009999999999998899,-0.09990009990008891
Will Brian Kemp win the 2028 Republican presidential nomination?,109121432238307135312607668741094299588249627783575654034498708660414246884093,26528147249337195767129586250556983229143036006556368874091657477633405171243,0.003,0.004,0.996,0.997,1.001,-0.0009999999999998899,-0.09990009990008891
Will Byron Donalds win the 2028 Republican presidential nomination?,311624663652221737215322113380496984764966764039692273354641152455298576851,43292374563904271719486871569114922516560719431752184778538513591321835161630,0.001,0.002,0.998,0.999,1.001,-0.0009999999999998899,-0.09990009990008891
Will Elise Stefanik win the 2028 Republican presidential nomination?,46762065358788748743762617584400316865170283087328708370205000691002445395596,6106142631847917497743561296507558396893160722310876727437797090897927202403,0.001,0.002,0.998,0.999,1.001,-0.0009999999999998899,-0.09990009990008891
Will Josh Hawley win the 2028 Republican presidential nomination?,16959950591508656523048029588253513417107455151269158025695062757254216051157,67257241906349232705880054817671247803154024437556078414309396160231441958063,0.003,0.004,0.996,0.997,1.001,-0.0009999999999998899,-0.09990009990008891
Will Ted Cruz win the 2028 Republican presidential nomination?,75602319799101799832214450648958470414659751617273540482126444460192042893239,67427191791815068910367164354907762897739120962449893449251138341231627575633,0.018,0.019,0.981,0.982,1.001,-0.0009999999999998899,-0.09990009990008891
Will Elon Musk win the 2028 Republican presidential nomination?,97933607699985149274021900377397416175605196663149372937380275158258659161873,91654279459782700285030880702186010885362170180157997195869175981321159591151,0.001,0.002,0.998,0.999,1.001,-0.0009999999999998899,-0.09990009990008891
Will Katie Britt win the 2028 Republican presidential nomination?,42282542821681724515855150589432262778581936160356547088323204270366545065655,16356411122994156106976113515543626616680005491893556174464804958397610666717,0.001,0.002,0.998,0.999,1.001,-0.0009999999999998899,-0.09990009990008891
Will Kristi Noem win the 2028 Republican presidential nomination?,46777072088650922464797852907503479539785178123001199763117403684202580813104,72681113618462806097972236701451065622180139607703509985766492272651534581276,0.001,0.002,0.998,0.999,1.001,-0.0009999999999998899,-0.09990009990008891
Will Mike Pence win the 2028 Republican presidential nomination?,110467341601356058460373968989438018821471776813704553223329002744055822742107,11478861872612841666414979216747716059947331582670297431884562915546151249374,0.001,0.002,0.998,0.999,1.001,-0.0009999999999998899,-0.09990009990008891
Will Tucker Carlson win the 2028 Republican presidential nomination?,78994573210477487932611223094751007094801552166562252085708682076112788032998,8140793935596394912663577132141762112024484538385519683062085870219967913900,0.031,0.032,0.968,0.969,1.001,-0.0009999999999998899,-0.09990009990008891
Will Ivanka Trump win the 2028 Republican presidential nomination?,64219883837418173804780196379638150140562767673275103175135949850170609939649,38205061485482832990648495179350163959936416627781540057460551493511094122497,0.008,0.01,0.99,0.992,1.002,-0.0020000000000000018,-0.19960079840319378
Will Rand Paul win the 2028 Republican presidential nomination?,56369772478534954338683665819559528414197495274302917800610633957542171787417,97912974556505097471140703824534539631227593711361303698649171859837355186863,0.001,0.003,0.997,0.999,1.002,-0.0020000000000000018,-0.19960079840319378
Will Steve Bannon win the 2028 Republican presidential nomination?,76572162491038773682779378100661251853152133818805423848523216103658476280587,25583872291729778177187717614560645987351882646783629615247519807465184364234,0.001,0.002,0.998,0.999,1.001,-0.0009999999999998899,-0.09990009990008891
Will Kim Kardashian win the 2028 Republican presidential nomination?,10651968542740640896482407431367624536081358925965856338872110525887291512129,103086387269187122378314827672946076309261054730475021633767467850510078119868,0.001,0.002,0.998,0.999,1.001,-0.0009999999999998899,-0.09990009990008891
Will Marjorie Taylor Greene win the 2028 Republican presidential nomination?,65830295349944471218641822318218876930376684645620468557619951782520997909982,33372330947023860525870630758549137902170576919090726047009795835189818269107,0.003,0.004,0.996,0.997,1.001,-0.0009999999999998899,-0.09990009990008891
Will Thomas Massie win the 2028 Republican presidential nomination?,99700879015134724880665931256853704724897234270130475786057704135245843006310,94171791097080152294329103174901345850282375147106800117496695577931335275209,0.006,0.007,0.993,0.994,1.001,-0.0009999999999998899,-0.09990009990008891
Will Eric Trump win the 2028 Republican presidential nomination?,57919459237478987490046512369779809927967587873586488155446781256559839871449,58389730991380235726868542531087058690762163352908563301611948484975927797504,0.001,0.002,0.998,0.999,1.001,-0.0009999999999998899,-0.09990009990008891
Will Joe Kent win the 2028 Republican presidential nomination?,79109138136144804495019974949003266649145803384760006308278371005319168843129,65030375464178446496570525340832652143777619585997981475842311804446352421562,0.001,0.002,0.998,0.999,1.001,-0.0009999999999998899,-0.09990009990008891
Will Pete Hegseth win the 2028 Republican presidential nomination?,98511916129081689027111328481059704559518789751071585689160934736837069796376,9858445493903501648722765041195521587435370553699986326259923783724888628821,0.004,0.005,0.995,0.996,1.001,-0.0009999999999998899,-0.09990009990008891
Will Candace Owens win the 2028 Republican presidential nomination?,103583503429104930194497628126914667755033911422951268976034178026550261878964,104506727636149041299659366434997071904261219660415251973928167233993662044749,0.002,0.003,0.997,0.998,1.001,-0.0009999999999998899,-0.09990009990008891
Will Tom Cotton win the 2028 Republican presidential nomination?,77183606580201228784494296983790614769416656107808766333251588423667839654708,92749143123473934444426129987774935901545805213978581951879870684552179450628,0.001,0.002,0.998,0.999,1.001,-0.0009999999999998899,-0.09990009990008891
Will John N. Kennedy win the 2028 Republican presidential nomination?,52127875867399588054194710342778109102486347178324348183699958260007957798072,102692434673241315471428412526452716105300637006077337435076015428674181452604,0.001,0.002,0.998,0.999,1.001,-0.0009999999999998899,-0.09990009990008891
Will the Democratic Party control the Senate after the 2026 Midterm elections?,113287701564209339913693347405685749986285999146352375265161592243948562084773,107118433685650702332040991454078902188473746599223732907923581436160160612542,0.6,0.61,0.39,0.4,1.01,-0.010000000000000009,-0.990099009900991
Will the Republican Party control the Senate after the 2026 Midterm elections?,51939490109676186832507970701169130490548061087912630009168726706475001411420,108587038225191871355030577171066853142535232042155117887981453750193713427381,0.38,0.39,0.61,0.62,1.01,-0.010000000000000009,-0.990099009900991
Will the Democratic Party control the House after the 2026 Midterm elections?,83247781037352156539108067944461291821683755894607244160607042790356561625563,33156410999665902694791064431724433042010245771106314074312009703157423879038,0.92,0.93,0.07,0.08,1.01,-0.010000000000000009,-0.990099009900991
Will the Republican Party control the House after the 2026 Midterm elections?,65139230827417363158752884968303867495725894165574887635816574090175320800482,17371217118862125782438074585166210555214661810823929795910191856905580975576,0.07,0.08,0.92,0.93,1.01,-0.010000000000000009,-0.990099009900991
"2026 Balance of Power: D Senate, D House",34722410608062854697106861099776685947172185964394483545370684749662285977831,24483563228660028121020430722896740519524131851526579619586176931221901842798,0.6,0.61,0.39,0.4,1.01,-0.010000000000000009,-0.990099009900991
"2026 Balance of Power: D Senate, R House",70997927349469817841862065582625658840347600365813612622959588796331622340305,45720947308530468765087874228584729250108790729495800420104302263408503667446,0.01,0.013,0.987,0.99,1.003,-0.0029999999999998916,-0.2991026919242165
"2026 Balance of Power: R Senate, D House",6302359956133594764084277082169634158291609371270652093164054687145970756151,558600218792430158020964384658762756367786275998757133304987611939841005404,0.3,0.31,0.69,0.7,1.01,-0.010000000000000009,-0.990099009900991
"2026 Balance of Power: R Senate, R House",103704141773947678931823410030956181918562062788486034785782641603149828893320,25869296386911654049715489068824757745174681288397238521780118949553760488529,0.07,0.08,0.92,0.93,1.01,-0.010000000000000009,-0.990099009900991
2026 Balance of Power: Other,35477631289241705233759154026285946627439635224019448868888132647783862821489,58154574909590813657096858535882625339077077643653677858955479541043465171526,0.001,0.003,0.997,0.999,1.002,-0.0020000000000000018,-0.19960079840319378
Will the Republicans win the 2028 US Presidential Election?,67109747366255871599717338045111308888043498275177238365560740200996017915657,103845791232328975452762372781150730610824357544180691092497335946993481308222,0.34,0.35,0.65,0.66,1.01,-0.010000000000000009,-0.990099009900991
Will the Democrats win the 2028 US Presidential Election?,49084048476353771153083262278964615095037480324537117350127265918750912547378,1376044590327709616459174469529480611299625159235587466149878628404281805565,0.64,0.66,0.34,0.36,1.02,-0.020000000000000018,-1.960784313725492
Will Trump pardon Ghislaine Maxwell by end of 2026?,703229116919803457142440034780425874346022451261358752931225117413237404457,71144742975537017512904527392353107518472601816123355990566837993879064231255,0.04,0.05,0.95,0.96,1.01,-0.010000000000000009,-0.990099009900991
Will China invade Taiwan by end of 2026?,94559586571241563470235664821564670251180951772614764383113614156422396181162,90772332434487149264114862115632028379978765245278600275169585501290867536237,0.042,0.043,0.957,0.958,1.001,-0.0009999999999998899,-0.09990009990008891
Netanyahu out by end of 2026?,114694726451307654528948558967898493662917070661203465131156925998487819889437,66255671088804707681511323064315150986307471908131081808279119719218775249892,0.5,0.51,0.49,0.5,1.01,-0.010000000000000009,-0.990099009900991
Zelenskyy out as Ukraine president by end of 2026?,108187737663325442737199857734058032845728149267925579081973309839049299838520,12238337804021350373072513606997115174826680613156170611182546081135779794915,0.06,0.07,0.93,0.94,1.01,-0.010000000000000009,-0.990099009900991
"Erdoğan out by December 31, 2026?",60482166031720291380868655057144166386114272673178755337360544583400474201659,36584990740430575779853916178487409250519468755041580140068769472851047579138,0.04,0.05,0.95,0.96,1.01,-0.010000000000000009,-0.990099009900991
"Will Trump be impeached by December 31, 2026?",22094182676612877581056034720566110371610082057092726094559729674155018648896,78473141615408645278260621827323903204731180016962666262959632385172645644801,0.017,0.02,0.98,0.983,1.003,-0.0029999999999998916,-0.2991026919242165
"Will Trump resign by December 31, 2026?",82496570332984679554195177789706736795170417640692739176832196524671988217379,74453252193148717007972627387565739933229360141591660605434616142548704822067,0.034,0.035,0.965,0.966,1.001,-0.0009999999999998899,-0.09990009990008891
"Will Bitcoin hit $150k by December 31, 2026?",93694900555669388759405753550770573998169287228984912881955464376232163096213,55119388124180116303253993098894090042427725500010038140578121972388485050538,0.016,0.019,0.981,0.984,1.003,-0.0029999999999998916,-0.2991026919242165
Will Bernie endorse James Talarico for TX-Sen by Nov 2 2026 ET?,7096166888327966243811396544854606771946352128513885963401994819079689910004,46602177860594371790368647304895927569955807454104515886440302763404709997663,0.18,0.19,0.81,0.82,1.01,-0.010000000000000009,-0.990099009900991
Will Bernie endorse Kshama Sawant for WA-09 by Nov 2 2026 ET?,82924591030419390649945107956366329459342453014204495918712243498287775914589,71441578579527723840294651825922843760099816515895816768244443656762671705984,0.003,0.01,0.99,0.997,1.007,-0.006999999999999895,-0.6951340615690065
Will Bernie endorse Dan Osborn for NE-Sen by Nov 2 2026 ET?,33970361138937631470073795943535268274491124306414028184433322285876577197264,35550596867096521286165757446115907904445976556149099084145068631619558471580,0.036,0.172,0.828,0.964,1.136,-0.1359999999999999,-11.971830985915485
Will Bernie endorse Antonio Delgado for NY-Gov by Nov 2 2026 ET?,78994096084018614649961134380557835172033452849084058029827070275341232468538,7991394167051968868909602741314717554176011521887291024708013271989359914446,0.009,0.012,0.988,0.991,1.003,-0.0029999999999998916,-0.2991026919242165
Will Bernie endorse Alan Grayson for FL-Sen Nov 2 2026 ET?,16165180365166795101253476583424570293978512340466383667319830236646927210547,112446903583649148167333279483828369419343731760320334360041568261153462186025,0.017,0.045,0.955,0.983,1.028,-0.028000000000000025,-2.7237354085603136
Will Bernie endorse Zach Wahls for IA-Sen Nov 2 2026 ET?,107080387770503661967711176882937155612989847930086034775329452354985736188978,77926450642005422206852511744605184574938173326553232191654522397724926169595,0.008,0.037,0.963,0.992,1.029,-0.028999999999999915,-2.818270165208933
Will Trump endorse John Cornyn for TX-Sen by Nov 2 2026 ET?,11046262311494533237971148351329185314005627894869626528589068956894902481233,109174961673759237090251150164977878122667077529594097403713839280719428670272,0.014,0.023,0.977,0.986,1.009,-0.008999999999999897,-0.8919722497522199
Will Luiz Inácio Lula da Silva win the 2026 Brazilian presidential election?,30630994248667897740988010928640156931882346081873066002335460180076741328029,79191939610100241429039499950443680906623179487184628479206155805558220344190,0.41,0.42,0.58,0.59,1.01,-0.010000000000000009,-0.990099009900991
Will Jair Bolsonaro win the 2026 Brazilian presidential election?,66991175107696133528353695394151645462081911990365106169948013117379189357520,106199154714545451005463800266480893448383896699905306895283360115694583822185,0.001,0.002,0.998,0.999,1.001,-0.0009999999999998899,-0.09990009990008891
Will Renan Santos win the 2026 Brazilian presidential election?,93998891488819623915454849994768171534113749478841216025646247933473925258016,7565921021555775006041943394390068423142281108752994121417017072842379450830,0.008,0.009,0.991,0.992,1.001,-0.0009999999999998899,-0.09990009990008891
Will Flávio Bolsonaro win the 2026 Brazilian presidential election?,109876868437950584369987384406356259939519193117253465815665152916226511121427,38310927461258927563020508025396887688249787380193911540547071417200646834355,0.578,0.579,0.421,0.422,1.001,-0.0009999999999998899,-0.09990009990008891
Will Romeu Zema win the 2026 Brazilian presidential election?,44340846524235712899508083510503343345123518718867913608211694999290628967401,38633448065261608755072088507033278254893488240734399014852176650195563610767,0.001,0.002,0.998,0.999,1.001,-0.0009999999999998899,-0.09990009990008891
Will Augusto Cury win the 2026 Brazilian presidential election?,61078489744701316174218443335134825688547680779921710765642429680039972907213,55702511089357054967370685294383563985787421290055635794639010983168945589146,0.001,0.002,0.998,0.999,1.001,-0.0009999999999998899,-0.09990009990008891
Will any presidential candidate win outright in the first round of the Brazil election?,29464249359795764732112771440808805030560641430581197204785405866716242261762,45822599979868501396582860994506290061594012396386219725082308923565779306211,0.075,0.085,0.915,0.925,1.01,-0.010000000000000009,-0.990099009900991
Will Tarcisio de Frietas qualify for Brazil's presidential runoff?,46016408901619903295207375832539898750164493226855442884509133805980187874445,104364047276779956150815000750759444324012427302824233404469499322904769447374,0.005,0.008,0.992,0.995,1.003,-0.0029999999999998916,-0.2991026919242165
Will Luiz Inácio Lula da Silva qualify for Brazil's presidential runoff?,89033597404049535329336367676897002196779443515433514040396661411543836790585,111699204507563543490907649828278526762321026750976872427871357593788391327392,0.961,0.962,0.038,0.039,1.001,-0.0009999999999998899,-0.09990009990008891
Will Jair Bolsonaro qualify for Brazil's presidential runoff?,101134393049836906975947597080054507181574464067370130043922902048539166993235,36735483826570976187620023335662873012869089000041058674757539485254698650842,0.003,0.007,0.993,0.997,1.004,-0.0040000000000000036,-0.39840637450199234
Will Fernando Haddad qualify for Brazil's presidential runoff?,94836043839323722879469870987760750290024098891115577626325361529691242606761,25389055899102172935354466055454965931540722370421306725201557275070263171,0.002,0.007,0.993,0.998,1.005,-0.004999999999999893,-0.4975124378109347
Will Michelle Bolsonaro qualify for Brazil's presidential runoff?,49058413537469145808340126520652205803369994566298859701509185048060495231532,64140630690092928466941220518204962244509277709814669075463957847277715979794,0.004,0.009,0.991,0.996,1.005,-0.004999999999999893,-0.4975124378109347
Will OpenAI’s market cap be less than $500B at market close on IPO day?,6122912536415539457721068960901205060237919057489564846781206253065694717085,48451126471681390564675828610810240762308720916091458567360242927144088567337,0.006,0.01,0.99,0.994,1.004,-0.0040000000000000036,-0.39840637450199234
Will OpenAI’s market cap be between $500B and $750B at market close on IPO day?,36088399593046466421453063228085042771351246231742717370399696243183381174466,11947171408899503371980811142475369274013053223377767646204433492871687017998,0.002,0.005,0.995,0.998,1.003,-0.0029999999999998916,-0.2991026919242165
Will OpenAI’s market cap be between $750B and $1T at market close on IPO day?,86904220753614324927759730619985568200215013704321476651673438801320577270597,74987521271361072746264224488245891269775371028979674431826416209897741154003,0.003,0.008,0.992,0.997,1.005,-0.004999999999999893,-0.4975124378109347
Will OpenAI’s market cap be between $1T and $1.25T at market close on IPO day?,88770632741686298370270294037614812817595949782311984579833554458717957886356,18399565751068676179945656979762090460558422925963909399757895217338947077684,0.003,0.005,0.995,0.997,1.002,-0.0020000000000000018,-0.19960079840319378
Will OpenAI’s market cap be between $1.25T and $1.5T at market close on IPO day?,19470872781622450446330627562106312915240544924539183504885686468325701819521,19224712151342060925250675326667957156597084749312967133447388236247487979547,0.004,0.009,0.991,0.996,1.005,-0.004999999999999893,-0.4975124378109347
Will OpenAI’s market cap be $1.5T or greater at market close on IPO day?,42493289531592820306292191064557160874552640520793925047778017979799601355649,57920006811393570084962107679227395634282382525602277724728836928684998641754,0.008,0.014,0.986,0.992,1.006,-0.006000000000000005,-0.5964214711729627
"Will OpenAI not IPO by December 31, 2026?",56615676606297588259337956203332341775475048285080710344367729433788967812170,8070607953656787024050950499598687532281829563384949938603247089607814583142,0.964,0.965,0.035,0.036,1.001,-0.0009999999999998899,-0.09990009990008891
Will Kylian Mbappé win the 2026 Ballon d'Or?,95640549996905293510297955529586737178285694064878854803914367446504739764113,43681720319477188597878188429504394796986333625436226983885469009299707562545,0.074,0.075,0.925,0.926,1.0010000000000001,-0.001000000000000112,-0.09990009990011106
Will Erling Haaland win the 2026 Ballon d'Or?,28452090262595806306683841543702974671789939255165753137157118490078999198778,41582690056299530319797949041927935989019869883198101581541874744777936907826,0.002,0.003,0.997,0.998,1.001,-0.0009999999999998899,-0.09990009990008891
Will Ousmane Dembélé win the 2026 Ballon d'Or?,98995454929502090253677005499136815786618457974539379472945759013797338791883,109359154677724641879093510140547924238031773808324195577981722875545957189531,0.008,0.009,0.991,0.992,1.001,-0.0009999999999998899,-0.09990009990008891
Will Lamine Yamal win the 2026 Ballon d'Or?,10466835326554416965099784068156829774726248334728156046559014834812912458273,115364229170068359509280114761107502298430910856477421813089992309112580316620,0.219,0.226,0.774,0.781,1.0070000000000001,-0.007000000000000117,-0.6951340615690285
Will Harry Kane win the 2026 Ballon d'Or?,72710166409980712002774407052535905861151156175854323762835102340552522606004,77740376296468109233042620775325425521895874827413068707200627224591548200577,0.556,0.559,0.441,0.444,1.0030000000000001,-0.0030000000000001137,-0.2991026919242386
Will Michael Olise win the 2026 Ballon d'Or?,80760484659859004057151567591793221748584787651268092387414945323344021679571,69678850546990572440054007923329224352229570065558002681422037690918638911920,0.003,0.004,0.996,0.997,1.001,-0.0009999999999998899,-0.09990009990008891
Will Khvicha Kvaratskhelia win the 2026 Ballon d'Or?,12622519606415978744877534783705265610788882249231449850262189360805525437274,36288700594382425961479916608903536580786689753480114686207439400130634390018,0.018,0.019,0.981,0.982,1.001,-0.0009999999999998899,-0.09990009990008891
Will Lionel Messi win the 2026 Ballon d'Or?,14940935985254400645996902276818598247231942791302218826999289776538227075176,107516035603650985174253368241692944789056496652916551006453839235487841190002,0.042,0.048,0.952,0.958,1.006,-0.006000000000000005,-0.5964214711729627
Will Rodri win the 2026 Ballon d'Or?,78803948342995070838836736012795017072053448960983345349841661545681081452350,9168297785662696773016718610761665603800700668560812756827962314315323235689,0.04,0.05,0.95,0.96,1.01,-0.010000000000000009,-0.990099009900991
Will Fabian Ruiz win the 2026 Ballon d'Or?,108195640564166028303797840625325548216682391635068759939973120172828369844863,56380980982965039852901882866035095821176660818641430451942857804727544100425,0.004,0.005,0.995,0.996,1.001,-0.0009999999999998899,-0.09990009990008891
US recession by end of 2026?,100379208559626151022751801118534484742123694725746262280150222742563282755057,113732820231608904682346496304917888352004831436510840986547065248348999143469,0.07,0.08,0.92,0.93,1.01,-0.010000000000000009,-0.990099009900991
Will no Fed rate cuts happen in 2026?,12403602920039269077597917340921667997547115084613238528792639013246536343316,21294592205022969346730955103773391901993330222644504059576935265667917187903,0.956,0.957,0.043,0.044,1.001,-0.0009999999999998899,-0.09990009990008891
Will 1 Fed rate cut happen in 2026?,113379839734351069617987084078322474966003108854908079701423911002443710490196,48058805012599375970268777474956242772204241523361869981040579395242001094965,0.014,0.017,0.983,0.986,1.003,-0.0029999999999998916,-0.2991026919242165
Will 2 Fed rate cuts happen in 2026?,72535544017897924722695722172278828562733090748474862987195303914909938482758,81407142104509110921187520775072626840789848613047331773172953370174825669358,0.003,0.005,0.995,0.997,1.002,-0.0020000000000000018,-0.19960079840319378
Will 3 Fed rate cuts happen in 2026?,95835705062472305459663741402900736177330733688944910993896545106260819635212,52125994957619926233854688437715340370114575617673092175221127058976458963420,0.003,0.005,0.995,0.997,1.002,-0.0020000000000000018,-0.19960079840319378
Will 4 Fed rate cuts happen in 2026?,73197441127256680134600821323583356037261213281680365433623681075249556019477,71677612305244936641085500097737038199081845621961106192204236262687669821119,0.002,0.003,0.997,0.998,1.001,-0.0009999999999998899,-0.09990009990008891
Will 5 Fed rate cuts happen in 2026?,29213252446661789250484965446100709214117256176608501943249094649759520097655,39766939694460004925290266709531635660902081793543974711598767930913394552857,0.001,0.002,0.998,0.999,1.001,-0.0009999999999998899,-0.09990009990008891
Opensea FDV above $500M one day after launch?,42645635688384173938505005153732536262139883933750646945028210271328873690888,91676177432668319691663213694187810112009835951397620031461215327421238319426,0.15,0.168,0.832,0.85,1.018,-0.018000000000000016,-1.7681728880157188
Opensea FDV above $1B one day after launch?,55736535775539231856682158017890031261644294952589300517957218393676136917293,71718402031669298364238907670733752499185585238670546354636156779359681992646,0.13,0.14,0.86,0.87,1.01,-0.010000000000000009,-0.990099009900991
Opensea FDV above $3B one day after launch?,10354824396290237452261900772542438328647475212250295212595180489652143431127,83261092708741880503037907376981005952477099100574431635229306895516342056435,0.05,0.056,0.944,0.95,1.006,-0.006000000000000005,-0.5964214711729627
"Aziz Akhannouch out as Morocco Prime Minister by December 31, 2026?",49913535691357405888189005795777119729203074497784553050607906527813175648482,107283612200874762627410448315233948227070614640181631187039818267842487558132,0.788,0.9,0.1,0.212,1.112,-0.1120000000000001,-10.071942446043174
Opensea FDV above $5B one day after launch?,48038385638420877977396364502718350116889021443391903481044114768441218972760,7742946842895540103245705204391121242771062476077199058127347573343705347619,0.039,0.048,0.952,0.961,1.009,-0.008999999999999897,-0.8919722497522199
"Will Hyperliquid perform an airdrop by December 31, 2026? ",101513571766435454355723114188696307527864518980689079866102837918467349506537,85487630954297906857427842745787851948079273488527800245673979479655643658539,0.11,0.12,0.88,0.89,1.01,-0.010000000000000009,-0.990099009900991
Will Steve Hilton win the California Governor Election in 2026?,82742036522262670996662794097029680950132682539859985097974842241612036171395,63644763464034691367428527733393916036342796100129702980469514153898496549749,0.054,0.055,0.945,0.946,1.001,-0.0009999999999998899,-0.09990009990008891
Will Xavier Becerra win the California Governor Election in 2026?,60977129292396881848833910361112107174416489010090570432106122538120602786646,42544248033910169115455586624331983477679665735561815306855702312176773945155,0.943,0.945,0.055,0.057,1.002,-0.0020000000000000018,-0.19960079840319378
Will Karen Bass win the 2026 Los Angeles mayoral election?,21099887182068653164347641846316470453763034851874063977340528628016776716246,34469274651136131348321516150438492438660307886630693950137200696755429925073,0.62,0.63,0.37,0.38,1.01,-0.010000000000000009,-0.990099009900991
Will Nithya Raman win the 2026 Los Angeles mayoral election?,50292933818751585369672690878774599873941191925538325333138798248932182222864,58507084608782512565480280053882807505189448738098588563704773804344223603355,0.376,0.377,0.623,0.624,1.001,-0.0009999999999998899,-0.09990009990008891
Will the Democrats win the Arizona governor race in 2026?,48368039124533504674394545622809320495392482760644292167644042386014017726777,2523036761393218729489135332182856159698268685360641264822465280431935747282,0.87,0.88,0.12,0.13,1.01,-0.010000000000000009,-0.990099009900991
Will the Republicans win the Arizona governor race in 2026?,18859933834391393264997730047904836599784455493762567366530805521273388590339,88124433300559247959309048268928728970816174095213461359357515260826164605193,0.12,0.13,0.87,0.88,1.01,-0.010000000000000009,-0.990099009900991
Will the Democrats win the Alabama governor race in 2026?,66799540193763442273153807390120946960260027428359861674134091731050086258652,24047710826989921604302853982918619576361902127755708458471439265448576446915,0.062,0.073,0.927,0.938,1.011,-0.010999999999999899,-1.0880316518298616
Will the Republicans win the Alabama governor race in 2026?,109054998942213692077271472955675949350077711784792442998941210738471587356514,21394111175696078564277251080686998161963462347401624447476423901276480986629,0.911,0.92,0.08,0.089,1.0090000000000001,-0.009000000000000119,-0.8919722497522415
Will the Democrats win the Arkansas governor race in 2026?,40899822988489523883534886021948522261134770684960257613447444387617827489093,35030034494631681902294217492110758656618132724500445741909954480811382889848,0.02,0.039,0.961,0.98,1.019,-0.018999999999999906,-1.8645731108930232
Will the Republicans win the Arkansas governor race in 2026?,102338577209265315381870206199608266895858545057511455426333199851251620807909,108244966340188405225591538806662687422650826116902649764794167749158072655084,0.956,0.976,0.024,0.044,1.02,-0.020000000000000018,-1.960784313725492
Will the Democrats win the Colorado governor race in 2026?,13561110222018578357785114619723468880952494576477687978085608584743809891728,23240918648754624979648235652725215687566970949759632721271689666058289934523,0.963,0.975,0.025,0.037,1.012,-0.01200000000000001,-1.1857707509881432
Will the Republicans win the Colorado governor race in 2026?,17546916569546560082654809047780534438941220653259855302022567325162996913878,99678455340473466359487157107548906800078148061788837551165683023089300945639,0.033,0.043,0.957,0.967,1.01,-0.010000000000000009,-0.990099009900991
Will the Democrats win the Connecticut governor race in 2026?,94716743709853585469973889676994451123824166409123282527490222914006156870020,79903668476273078904167389486657973102725695126491520283526754047409624544734,0.951,0.969,0.031,0.049,1.018,-0.018000000000000016,-1.7681728880157188
Will the Republicans win the Connecticut governor race in 2026?,28222949582692352334110457056784683609708218641745397767642367585928375878193,3641056676837946671256477781020225557556713248985258428151086443592289606284,0.022,0.033,0.967,0.978,1.011,-0.010999999999999899,-1.0880316518298616
Will the Democrats win the Florida governor race in 2026?,45666577334498374671436529469006420565255125221309505855441517627481607414492,83106526449876874573813297184176954494008138834292248374570211745966785088569,0.2,0.21,0.79,0.8,1.01,-0.010000000000000009,-0.990099009900991
Will the Republicans win the Florida governor race in 2026?,107409796822153809778143872196236532785178617102787858261374110829112218839748,47371207337429105795077789605234118169598966393033859219795208509845903311456,0.79,0.8,0.2,0.21,1.01,-0.010000000000000009,-0.990099009900991
Will the Democrats win the Georgia governor race in 2026?,59980150909931986777748227027020522224275707387562276219060223816867188565245,29426800815897155175757951733656404312185134543823956306564757069451562558732,0.6,0.61,0.39,0.4,1.01,-0.010000000000000009,-0.990099009900991
Will the Republicans win the Georgia governor race in 2026?,17555504943162344098534978138053308162738914357892515623100381936995379845407,53502088681539225888217182746120417070419934602682782293991096287838014660594,0.38,0.4,0.6,0.62,1.02,-0.020000000000000018,-1.960784313725492
Will the Democrats win the Hawaii governor race in 2026?,110136962687751258520353298894226275160632723246908859759371791290370868364654,115156135737411153581543130004616889013481834144163536136083461936312640716888,0.95,0.984,0.016,0.05,1.034,-0.03400000000000003,-3.288201160541589
Will the Republicans win the Hawaii governor race in 2026?,6206829575409742132406519993328718521258147411060807019224318077365646262406,100353087113074450324456811106016314839007387223599641723313349068598740344021,0.009,0.051,0.949,0.991,1.042,-0.04200000000000004,-4.030710172744725
Will the Democrats win the Idaho governor race in 2026?,33422454484664318134839474897555797731651253833609657227452504228201243908837,40571564745590344089989477714526464580243500116795170298523584156719369881208,0.019,0.028,0.972,0.981,1.009,-0.008999999999999897,-0.8919722497522199
Will the Republicans win the Idaho governor race in 2026?,87236158376775117473663657833358313384905412589236150240764095508530872387075,82634422298850840881183023689039409946597074068273164314419715554438926559829,0.978,0.983,0.017,0.022,1.005,-0.004999999999999893,-0.4975124378109347
Will the Democrats win the Illinois governor race in 2026?,23435178151774440115423538812688705649247609803850018642847000556068202005554,77478268313210841142065181291293453793679683521836424926635787111097653950699,0.962,0.979,0.021,0.038,1.017,-0.016999999999999904,-1.671583087512282
Will the Republicans win the Illinois governor race in 2026?,84456939894380206199554748929444222951802944556070526261308395410636849018567,88155146065463355811852801401879409201325988911214097064440702203630027364013,0.004,0.026,0.974,0.996,1.022,-0.02200000000000002,-2.152641878669278
Will the Democrats win the Iowa governor race in 2026?,45621938709469399887344165091123819127263258871102896783851049824656362940868,72286694793480540627539910984935225027717415042902477334885085671426791945028,0.77,0.78,0.22,0.23,1.01,-0.010000000000000009,-0.990099009900991
Will the Republicans win the Iowa governor race in 2026?,35744753605838865227961720864928711626409257515092566128191701940968999011763,66995205093020988805717868805435346915682775248431420622150164310292956433386,0.23,0.24,0.76,0.77,1.01,-0.010000000000000009,-0.990099009900991
Will the Democrats win the Kansas governor race in 2026?,79484096963248498578517243733071571984223432387663163312687533493173144145268,29394102154625046234624466923627257102948178230785334718764086258965622150946,0.29,0.3,0.7,0.71,1.01,-0.010000000000000009,-0.990099009900991
Will the Republicans win the Kansas governor race in 2026?,63693837389044553718411703128182914158332390182546987000527783026710645197027,67083865982621347962588306486968672865410439281803783157758359046366394195666,0.69,0.7,0.3,0.31,1.01,-0.010000000000000009,-0.990099009900991
Will the Democrats win the Maine governor race in 2026?,92845243966002494782242842696395378111295494684532387488276103452077216171518,24881767450639056263521368837377769213210166022664275303369919457991423602034,0.953,0.961,0.039,0.047,1.008,-0.008000000000000007,-0.7936507936507943
Will the Republicans win the Maine governor race in 2026?,77900872247159891045693614974240851672235710405168744753050508553885061962390,39427014826257060612750295323428415519029045306172068408478691177307792399817,0.023,0.052,0.948,0.977,1.029,-0.028999999999999915,-2.818270165208933
Will the Democrats win the Maryland governor race in 2026?,21509039698927424303190259436702262868147960450053769072201076877922760800234,61059317298180515598301968520737758441265273977469929832715117586893344185237,0.959,0.963,0.037,0.041,1.004,-0.0040000000000000036,-0.39840637450199234
Will the Republicans win the Maryland governor race in 2026?,99454680080858182975916786322594927636228275589135289499749895045005789315019,56155921462165675245063764296994337178368244177849069777989554232578924728272,0.011,0.043,0.957,0.989,1.032,-0.03200000000000003,-3.1007751937984525
Will the Democrats win the Massachusetts governor race in 2026?,86599393407315290835574565918707146460542680358932655202787183319230565551172,1074379534528472094299733191236211201333766587219308586291620262007935366404,0.949,0.963,0.037,0.051,1.014,-0.014000000000000012,-1.3806706114398433
Will the Republicans win the Massachusetts governor race in 2026?,60883119277247470994582429550632811829505423471772740208057726618094988141160,10611280019407480266757525986655762365905028957860028005381241543984362875196,0.038,0.048,0.952,0.962,1.01,-0.010000000000000009,-0.990099009900991
Will the Democrats win the Michigan governor race in 2026?,63517706574758177502492185078056756527324898714284142778693046697324148388357,24313213949676763118562588141459255175279390673486982872182407528149814471441,0.91,0.93,0.07,0.09,1.02,-0.020000000000000018,-1.960784313725492
Will the Republicans win the Michigan governor race in 2026?,3091929947863726371877226324959784580013579280794631063604653957812689085396,113314550423744773607951568238874281430587441567297387737553364413695224215541,0.08,0.09,0.91,0.92,1.01,-0.010000000000000009,-0.990099009900991
Will the Democrats win the Minnesota governor race in 2026?,9126148503694470083148381233969293708563386203943196700151133094426622508276,33576178139790676268585487625882069821783219374491053705510339906433025453375,0.94,0.96,0.04,0.06,1.02,-0.020000000000000018,-1.960784313725492
Will the Republicans win the Minnesota governor race in 2026?,52147423614804649302719056405435366546705837330765266472799012257146403501281,109479449074543471145484253502931698015409097892748819311501332215892915223104,0.05,0.055,0.945,0.95,1.005,-0.004999999999999893,-0.4975124378109347
Will the Democrats win the Nebraska governor race in 2026?,3466069051818884243073756614952529401222377791973010490050674378116587529746,92126133761065609991474983465510729635862551955946178295579828633955084637564,0.06,0.07,0.93,0.94,1.01,-0.010000000000000009,-0.990099009900991
Will the Republicans win the Nebraska governor race in 2026?,73030731922944118546035998309915164095890033874433358499266850532352206183824,41945421762551165990972642577535418909054419711335780279294726323846688236499,0.93,0.94,0.06,0.07,1.01,-0.010000000000000009,-0.990099009900991
Will the Democrats win the Nevada governor race in 2026?,1246864710804983890692377994891598401616546411512113588399830364959833951829,63105785868222491666410116782074992901361520126431203229953017216126863105293,0.45,0.46,0.54,0.55,1.01,-0.010000000000000009,-0.990099009900991
Will the Republicans win the Nevada governor race in 2026?,26514162544090965098284473937422427465088569867873952479707540387314217381282,76313209944639250426806286965492886883353059598478633315707597639545615999446,0.53,0.54,0.46,0.47,1.01,-0.010000000000000009,-0.990099009900991
Will the Democrats win the New Hampshire governor race in 2026?,50014042446564445111498439180144732017863294969428914194102372141019045896702,38923169084089463430603971435663780560871986004214398164473514082879434955128,0.092,0.103,0.897,0.908,1.0110000000000001,-0.01100000000000012,-1.0880316518298832
Will the Republicans win the New Hampshire governor race in 2026?,74721757099502856629978429446702729437619614092592091000501653336065671742582,30088412391482363624377816393145245827324760089787001501690465830184683596344,0.9,0.91,0.09,0.1,1.01,-0.010000000000000009,-0.990099009900991
Will the Democrats win the New Mexico governor race in 2026?,17781069937970314001472355582427331102577624490515546410398313363226785264562,36751080180193208611679715282017036514262692646839311614046859811593442232572,0.92,0.93,0.07,0.08,1.01,-0.010000000000000009,-0.990099009900991
Will the Republicans win the New Mexico governor race in 2026?,66486026915087812107390926299428531209332603871609345502520740675575639289776,28560287983606987850204671484619002594173232176549531922535113255113148304679,0.05,0.07,0.93,0.95,1.02,-0.020000000000000018,-1.960784313725492
Will the Democrats win the New York governor race in 2026?,64050273355694113671090110638685043795558853994186493795797238541534244584786,89871775413723061310900874811289289046282365859042241773701889222569854585191,0.93,0.95,0.05,0.07,1.02,-0.020000000000000018,-1.960784313725492
Will the Republicans win the New York governor race in 2026?,108106288970534575307495623455701128869187166289634633189375113923142364674394,32946988346851809083717853909672502303533938428804197173672614672441945179683,0.05,0.06,0.94,0.95,1.01,-0.010000000000000009,-0.990099009900991
Will the Democrats win the Ohio governor race in 2026?,63255709540320761353971859526848930870803944190764324681913735372035438815215,16976595754865702888942253430173145813500518669245701188211359895815715104826,0.56,0.57,0.43,0.44,1.01,-0.010000000000000009,-0.990099009900991
Will the Republicans win the Ohio governor race in 2026?,3104629708171062356498135654472461762731791851667035051301931240755518332250,104526794566859391085042814952967251260974275524059793655101271789052995794634,0.42,0.43,0.57,0.58,1.01,-0.010000000000000009,-0.990099009900991
Will the Democrats win the Oklahoma governor race in 2026?,37700214927702560862325287464231700075479667077774217635210792305464305010407,82608334051864142932873144348121852324089451792525985503537377336006986101897,0.07,0.08,0.92,0.93,1.01,-0.010000000000000009,-0.990099009900991
Will the Republicans win the Oklahoma governor race in 2026?,12195532376431728872322429427491005809800415403259444414908025975252692275196,70400850745105924579032258999370614016356127378629300586837478000148390833708,0.9,0.91,0.09,0.1,1.01,-0.010000000000000009,-0.990099009900991
Will the Democrats win the Oregon governor race in 2026?,9755787435930070640870536823763281543938387827225853124824813626465365556107,46486910951407358308537327861577419089696653684888928429256333235431031567968,0.86,0.88,0.12,0.14,1.02,-0.020000000000000018,-1.960784313725492
Will the Republicans win the Oregon governor race in 2026?,60638893393471159707288518099941698438888451383700859041754575565737488871199,20648510697913817659399065554892739311338993894582582168950491913704093219808,0.13,0.14,0.86,0.87,1.01,-0.010000000000000009,-0.990099009900991
Will the Democrats win the Pennsylvania governor race in 2026?,86158564038726526008163887440654010269502827272776903587995739265573029112945,20918140760474946630045567241666208575510335017424226516022596966030394605413,0.955,0.98,0.02,0.045,1.025,-0.02499999999999991,-2.439024390243894
Will the Republicans win the Pennsylvania governor race in 2026?,5688801435889428424829669547673250506620304454224290559333533905846390372394,21024189438556491499983312864085506291201006475691953166988844977583635820413,0.022,0.03,0.97,0.978,1.008,-0.008000000000000007,-0.7936507936507943
Will the Democrats win the Rhode Island governor race in 2026?,12963869833838696349134591178892586509546549676681530057691780490969939726649,75325800980805191432247713433059602003287797994426454877102862804464373217417,0.952,0.967,0.033,0.048,1.015,-0.014999999999999902,-1.4778325123152616
Will the Republicans win the Rhode Island governor race in 2026?,102532646565376609462398061495436415751549869365588135784659237547896983513156,10715098541516047115241310337325864327460214984462087775958463808642042359347,0.013,0.04,0.96,0.987,1.027,-0.026999999999999913,-2.629016553067178
Will an independent win the Rhode Island governor race in 2026?,13165388174900569619328636459480727052834519645059869980549561071064022087971,111202902854619594912757736606690792075061552960837186030975224474972751918924,0.008,0.016,0.984,0.992,1.008,-0.008000000000000007,-0.7936507936507943
Will the Democrats win the South Carolina governor race in 2026?,69673263487139231624315897585768201230841320475352635832819992690850228911127,60881151017130321740345136601526104676952077782755755891584789189096989545525,0.053,0.062,0.938,0.947,1.009,-0.008999999999999897,-0.8919722497522199
Will the Republicans win the South Carolina governor race in 2026?,115258259561547414610995893322363332894307320697384633557391293684664191320185,17477959378122758499540906149943925432690452353416410038176243997158408694887,0.93,0.94,0.06,0.07,1.01,-0.010000000000000009,-0.990099009900991
Will the Democrats win the South Dakota governor race in 2026?,19857809653204352084235953967001149759321806996646353766198011041287290557051,81928830076368461059680704904933018599743089984775447893064772019302534185483,0.026,0.033,0.967,0.974,1.007,-0.006999999999999895,-0.6951340615690065
Will the Republicans win the South Dakota governor race in 2026?,33837211479232375079024923304907620849682048653904904303440832993092201214603,38302880535951403336098668563481174440950945234701506433179054905474679477705,0.942,0.963,0.037,0.058,1.021,-0.020999999999999908,-2.0568070519098836
Will the Democrats win the Tennessee governor race in 2026?,42092635016892213098098431597314233695276464574605657188222427223673881775927,98575404987824247968035554378138502826375834662434598159433509586324667676456,0.029,0.06,0.94,0.971,1.031,-0.030999999999999917,-3.0067895247332608
Will the Republicans win the Tennessee governor race in 2026?,24326213014906491852819643583064878883456155870415421965354259617491710449915,48343513797313535139742557170888827052841827464414389814991107121857596719575,0.941,0.971,0.029,0.059,1.03,-0.030000000000000027,-2.9126213592233037
Will the Democrats win the Texas governor race in 2026?,48232987449750988261789196083999659380058157021032932634331257492238853387252,72484470323457781490418074887818414956328925259630173408815876344351328006429,0.2,0.21,0.79,0.8,1.01,-0.010000000000000009,-0.990099009900991
Will the Republicans win the Texas governor race in 2026?,54743173400191373818547682740700297683169841200363505623023527116388816282328,1866695229821909795321299492017203124655045093500207568743162324352894510180,0.779,0.782,0.218,0.221,1.0030000000000001,-0.0030000000000001137,-0.2991026919242386
Will the Democrats win the Vermont governor race in 2026?,60184991030711150053889856154789765911962237408503307206289529109604385579009,63691357964355397861776339416833450653158434687925250159757815624217137833471,0.071,0.083,0.917,0.929,1.012,-0.01200000000000001,-1.1857707509881432
Will the Republicans win the Vermont governor race in 2026?,41583919731714354912849507182398941127545694257513505398713274521520484370640,77561864081904257466881861992966973663334838144590020887681006880259960197549,0.88,0.9,0.1,0.12,1.02,-0.020000000000000018,-1.960784313725492
Will the Democrats win the Wisconsin governor race in 2026?,47540146623620182724372695903724852067595146419459482790641441152489267651664,9425494630420524762356091484606706289169789796333686976670441967109493832767,0.83,0.84,0.16,0.17,1.01,-0.010000000000000009,-0.990099009900991
Will the Republicans win the Wisconsin governor race in 2026?,110568426700454908727813010666782278712329569099119457880819387703511785225289,94997938472772845981621371346408480728260037625129184428077443070579239724265,0.15,0.16,0.84,0.85,1.01,-0.010000000000000009,-0.990099009900991
Will the Democrats win the Wyoming governor race in 2026?,27698880682601961151205903485139737259763277359865731443999905606295817799595,96583137082549706198480677389115178770016108390630706701207381056297764196817,0.025,0.035,0.965,0.975,1.01,-0.010000000000000009,-0.990099009900991
Will the Republicans win the Wyoming governor race in 2026?,110662231382210721528347530139180000273032668591469451320298639508988983810813,99976219015035965574168901976309503181134185471894698064889695342472682228094,0.947,0.957,0.043,0.053,1.01,-0.010000000000000009,-0.990099009900991
Will the Democrats win the Alabama Senate race in 2026?,77232568388576878990477542833081311975859328857370439688711702313039178600550,41305309737809315151633117199490064099794235884838684383222141982080157632024,0.04,0.06,0.94,0.96,1.02,-0.020000000000000018,-1.960784313725492
Will the Republicans win the Alabama Senate race in 2026?,95119856323193627993348587708417756152568014985721929036628780323821873817569,95286107028750601502051168250844687833938339238703778383649184813520093295024,0.94,0.96,0.04,0.06,1.02,-0.020000000000000018,-1.960784313725492
Will the Democrats win the Arkansas Senate race in 2026?,68370995073141964079913803663665941780115677360430806954011390499916208708512,13262930035751293044299030051076946493579310948743085503128810162298115061024,0.039,0.06,0.94,0.961,1.021,-0.020999999999999908,-2.0568070519098836
Will the Republicans win the Arkansas Senate race in 2026?,48125407658537781630126353551882211313520827583468729408685633955919030034320,1797580469213095171880719393862360781916964211483452267877668487044757332006,0.939,0.943,0.057,0.061,1.004,-0.0040000000000000036,-0.39840637450199234
Will the Democrats win the Colorado Senate race in 2026?,68194463917260305435439145066031544476540679280823247532132832363696000101185,106192530786960539135535008575818346767459617102414049409342524139150698862791,0.953,0.969,0.031,0.047,1.016,-0.016000000000000014,-1.5748031496063006
Will the Republicans win the Colorado Senate race in 2026?,94387913280398317052582281843978069916338462525042652614881277797162415545237,2474994172812821906731940905046937405647772936830086080400122272424376650343,0.03,0.031,0.969,0.97,1.001,-0.0009999999999998899,-0.09990009990008891
Will the Democrats win the Delaware Senate race in 2026?,109467029375682717672947466588331781838347232688418556926634334189471462678711,56515783740067714541146024238690731191171951191676227554534304907999316653689,0.97,0.971,0.029,0.03,1.001,-0.0009999999999998899,-0.09990009990008891
Will the Republicans win the Delaware Senate race in 2026?,18791277393217683755628516529477058015186638022373024614300661393042993809537,111410260998316519094031668071734601628657437474531224521985946937751497012846,0.032,0.033,0.967,0.968,1.001,-0.0009999999999998899,-0.09990009990008891
Will the Democrats win the Georgia Senate race in 2026?,21024219148268989748704207701411444044468128261642675917026452687231462203167,35836144845762083734936716777818582913796871841916057482479347577598882811767,0.93,0.94,0.06,0.07,1.01,-0.010000000000000009,-0.990099009900991
Will the Republicans win the Georgia Senate race in 2026?,43777191461245536274027792855557351629362906569064322165760098912770293918104,61124290990237905740819218004087985253159695156484630843664573685734418084158,0.051,0.057,0.943,0.949,1.006,-0.006000000000000005,-0.5964214711729627
Will the Democrats win the Idaho Senate race in 2026?,106941193163110167696426338043140728938381127310653153528096347878604033727123,80934691869338927255837304938089888360426615780964561477823921040289407849741,0.002,0.009,0.991,0.998,1.007,-0.006999999999999895,-0.6951340615690065
Will the Republicans win the Idaho Senate race in 2026?,6756779810577885828704276397389282544084821591107025125954859235939281991675,87565258770725265966392236652709967744698603916603639644457593228770340754031,0.947,0.951,0.049,0.053,1.004,-0.0040000000000000036,-0.39840637450199234
Will Todd Achilles win the Idaho Senate race in 2026?,109865291951183941149765892685776097643915392898762342965012269207177841238467,57925461341104910435866398583612621937921844618146243318901522652628878376322,0.013,0.054,0.946,0.987,1.041,-0.040999999999999925,-3.9385206532180526
Will the Democrats win the Illinois Senate race in 2026?,3015477455071606958014729552697672689898195807324746948280693702257424620276,115316081925755141262134681282752103796078250770988305202716210672556966594698,0.952,0.971,0.029,0.048,1.019,-0.018999999999999906,-1.8645731108930232
Will the Republicans win the Illinois Senate race in 2026?,28293677056280080359554222049156424637171556977737746792223933800049748849083,33213488937256662530482377056557065500011938647623670350418977541117315454320,0.03,0.048,0.952,0.97,1.018,-0.018000000000000016,-1.7681728880157188
Will the Democrats win the Iowa Senate race in 2026?,90689690530039118737607894922148077480097700217322320781526913496162509181445,105412116375859456386463067772529895223931027977055063584054608854983174999392,0.39,0.4,0.6,0.61,1.01,-0.010000000000000009,-0.990099009900991
Will the Republicans win the Iowa Senate race in 2026?,107844449523890311740907586041395758413047559802389895859202256336422357556837,45697952169290210733788647908439282215277461482653377209044144054693714912010,0.6,0.62,0.38,0.4,1.02,-0.020000000000000018,-1.960784313725492
Will the Democrats win the Kansas Senate race in 2026?,75079868093228966915894372964099062660587490227046756021175661325867722540666,37327444084035787269854507880662541101916131726641992937390933740081521292625,0.27,0.28,0.72,0.73,1.01,-0.010000000000000009,-0.990099009900991
Will the Republicans win the Kansas Senate race in 2026?,18131974965869813060047290511060211742274666573066200470724290584768041211203,99954012845363784422380244269243499000117818896422626871954380344984773420508,0.73,0.74,0.26,0.27,1.01,-0.010000000000000009,-0.990099009900991
Will the Democrats win the Kentucky Senate race in 2026?,37649267567982889592011384409533519112993266261975620703097847510820818713285,25714364921494590153126712070237148273556585153060830557346938682702981481913,0.026,0.036,0.964,0.974,1.01,-0.010000000000000009,-0.990099009900991
Will the Republicans win the Kentucky Senate race in 2026?,48498511771232100148522166869811267217315069499419645745771730197179043728388,65439356235045131807396247896357430551043166853377401069960230324723866335352,0.953,0.965,0.035,0.047,1.012,-0.01200000000000001,-1.1857707509881432
Will the Democrats win the Maine Senate race in 2026?,7589880081658059374445882095611024032084645048848237404312287942463647821549,6136336712352911156426560180855478229745540927722899997193789497766196705020,0.69,0.7,0.3,0.31,1.01,-0.010000000000000009,-0.990099009900991
Will the Republicans win the Maine Senate race in 2026?,2142948285506077695096498341598672159464223074468931276310105532825810210121,43295283577056639281694071578249936735369407445693289764095672178175084599787,0.3,0.31,0.69,0.7,1.01,-0.010000000000000009,-0.990099009900991
Will the Democrats win the Massachusetts Senate race in 2026?,37806907368043161074949113436745462734936336037202698916361016094424427186209,12372043962778394976024486768688292040496139295686161489871763438144310710290,0.975,0.982,0.018,0.025,1.007,-0.006999999999999895,-0.6951340615690065
Will the Republicans win the Massachusetts Senate race in 2026?,94720102345103978732985991591541449349105398685307981352929740529082927790385,89749451189659806236078281140753717284965641684284805325103046978904196883787,0.012,0.026,0.974,0.988,1.014,-0.014000000000000012,-1.3806706114398433
Will the Democrats win the Michigan Senate race in 2026?,71772627544132140586824126381855151743830987860593343955509593715269534710061,64025664961497419708095468282573682984741903075312816516046832361290996190088,0.66,0.67,0.33,0.34,1.01,-0.010000000000000009,-0.990099009900991
Will the Republicans win the Michigan Senate race in 2026?,1046980875306043125128331871114794349002409233139736033870402475326170083426,71610581811588451243087930916572592402913705975252472987256607890992191263885,0.33,0.34,0.66,0.67,1.01,-0.010000000000000009,-0.990099009900991
Will the Democrats win the Minnesota Senate race in 2026?,5210147086444382339849101722545511095151948730486562412029285471203011774407,31436003141911636826257012170104365274669938022228084492450613161428480917013,0.92,0.93,0.07,0.08,1.01,-0.010000000000000009,-0.990099009900991
Will the Republicans win the Minnesota Senate race in 2026?,70179930004460104520571721963263381325865077807861641105900318902168490512539,6282889705019268501830975677564258188191770886711457649647605609853326924852,0.08,0.09,0.91,0.92,1.01,-0.010000000000000009,-0.990099009900991
Will the Democrats win the Montana Senate race in 2026?,88799262678230165893255813616837100962595819984760588859765042402182443138810,80548090613166591367082748340054574729693035025508775289880033317294974030893,0.008,0.019,0.981,0.992,1.011,-0.010999999999999899,-1.0880316518298616
Will the Republicans win the Montana Senate race in 2026?,102325039069045369431277041414667266705633344716966967751024692805337688459829,58046186222956557148380567481022348507421740788139654872430510492438761636276,0.92,0.93,0.07,0.08,1.01,-0.010000000000000009,-0.990099009900991
Will an Independent win the Montana Senate race in 2026?,29340710087203628054916881063653310634997647642374537159652441277893390730162,72519790371061340119765172065780798251360397199188255055934152186624799324027,0.058,0.07,0.93,0.942,1.012,-0.01200000000000001,-1.1857707509881432
Will the Democrats win the New Hampshire Senate race in 2026?,82410058691149830741200014405570918770267839390767234397030380747995715352939,28709552853916742051233428360468180906283732902940871675642481670799666825242,0.8,0.81,0.19,0.2,1.01,-0.010000000000000009,-0.990099009900991
Will the Republicans win the New Hampshire Senate race in 2026?,62227089537100115269143206481757249285124282589590263790284791475153705872216,58757590052289479996371632351141005979216013605386057994994985198930000872621,0.19,0.2,0.8,0.81,1.01,-0.010000000000000009,-0.990099009900991
Will the Democrats win the New Jersey Senate race in 2026?,57191420250913616150846676905047388827581537310894242160546701872955141155912,68681443500357642360075283680830487598986161680464858837462763850367316916961,0.961,0.97,0.03,0.039,1.009,-0.008999999999999897,-0.8919722497522199
Will the Republicans win the New Jersey Senate race in 2026?,80469582416211324277551196813384851504222711072116234686695188046152640511225,68311829543741021184558122622902784954644849677046739184908916756688634040204,0.03,0.04,0.96,0.97,1.01,-0.010000000000000009,-0.990099009900991
Will the Democrats win the New Mexico Senate race in 2026?,86827974851753312617441915824618617861250657564707166327567168877893121374182,36658361636301944946350626333493677081031062692438134395348552977069133544334,0.968,0.971,0.029,0.032,1.003,-0.0029999999999998916,-0.2991026919242165
Will the Republicans win the New Mexico Senate race in 2026?,47410821361368319377218522333433306313753572972827491807608363074924233552004,34151693471054832326907352504678670863317940877946622594683256674473306466921,0.029,0.034,0.966,0.971,1.005,-0.004999999999999893,-0.4975124378109347
Will the Democrats win the North Carolina Senate race in 2026?,107151098936186723859677628536733880558851060002514795735761427447010628440047,111394826590193310622075208085123253955586587501538476190057516703346418362600,0.93,0.94,0.06,0.07,1.01,-0.010000000000000009,-0.990099009900991
Will the Republicans win the North Carolina Senate race in 2026?,62831517509825405761763142539845746280269675872170259538293560849475982647892,66273785459475184474276423059036741814958495126134511275805524603240865775761,0.06,0.07,0.93,0.94,1.01,-0.010000000000000009,-0.990099009900991
Will the Democrats win the Oregon Senate race in 2026?,2092757373218904768373533040846280132805161861393140519418262456097465213332,115425469352125405408452417281297924379268274749766556673380359025991529324753,0.967,0.984,0.016,0.033,1.017,-0.016999999999999904,-1.671583087512282
Will the Republicans win the Oregon Senate race in 2026?,79489800771199803792838465972773376352837733018768490302999836500381020065853,29850921617086885622321882518009992617707565675149598556157682973609083717715,0.018,0.024,0.976,0.982,1.006,-0.006000000000000005,-0.5964214711729627
Will the Democrats win the Rhode Island Senate race in 2026?,77004273724753899183699441849597881417275931290950171679615354396048734034984,56999680715177473430966804355924370363620765680932198467899001505216633500449,0.954,0.97,0.03,0.046,1.016,-0.016000000000000014,-1.5748031496063006
Will the Republicans win the Rhode Island Senate race in 2026?,18128207363125529330540526475108389147728645885887417700651189282375630645842,21708830464136004242050467178622400680068868627075028819168121519801996195940,0.007,0.039,0.961,0.993,1.032,-0.03200000000000003,-3.1007751937984525
Will the Democrats win the South Carolina Senate race in 2026?,30718966535311015751929217398361750334834655110246828806892843311659716192347,33485925353171072312284533208639606685310281710515007938376691890027292332545,0.14,0.15,0.85,0.86,1.01,-0.010000000000000009,-0.990099009900991
Will the Republicans win the South Carolina Senate race in 2026?,84368524152268016512433556151474175385160499638069024812438264090070245734708,106735117676771824247027811445178447955204027242855029915419117736623883137120,0.86,0.87,0.13,0.14,1.01,-0.010000000000000009,-0.990099009900991
Will the Democrats win the South Dakota Senate race in 2026?,67967023811721834738685695249992484419619114809767608640505747182577663027691,87788307834855462980201710464461387411969659581088060979543565160826300016750,0.001,0.002,0.998,0.999,1.001,-0.0009999999999998899,-0.09990009990008891
Will the Republicans win the South Dakota Senate race in 2026?,90757273431062483956880101601137522271949785755347720675502304224330457712154,5040161955776484296351499962568185593215052681792686729696166479023057001842,0.936,0.943,0.057,0.064,1.007,-0.006999999999999895,-0.6951340615690065
Will Brian Bengs win the South Dakota Senate race in 2026?,85091920580146708593441393469155645206377351164316133922062262386625039242645,69975697607439985475728016095706749612060905267125933380755060370332287585393,0.032,0.066,0.934,0.968,1.034,-0.03400000000000003,-3.288201160541589
Will the Democrats win the Tennessee Senate race in 2026?,109770398277480657132311708823042764648778271467537669934185093015733099277755,50635500573145079077706052236022272447121646566197183315877718515529765028366,0.027,0.047,0.953,0.973,1.02,-0.020000000000000018,-1.960784313725492
Will the Republicans win the Tennessee Senate race in 2026?,23982348354062524972887126807952244605287433791462351968680411830837664790435,111826527981770711646207152944245816318333631371057419351067163207926937998489,0.956,0.971,0.029,0.044,1.015,-0.014999999999999902,-1.4778325123152616
Will the Democrats win the Texas Senate race in 2026?,15290572385458522370285732869432740297199321382471116558439914335588167718663,25172545206000541692667496253531562288536270988826888609620735617040533835056,0.59,0.6,0.4,0.41,1.01,-0.010000000000000009,-0.990099009900991
Will the Republicans win the Texas Senate race in 2026?,21265207456609426291246075480390336499088453711419597084147957999650569091884,9846414914422486942750462555692240718767368950832862364324602361738794436048,0.41,0.42,0.58,0.59,1.01,-0.010000000000000009,-0.990099009900991
Will the Democrats win the Virginia Senate race in 2026?,103672405579571940023321290271521195736672061427193452636021280058761450574865,59197529092850285387032753654097584799334029532851852306533311157622884742559,0.976,0.98,0.02,0.024,1.004,-0.0040000000000000036,-0.39840637450199234
Will the Republicans win the Virginia Senate race in 2026?,30879673422883665658998557649780314115615509792114924412311244164523672753717,90754958922510400552842169151468277929530764031411953233776577468931244763939,0.006,0.037,0.963,0.994,1.031,-0.030999999999999917,-3.0067895247332608
Will the Democrats win the West Virginia Senate race in 2026?,110692470670299760609405767524469998656804613573367102042492015567399413436772,89611284751983444666516772199088261836184128361026213372833195934667653681164,0.016,0.03,0.97,0.984,1.014,-0.014000000000000012,-1.3806706114398433
Will the Republicans win the West Virginia Senate race in 2026?,103563721501446582736235672026641229118201717908465299005521462931975944512517,23395400070140850878802468480151807289611968843746307012852845052388143063303,0.955,0.987,0.013,0.045,1.032,-0.03200000000000003,-3.1007751937984525
Will the Democrats win the Wyoming Senate race in 2026?,49797779751182114244550178900838522175054943127409025738411962628574218037267,19478516824999166368089016534393288198149272568651281887970566028826732946055,0.022,0.037,0.963,0.978,1.015,-0.014999999999999902,-1.4778325123152616
Will the Republicans win the Wyoming Senate race in 2026?,79928077180713102609948647660034580156932658823394290272651325523866637424642,45404313587021591687645147323535282421303802762508782139776179473077300208474,0.955,0.97,0.03,0.045,1.015,-0.014999999999999902,-1.4778325123152616
Will the Democrats win the Mississippi Senate race in 2026?,77001639760095266374534198365421436593389036687975321536722226607654949914567,109329484956764506378760583725617100193692863947320202695087573398990069238209,0.08,0.09,0.91,0.92,1.01,-0.010000000000000009,-0.990099009900991
Will the Republicans win the Mississippi Senate race in 2026?,36589074670521348842786325911391532620430247097981345860356484520500173888573,4639340586725578716005500791739559303082924048072534329825226706547465941088,0.9,0.91,0.09,0.1,1.01,-0.010000000000000009,-0.990099009900991
Will the Democrats win the Oklahoma Senate race in 2026?,112281295057865404870041957222562306206517476142557838682690649172966968734671,64564597855888410825779066289398082874334191307203738739152847250485409164101,0.024,0.04,0.96,0.976,1.016,-0.016000000000000014,-1.5748031496063006
Will the Republicans win the Oklahoma Senate race in 2026?,83554519035704522672644117478876258278018394754028161940314277335853541553559,104309452422982046070067427008177275696484241243440409773417263901405335891407,0.961,0.977,0.023,0.039,1.016,-0.016000000000000014,-1.5748031496063006
Will the Democrats win the Florida Senate race in 2026?,109815773012907461372639157658293071578555374097742562684476865021743386609433,37755135088405799849800190027343457715121200916302661996402931566317384140291,0.09,0.1,0.9,0.91,1.01,-0.010000000000000009,-0.990099009900991
Will the Republicans win the Florida Senate race in 2026?,47848555635748009983462962481545341194026880518141560747711492227563791266566,93154595056268120397334102801062018916555787278126869430194069115332749753248,0.9,0.91,0.09,0.1,1.01,-0.010000000000000009,-0.990099009900991
Will the Democrats win the Ohio Senate race in 2026?,83018072688154066292491996133599479395547801317505487833443670253228061205312,79825167762459488478206414509755176562349257846652439268369145558426777722770,0.54,0.55,0.45,0.46,1.01,-0.010000000000000009,-0.990099009900991
Will the Republicans win the Ohio Senate race in 2026?,69908185249078099348466099388148864764525845923415294308139153388799352317616,23913381536137166406579511315285934624565002001604591688105636176511254870797,0.45,0.46,0.54,0.55,1.01,-0.010000000000000009,-0.990099009900991
Will the Democrats win the Louisiana Senate race in 2026?,80536528552003281640741026890878925456783654983296822683495274364289350034456,109090022960169506693280284802447236443468818742086703354686360167548384699439,0.06,0.07,0.93,0.94,1.01,-0.010000000000000009,-0.990099009900991
Will the Republicans win the Louisiana Senate race in 2026?,79597156840177168343562124064866301094619106642263695929345529947536386203124,40600137944982070120020561148201046074034528738262880058756488608210871246278,0.92,0.93,0.07,0.08,1.01,-0.010000000000000009,-0.990099009900991
Will the Democrats win the Nebraska Senate race in 2026?,55269299240433422758148290868724152324629587438760275683104577693660207425448,81262665299593332402996254810488669553080330014117799642811352427402737700753,0.001,0.002,0.998,0.999,1.001,-0.0009999999999998899,-0.09990009990008891
Will the Republicans win the Nebraska Senate race in 2026?,92576281548134350814800877416860562553699794074017301653635964206220838638047,20545755397554366279105844241414821565747450256261992143596340747510834590543,0.67,0.69,0.31,0.33,1.02,-0.020000000000000018,-1.960784313725492
Will an independent win the Nebraska Senate race in 2026?,47975366268282823322598946778919483335780002591367838795894307024076579116518,89524111316754281233016446935787527194216234343076592935555965327756401377156,0.32,0.33,0.67,0.68,1.01,-0.010000000000000009,-0.990099009900991
Will Dan Sullivan win the Alaska Senate race in 2026?,2618138322856109565904469085316346602627882727483900432328802655317079880335,64264976954058187238724333554507208255303776435657387002861226761784169752307,0.26,0.27,0.73,0.74,1.01,-0.010000000000000009,-0.990099009900991
Will Mary Peltola win the Alaska Senate race in 2026?,72139607190315861034411702195742538105117960260100800877125381826122747504258,38274379050640062523611849065721372699838119672720475300345842413156391540232,0.73,0.75,0.25,0.27,1.02,-0.020000000000000018,-1.960784313725492
Will Click Bishop win the 2026 Alaska governor election?,39154002125405197763794707136923968604358387984246909531145654626829957893230,60418842426512534469642130512596061192215988595473467000352213671045616492638,0.001,0.002,0.998,0.999,1.001,-0.0009999999999998899,-0.09990009990008891
Will David Bronson win the 2026 Alaska governor election?,23047817297095829703205789623007814925017477005361786493221231421140774736099,27589735007801809920895792521249110991864778093988837036036503689605174002385,0.003,0.006,0.994,0.997,1.003,-0.0029999999999998916,-0.2991026919242165
Will Matt Heilala win the 2026 Alaska governor election?,41775449479665930068266329795278714167204411479685732105862933499385131340367,113473521542910478197158103741391826457123704776487916253298517201682293793688,0.001,0.002,0.998,0.999,1.001,-0.0009999999999998899,-0.09990009990008891
Will Treg Taylor win the 2026 Alaska governor election?,93969985011170776056000925561172416309286101442856109696106983204369499012978,72506703256469236704803392095389359754054700969674670489618759577406730106828,0.002,0.01,0.99,0.998,1.008,-0.008000000000000007,-0.7936507936507943
Will Bernadette Wilson win the 2026 Alaska governor election?,64751505184958139146196081658481476813866015817972108997333100399972093820939,15859382751346746343939036525053853077867668968518299817855187651744506002496,0.1,0.12,0.88,0.9,1.02,-0.020000000000000018,-1.960784313725492
Will Tom Begich win the 2026 Alaska governor election?,88923835626751439335001852098823598444201043849577093630790185644778054232354,39720463685457026846596900903719403712373357015082509595546409524414612455841,0.001,0.002,0.998,0.999,1.001,-0.0009999999999998899,-0.09990009990008891
Will Jonathan Kreiss-Tomkins win the 2026 Alaska governor election?,20244362049417025533374049121400436676833898969884666612361039499958684857530,37982054955350769473225274338511206092834110396688311841877176075150786948028,0.861,0.879,0.121,0.139,1.018,-0.018000000000000016,-1.7681728880157188
Will Donald Trump win the Nobel Peace Prize in 2026?,96308556109755835434254900303426519652053230974356832970824534225192181988516,75648553599758807820760400986240186978327005811004242427218252697572451485336,0.022,0.025,0.975,0.978,1.003,-0.0029999999999998916,-0.2991026919242165
Will Pope Leo XIV win the Nobel Peace Prize in 2026?,113237755645921715758233944722306063215233909018006486973579082721270649678448,95174951397252701626356005587736778177787845584080929573568339678125892550453,0.005,0.01,0.99,0.995,1.005,-0.004999999999999893,-0.4975124378109347
Will Yulia Navalnaya win the Nobel Peace Prize in 2026?,3494130919441794744300504897798612438496650716124466384425423765833752918969,28096161697269491739201577018265114286225290564353204301878588204336630210171,0.07,0.08,0.92,0.93,1.01,-0.010000000000000009,-0.990099009900991
Will Julian Assange win the Nobel Peace Prize in 2026?,2514203837854735205913781359327052377275050226163878960745268210971566855346,112167985448024082869173908935600668305426586702085278841767559334167398447501,0.004,0.006,0.994,0.996,1.002,-0.0020000000000000018,-0.19960079840319378
Will Greta Thunberg win the Nobel Peace Prize in 2026?,110720206167890822616321575705807171983245849150110799188723045022216595670551,88258427153334602839061103957324557393993316504272753015676420313968562088509,0.011,0.012,0.988,0.989,1.001,-0.0009999999999998899,-0.09990009990008891
Will Elon Musk win the Nobel Peace Prize in 2026?,75607128808577269329357564425293012652006155264327001987967114873720422847762,12399441569018704651613633276106609828289317349737964099492012443734276929050,0.001,0.002,0.998,0.999,1.001,-0.0009999999999998899,-0.09990009990008891
Will UNRWA win the Nobel Peace Prize in 2026?,44648805494496128018486302258584216672381875589441286537181971476979030040822,100774842773502634308392264835606396497542279688738306742145099064280129552022,0.046,0.06,0.94,0.954,1.014,-0.014000000000000012,-1.3806706114398433
Will the International Court of Justice win the Nobel Peace Prize in 2026?,71369127494310794272479391274205452287676771660414011081710844125846890526676,100825934865672220288878913199795346535221985257911240162629731201658697455767,0.05,0.054,0.946,0.95,1.004,-0.0040000000000000036,-0.39840637450199234
Will António Guterres win the Nobel Peace Prize in 2026?,23342261653888694132200522593527487238848562692306851598440649086435121500976,74898968531597218741457817445756371218150329069760332671745694661596010747348,0.007,0.013,0.987,0.993,1.006,-0.006000000000000005,-0.5964214711729627
Will Volodymyr Zelenskyy win the Nobel Peace Prize in 2026?,69233785052194635705851216099911823720821171641039286350179421202360326472771,8338529888438948644585537691079019147027137862127077274522691678941032005403,0.015,0.019,0.981,0.985,1.004,-0.0040000000000000036,-0.39840637450199234
Will Tamim bin Hamad Al Thani win the Nobel Peace Prize in 2026?,38629843016683821271278712298908281184814663635088376266062295059246738422381,5589769935476462129484153271836175288080453728912236522871901218697147752772,0.017,0.022,0.978,0.983,1.005,-0.004999999999999893,-0.4975124378109347
Will Vladimir Putin win the Nobel Peace Prize in 2026?,3072654272549368438022392135276167382428661847959009954134234860002162565563,113985315011147639722353242178466700648968151094441125067915688418671668934701,0.001,0.002,0.998,0.999,1.001,-0.0009999999999998899,-0.09990009990008891
Will Khaled Mashal win the Nobel Peace Prize in 2026?,4817558919700430121831697879056774909752184660255737582917693916506064447935,87180602681563575283368867567629117475002741678602916739029207915550777119916,0.001,0.002,0.998,0.999,1.001,-0.0009999999999998899,-0.09990009990008891
Will Benjamin Netanyahu win the Nobel Peace Prize in 2026?,8075661047254567797432306525558519998052391236898258911573171689963344650999,112058520838328908682687058357533850521842794205200289227549070997672330839618,0.002,0.004,0.996,0.998,1.002,-0.0020000000000000018,-0.19960079840319378
Will Recep Tayyip Erdoğan win the Nobel Peace Prize in 2026?,85146181675473345857517501170400200068194836865848336579180316943778562621184,95932030235748967242599691240359532539860303333387793931050103786551928194397,0.001,0.002,0.998,0.999,1.001,-0.0009999999999998899,-0.09990009990008891
Will Xi Jinping win the Nobel Peace Prize in 2026?,43017540324415003826064618020596028072344969424808059974990020921868559630137,53191751382453576965267402331097248438966776523725261860140290292986323884318,0.004,0.006,0.994,0.996,1.002,-0.0020000000000000018,-0.19960079840319378
Will Ahmed al-Sharaa win the Nobel Peace Prize in 2026?,29384252153498040908016173010534270095096285030713208216637067996773126537603,46197450022186203692773393723350125064749764592137974055513793856533004524452,0.011,0.012,0.988,0.989,1.001,-0.0009999999999998899,-0.09990009990008891
Will Charlie Kirk win the Nobel Peace Prize in 2026?,41901357708237118584313729261027657874621373325486663648640954008517926947624,107916695552123881373896612045522214231652174566866222064470731766327560477162,0.001,0.002,0.998,0.999,1.001,-0.0009999999999998899,-0.09990009990008891
Will Mohammed bin Salman win the Nobel Peace Prize in 2026?,99055846750090671053174250706531692511641252423756205459914574198871664904532,99569292711324733780517452708294994018768004149545080530428877556903437821239,0.001,0.002,0.998,0.999,1.001,-0.0009999999999998899,-0.09990009990008891
Will Narendra Modi win the Nobel Peace Prize in 2026?,95036065107529622997025744213041265776694292492123977042470465876649211394600,62116206887522199306412248927926622780699787095863900215476866802754406552079,0.012,0.013,0.987,0.988,1.001,-0.0009999999999998899,-0.09990009990008891
Will Sudan's Emergency Response Rooms win the Nobel Peace Prize in 2026?,113860439310209834379650305681784267754566328071884567820308690850948160355731,42071576944649653386808436328659912686152449101731792166671109971516856047741,0.141,0.15,0.85,0.859,1.009,-0.008999999999999897,-0.8919722497522199
Will Sviatlana Tsikhanouskaya win the Nobel Peace Prize in 2026?,52998917295525562696356890315650820379426837163994507286031921657410394704248,84404069030412981656053602867848211842884034387082688377410789782110691719734,0.003,0.004,0.996,0.997,1.001,-0.0009999999999998899,-0.09990009990008891
Will Chow Hang-tung win the Nobel Peace Prize in 2026?,105947906922563655180714590395599065906628938535396764846938514485565718401515,106969539109555331977875241289513347798702437361045747075299297161876783231041,0.013,0.026,0.974,0.987,1.013,-0.0129999999999999,-1.2833168805528037
Will Committee to Protect Journalists win the Nobel Peace Prize in 2026?,2982941198819724769049162464851645519419973475826729269890970699176428607783,32106064879271189181878414354685466104982610448029149207642349069617565880763,0.02,0.068,0.932,0.98,1.048,-0.04800000000000004,-4.580152671755729
Will Reporters Without Borders win the Nobel Peace Prize in 2026?,55907292921576518193024634812422407522345920977239996383752595092335920572514,51508351872380199628352200429867498855678252297635058409202376784894643830413,0.005,0.014,0.986,0.995,1.009,-0.008999999999999897,-0.8919722497522199
Will UNHCR win the Nobel Peace Prize in 2026?,54247550831029564350002152938863811265299643305071795946150069669421486031284,35302044482214191662485764938121616651128805538887935187129367803249488229995,0.001,0.002,0.998,0.999,1.001,-0.0009999999999998899,-0.09990009990008891
Will ICRC win the Nobel Peace Prize in 2026?,31180366200606632801642139644517069563457285339230600860347358065810036367119,33515942967954711223002094064383691008195973281202075564563502260936732691014,0.005,0.008,0.992,0.995,1.003,-0.0029999999999998916,-0.2991026919242165
Will Hussam Abu Safiya win the Nobel Peace Prize in 2026?,82798421466165992494821245891026337862326886523854683483843043437091963896080,17475765036795375126818207648712053639135212850470329577936951161408532865668,0.001,0.002,0.998,0.999,1.001,-0.0009999999999998899,-0.09990009990008891
Will World Central Kitchen win the Nobel Peace Prize in 2026?,65230882958279043225849720898081993097020681980630835391300802401158523376950,109538999230450187634819660726895899192741766284384012191762370007754006261254,0.01,0.011,0.989,0.99,1.001,-0.0009999999999998899,-0.09990009990008891
Will Save the Children win the Nobel Peace Prize in 2026?,39583919934610440332558769763360781409192681900400811815062781481701623629139,114185423859871247373899716459096165725443923891377637507451681876635535545783,0.072,0.098,0.902,0.928,1.026,-0.026000000000000023,-2.534113060428852
Will Sara Al-Saqqa win the Nobel Peace Prize in 2026?,88930210059810515665564138375145474408818453750714066900582048033060855911539,22631878991377292745737064814929008113974307349341485315710378493567114688678,0.004,0.01,0.99,0.996,1.006,-0.006000000000000005,-0.5964214711729627
Ink FDV above $500M one day after launch?,111038777903810500955184501816954346973829614534020117303301259782775956752807,108830332357648093614878097095693133437816733704835183274262063910374798976168,0.15,0.17,0.83,0.85,1.02,-0.020000000000000018,-1.960784313725492
Ink FDV above $1B one day after launch?,1669403929476904842828383184875082532297077185996813535692439685266884704967,20044115650716430426965705049717303626014883755010628726585624665838456945972,0.08,0.09,0.91,0.92,1.01,-0.010000000000000009,-0.990099009900991
Mitch McConnell steps down from Senate before his term ends?,79397895660526576528066965797785113521241099187839967306891454236823723226031,6176387069967725418539368518279260352303182827227966329832868478861860932409,0.1,0.11,0.89,0.9,1.01,-0.010000000000000009,-0.990099009900991
Billionaire one-time wealth tax passes in California election 2026?,38487155026041533062980821872238023790862908049855818921747904019478875496931,7330556727383706468662351173040823924339817877848787483691015397124505109410,0.29,0.3,0.7,0.71,1.01,-0.010000000000000009,-0.990099009900991
"Will Gavin Newsom announce a Presidential run by December 31, 2026?",37047640727055104154491541966367763466139953161675548075316317067988588663853,45200102949427176349999568908324938980741775964477026787123052544602998293488,0.11,0.13,0.87,0.89,1.02,-0.020000000000000018,-1.960784313725492
"Will Ari Weinstein leave OpenAI by December 31, 2026?",20622838391940429819873792223789849493273117599734129087725440960996613818069,106772470598389023253324409790798286734997744630208218904860155239025342452839,0.1,0.699,0.301,0.9,1.599,-0.599,-37.460913070669164
"Will Conrad Kramer leave OpenAI by December 31, 2026?",29874563369040433575118862419770749480563086667350654739557445346608098986844,111323618240382392771582999962158332851276152255675942803764996958191189161182,0.007,0.997,0.003,0.993,1.99,-0.99,-49.74874371859296
OpenAI announces it has achieved AGI before 2027?,115755033510457721528230598637869053553488546416290388126901840137082000566077,58838271673442942930994176154161427544885549058162072292968389861347162593682,0.13,0.14,0.86,0.87,1.01,-0.010000000000000009,-0.990099009900991
Will OpenAI IPO by December 31 2026?,78959017184382580042532738046363918551357602274462396865643365060706535362447,10592971839058012204379818734015951513876214421642216097933518020153836601713,0.04,0.042,0.958,0.96,1.002,-0.0020000000000000018,-0.19960079840319378
OpenAI $1t+ IPO before 2027?,39763921554641941061304829681183678894833246741338293177697266335996130248563,53455249154698091892597546188646780074388526414669356079477086663348609285332,0.03,0.031,0.969,0.97,1.001,-0.0009999999999998899,-0.09990009990008891
Will the Iranian regime fall before 2027?,10991849228756847439673778874175365458450913336396982752046655649803657501964,106181075047366745139197108801635573283215248045056329679360376976893016488727,0.06,0.07,0.93,0.94,1.01,-0.010000000000000009,-0.990099009900991
Will Mamdani freeze NYC rents before 2027?,106102449360267073046637097096598048592436928340059823162151571020807191828087,86934023414665345422427506679433864279296027898426531732170959339104415335162,0.833,0.903,0.097,0.167,1.07,-0.07000000000000006,-6.54205607476636
Will Consensys IPO by December 31 2026?,4927822480860592396593692483043642132200897775575124930148385016112430190854,44547152496212847740061080841265650032108158993466836859412259707179444064344,0.025,0.04,0.96,0.975,1.015,-0.014999999999999902,-1.4778325123152616
"Will MetaMask launch a token by September 30, 2026?",82017167864405769499774134034352265993930681918536647755800225490639218464999,24192542941326556420937589393283472461812173299056788843809804465380232715721,0.005,0.008,0.992,0.995,1.003,-0.0029999999999998916,-0.2991026919242165
US national Bitcoin reserve before 2027?,115563279943088574368475763566308524191598627607680105838058505260056381768939,30455770425041126193569940063234142577691408508440512817158696601142733755169,0.05,0.07,0.93,0.95,1.02,-0.020000000000000018,-1.960784313725492
Israel and Saudi Arabia normalize relations before 2027?,86727316187077924188803504745015598973723867072517640274231186919208073176698,63409286016973577903012142269621228305682014726736632772295861872995350316136,0.07,0.1,0.9,0.93,1.03,-0.030000000000000027,-2.9126213592233037
Ukraine signs peace deal with Russia before 2027?,93579588306754356558129639371052358607099327699211232141859164590129536814208,50854871681873904159181209043129993931106057788784391855429428220428495613305,0.1,0.11,0.89,0.9,1.01,-0.010000000000000009,-0.990099009900991
NATO article 5 before 2027?,43163627642054688181815035851547282838254727740867654146202339736338923379962,2023566903018276614249600567472475788663508489795373839831574790501932782080,0.065,0.084,0.916,0.935,1.0190000000000001,-0.019000000000000128,-1.8645731108930446
Yoon out of custody before 2027?,72458525119108210179841170267525414270186496838019970198206850900384026496886,15459599865606870462804403532889014965106643564265630331850488546419850096177,0.066,0.073,0.927,0.934,1.0070000000000001,-0.007000000000000117,-0.6951340615690285
Will China unban Bitcoin by 2027?,91810646921497227084241579668235102205462718984593674693010693975258849328842,51080463689161030375818291005097816690283354390568417705958874093502264623871,0.024,0.027,0.973,0.976,1.003,-0.0029999999999998916,-0.2991026919242165
Will Donald Trump visit Israel in 2026?,17310312046830507121308439157055105976196613647072768511530359658718851345502,55699747018158096547665700344519381648470601856074046829620128350713749925122,0.08,0.14,0.86,0.92,1.06,-0.06000000000000005,-5.660377358490571
Will Donald Trump visit Canada in 2026?,111173078110622502975146485705635994101700742486118900857120119365219959759902,27078551761335802816699526818159218716574326271849800902753456601877380119172,0.05,0.11,0.89,0.95,1.06,-0.06000000000000005,-5.660377358490571
Will Donald Trump visit Mexico in 2026?,2660935913959156877980210209659597107865021816700470286853937891105902736403,53795656236776744406903869502504610117667322983088759030488700518678321503882,0.04,0.1,0.9,0.96,1.06,-0.06000000000000005,-5.660377358490571
Will Donald Trump visit Saudi Arabia in 2026?,98958316908671280985410943834693562833778446454499354254876277510277360020516,11272214191603541172656467050516705715276285235791385530896243499800816425667,0.09,0.28,0.72,0.91,1.19,-0.18999999999999995,-15.966386554621845
Will Donald Trump visit Japan in 2026?,40601234017509983627082313348811516552075805863989365590423573705721556440917,50939042031703572926092235111313230683665789550415175292444654887849326071200,0.14,0.44,0.56,0.86,1.3,-0.30000000000000004,-23.076923076923077
Will Donald Trump visit Germany in 2026?,110859084351224598102665068250877030522446091794505995303397670821160821637185,45758629206278296523241491992706519462704945313648320096954439860797269883565,0.16,0.49,0.51,0.84,1.33,-0.33000000000000007,-24.812030075187973
Will Donald Trump visit South Korea in 2026?,82372860658078812057517537953021899304642795009360311317612603092249155381306,57223012266464245266839675780957317879090160010651034893998916597847988309790,0.07,0.12,0.88,0.93,1.05,-0.050000000000000044,-4.761904761904765
