question,yes_token,no_token,quantity,status,yes_cost,no_cost,total_cost,yes_average_price,no_average_price,gross_profit,gross_profit_pct,estimated_fee,slippage_buffer,total_estimated_costs,net_profit,net_roi_pct,profitable_before_costs,profitable_after_costs,profit_per_dollar,break_even_gap,net_profit_rank,net_roi_rank,research_rank
Will Jon Ossoff win the 2028 Democratic presidential nomination?,70071592420137476676935286377781779672157004436137616627487590484756055232944,107829893465244243112531790315844862173967342141753896250561816305880797209350,10,fully_filled,1.7199999999999998,8.29,10.009999999999998,0.172,0.829,-0.009999999999998,-0.09990009990008,0.1000999999999999,0.0200199999999999,0.1201199999999999,-0.130119999999998,-1.29990009990008,False,False,-0.0129990009990008,-1.29990009990008,1,1,1.0
Xi Jinping out before 2027?,32338220190071351435772801779725302244575775216413325951443816017994629993401,25659310674993675562345759665114759892400026242514633218387667107987341231962,10,fully_filled,0.39,9.62,10.01,0.039,0.962,-0.0099999999999997,-0.0999000999000977,0.1001,0.02002,0.1201199999999999,-0.1301199999999996,-1.2999000999000967,False,False,-0.012999000999000958,-1.2999000999000967,2,55,28.5
Will Ruben Gallego win the 2028 Democratic presidential nomination?,94658518227479141344875476648819337938746150529318297759951212169676959854478,89549550119611798541187132573193884477265258658615163602217456913355320927577,10,fully_filled,0.02,9.99,10.01,0.002,0.999,-0.0099999999999997,-0.0999000999000977,0.1001,0.02002,0.1201199999999999,-0.1301199999999996,-1.2999000999000967,False,False,-0.012999000999000958,-1.2999000999000967,2,55,28.5
Will Alexandria Ocasio-Cortez win the 2028 US Presidential Election?,8113830512143065501177519557124858581375945005490796772950589720955457782465,11493926619286817179231142642565394485790380952577225820901334479399429951651,10,fully_filled,1.31,8.7,10.01,0.131,0.8699999999999999,-0.0099999999999997,-0.0999000999000977,0.1001,0.02002,0.1201199999999999,-0.1301199999999996,-1.2999000999000967,False,False,-0.012999000999000958,-1.2999000999000967,2,55,28.5
Will Jasmine Crockett win the 2028 Democratic presidential nomination?,22103094389913052942362639589409218272323168761614999702665821259175535456835,10893367019711826592833821276710094799225035200719824531380610476790390190688,10,fully_filled,0.02,9.99,10.01,0.002,0.999,-0.0099999999999997,-0.0999000999000977,0.1001,0.02002,0.1201199999999999,-0.1301199999999996,-1.2999000999000967,False,False,-0.012999000999000958,-1.2999000999000967,2,55,28.5
Will Pete Buttigieg win the 2028 US Presidential Election?,35629456194498013232473191985311930903993567273832459837879398120893197410860,26087406687932108531005204502244492184534000122992461059156880611150953145122,10,fully_filled,0.27,9.74,10.01,0.027,0.974,-0.0099999999999997,-0.0999000999000977,0.1001,0.02002,0.1201199999999999,-0.1301199999999996,-1.2999000999000967,False,False,-0.012999000999000958,-1.2999000999000967,2,55,28.5
Will Andrew Yang win the 2028 Democratic presidential nomination?,102504892414163237174864879683522880588750452841477290216845150938663289742135,21234886083000978203440582985665409733123024063268807484684316771005736994028,10,fully_filled,0.02,9.99,10.01,0.002,0.999,-0.0099999999999997,-0.0999000999000977,0.1001,0.02002,0.1201199999999999,-0.1301199999999996,-1.2999000999000967,False,False,-0.012999000999000958,-1.2999000999000967,2,55,28.5
Will Michelle Obama win the 2028 US Presidential Election?,88521269813605705303364598280494261510300497312149869577251450871617962933121,1970496541508335019913900195809032484597886384784144327835472760880523550630,10,fully_filled,0.02,9.99,10.01,0.002,0.999,-0.0099999999999997,-0.0999000999000977,0.1001,0.02002,0.1201199999999999,-0.1301199999999996,-1.2999000999000967,False,False,-0.012999000999000958,-1.2999000999000967,2,55,28.5
Will Josh Shapiro win the 2028 US Presidential Election?,1420113190297259908358916251277696183671602680024474979931472444792502392139,9195312844128905514645503106857912558078141569888031031723687687489317147622,10,fully_filled,0.31,9.7,10.01,0.031,0.97,-0.0099999999999997,-0.0999000999000977,0.1001,0.02002,0.1201199999999999,-0.1301199999999996,-1.2999000999000967,False,False,-0.012999000999000958,-1.2999000999000967,2,55,28.5
Will Andy Beshear win the 2028 Democratic presidential nomination?,26468656392978559668331516709623917078428425933265692717836103090220693717685,26335362363448644358593284423242327477307616743233875606762153873424287882825,10,fully_filled,0.26,9.75,10.01,0.026,0.975,-0.0099999999999997,-0.0999000999000977,0.1001,0.02002,0.1201199999999999,-0.1301199999999996,-1.2999000999000967,False,False,-0.012999000999000958,-1.2999000999000967,2,55,28.5
Will Zohran Mamdani win the 2028 Democratic presidential nomination?,19323997520040734631220675039559156784534982703459512097490198935565229528445,111309365336519526711604102518316708823622751854213281307404397618571408959194,10,fully_filled,0.02,9.99,10.01,0.002,0.999,-0.0099999999999997,-0.0999000999000977,0.1001,0.02002,0.1201199999999999,-0.1301199999999996,-1.2999000999000967,False,False,-0.012999000999000958,-1.2999000999000967,2,55,28.5
Will Tucker Carlson win the 2028 US Presidential Election?,45015916581148592087728250896178171120552786117190685135618507471166113474733,5353194854864999214467212176625447374807704051407621946584152368216621932371,10,fully_filled,0.16,9.85,10.01,0.016,0.985,-0.0099999999999997,-0.0999000999000977,0.1001,0.02002,0.1201199999999999,-0.1301199999999996,-1.2999000999000967,False,False,-0.012999000999000958,-1.2999000999000967,2,55,28.5
Will Mark Cuban win the 2028 Democratic presidential nomination?,58378309871183461257693288827678410871907006920578755035402846056315798427503,55392527126713018429304496836617506663024188480522297953714346140749923557790,10,fully_filled,0.04,9.97,10.01,0.004,0.997,-0.0099999999999997,-0.0999000999000977,0.1001,0.02002,0.1201199999999999,-0.1301199999999996,-1.2999000999000967,False,False,-0.012999000999000958,-1.2999000999000967,2,55,28.5
Will Wes Moore win the 2028 US Presidential Election?,35272507273162958827997790327967872292415567859334925862043618606081750011897,374661216370333715221919731169956915917040066803205972387948453758235235593,10,fully_filled,0.09,9.92,10.01,0.009,0.992,-0.0099999999999997,-0.0999000999000977,0.1001,0.02002,0.1201199999999999,-0.1301199999999996,-1.2999000999000967,False,False,-0.012999000999000958,-1.2999000999000967,2,55,28.5
Will J.B. Pritzker win the 2028 Democratic presidential nomination?,103988345069738240821107916249290759786442703283901164377120414690701074137717,108650988487983371520585351370999192979899647080710024226285750050382033453124,10,fully_filled,0.13,9.88,10.01,0.013,0.988,-0.0099999999999997,-0.0999000999000977,0.1001,0.02002,0.1201199999999999,-0.1301199999999996,-1.2999000999000967,False,False,-0.012999000999000958,-1.2999000999000967,2,55,28.5
Will Dwayne 'The Rock' Johnson win the 2028 US Presidential Election?,76252402837334795047528042167618984089231134882494719641438604550246396692717,82779978600617806806814031291287454099780828258739355925042203335968508676880,10,fully_filled,0.15,9.86,10.01,0.015,0.986,-0.0099999999999997,-0.0999000999000977,0.1001,0.02002,0.1201199999999999,-0.1301199999999996,-1.2999000999000967,False,False,-0.012999000999000958,-1.2999000999000967,2,55,28.5
Will Phil Murphy win the 2028 Democratic presidential nomination?,81633484456710374417231462107666791993850637546563366185897100962157481970040,114507466536734360808195115190160357255467689128176113085692265197019898971527,10,fully_filled,0.02,9.99,10.01,0.002,0.999,-0.0099999999999997,-0.0999000999000977,0.1001,0.02002,0.1201199999999999,-0.1301199999999996,-1.2999000999000967,False,False,-0.012999000999000958,-1.2999000999000967,2,55,28.5
Will Gretchen Whitmer win the 2028 US Presidential Election?,4999047257294547885970323631312419427544062131054733229841947946130772277335,102084577517225131375286042838758381959278092930102485541091152099183604495224,10,fully_filled,0.04,9.97,10.01,0.004,0.997,-0.0099999999999997,-0.0999000999000977,0.1001,0.02002,0.1201199999999999,-0.1301199999999996,-1.2999000999000967,False,False,-0.012999000999000958,-1.2999000999000967,2,55,28.5
Will Raphael Warnock win the 2028 Democratic presidential nomination?,52310257194926233099477326083312959938983447523839326865869372741334281264830,88403451835230950222119400360490338078378790763472355557584611572247419676051,10,fully_filled,0.06,9.95,10.01,0.006,0.995,-0.0099999999999997,-0.0999000999000977,0.1001,0.02002,0.1201199999999999,-0.1301199999999996,-1.2999000999000967,False,False,-0.012999000999000958,-1.2999000999000967,2,55,28.5
Will Elon Musk win the 2028 US Presidential Election?,26641906520532802078452346454133721131611596169940893262820937050881742190686,59064132013843281708610372809406242099497812053529304284160897825180883604145,10,fully_filled,0.02,9.99,10.01,0.002,0.999,-0.0099999999999997,-0.0999000999000977,0.1001,0.02002,0.1201199999999999,-0.1301199999999996,-1.2999000999000967,False,False,-0.012999000999000958,-1.2999000999000967,2,55,28.5
Will Cory Booker win the 2028 Democratic presidential nomination?,50887272939612765629559172143901565817521391945540156085421963433918821328137,29006371059590547574472177233842141554614007974283936149779962779213443973844,10,fully_filled,0.06,9.95,10.01,0.006,0.995,-0.0099999999999997,-0.0999000999000977,0.1001,0.02002,0.1201199999999999,-0.1301199999999996,-1.2999000999000967,False,False,-0.012999000999000958,-1.2999000999000967,2,55,28.5
Will Andy Beshear win the 2028 US Presidential Election?,50507496430692162923857760920722624157737138256097150616293040054748564876552,53112547591746110422238703365888013497196468199611167129486770819598374380742,10,fully_filled,0.1099999999999999,9.9,10.01,0.011,0.99,-0.0099999999999997,-0.0999000999000977,0.1001,0.02002,0.1201199999999999,-0.1301199999999996,-1.2999000999000967,False,False,-0.012999000999000958,-1.2999000999000967,2,55,28.5
Will Michelle Obama win the 2028 Democratic presidential nomination?,83723134981785004242996949681785273460678873813693556756054904164484296299719,107146110974011455665373243296921398136854344089489911087344946921091914123046,10,fully_filled,0.03,9.98,10.01,0.003,0.998,-0.0099999999999997,-0.0999000999000977,0.1001,0.02002,0.1201199999999999,-0.1301199999999996,-1.2999000999000967,False,False,-0.012999000999000958,-1.2999000999000967,2,55,28.5
Will Glenn Youngkin win the 2028 US Presidential Election?,631059815958854406224163480574507434200946764542129005247984171366597476420,100418331065194201410948024347944500798513421135064468615649525110872253639397,10,fully_filled,0.02,9.99,10.01,0.002,0.999,-0.0099999999999997,-0.0999000999000977,0.1001,0.02002,0.1201199999999999,-0.1301199999999996,-1.2999000999000967,False,False,-0.012999000999000958,-1.2999000999000967,2,55,28.5
Will Barack Obama win the 2028 Democratic presidential nomination?,88927218779847397120407909832537568114340511586397698395193736044476021744522,93993883668914241189795812807312922412111034935516092303580333564217329905759,10,fully_filled,0.02,9.99,10.01,0.002,0.999,-0.0099999999999997,-0.0999000999000977,0.1001,0.02002,0.1201199999999999,-0.1301199999999996,-1.2999000999000967,False,False,-0.012999000999000958,-1.2999000999000967,2,55,28.5
Will Mark Kelly win the 2028 Democratic presidential nomination?,92325249719485031139867422012514654102580961954747753469470405147070256604118,5116999494213083595175041146469973274436003044730013359502912125889113751080,10,fully_filled,0.31,9.7,10.01,0.031,0.97,-0.0099999999999997,-0.0999000999000977,0.1001,0.02002,0.1201199999999999,-0.1301199999999996,-1.2999000999000967,False,False,-0.012999000999000958,-1.2999000999000967,2,55,28.5
Will Rahm Emanuel win the 2028 Democratic presidential nomination?,10521981432803570450946212503203364998108630328528216082760514453664705157397,91949042216127305292438280992722171735754548787382833799906976841509942727662,10,fully_filled,0.19,9.82,10.01,0.019,0.982,-0.0099999999999997,-0.0999000999000977,0.1001,0.02002,0.1201199999999999,-0.1301199999999996,-1.2999000999000967,False,False,-0.012999000999000958,-1.2999000999000967,2,55,28.5
Will Kamala Harris win the 2028 US Presidential Election?,70663352401606372246362604193214664065595751757222752105245221905399175050480,4988819538339626436114997160558538168652916536529198363646261454228218983102,10,fully_filled,0.47,9.54,10.01,0.047,0.954,-0.0099999999999997,-0.0999000999000977,0.1001,0.02002,0.1201199999999999,-0.1301199999999996,-1.2999000999000967,False,False,-0.012999000999000958,-1.2999000999000967,2,55,28.5
Will Jared Polis win the 2028 Democratic presidential nomination?,42119164854283656238382173699154739480090965550328051492328192273011556335098,39150381508679235943386404690610035044747196600759141560840372170757042543675,10,fully_filled,0.02,9.99,10.01,0.002,0.999,-0.0099999999999997,-0.0999000999000977,0.1001,0.02002,0.1201199999999999,-0.1301199999999996,-1.2999000999000967,False,False,-0.012999000999000958,-1.2999000999000967,2,55,28.5
Will Gina Raimondo win the 2028 Democratic presidential nomination?,35165603539035270209469650915267170915291414186795231160733227083640059691764,82254794773423437491598574581796732934760602553828664932786984448280136473130,10,fully_filled,0.02,9.99,10.01,0.002,0.999,-0.0099999999999997,-0.0999000999000977,0.1001,0.02002,0.1201199999999999,-0.1301199999999996,-1.2999000999000967,False,False,-0.012999000999000958,-1.2999000999000967,2,55,28.5
Will Roy Cooper win the 2028 Democratic presidential nomination?,30732552320006664177902085971957467957450485111214036633872573588757974348601,55053374667733007627913689484290555932799177921000957543346276204775142445823,10,fully_filled,0.02,9.99,10.01,0.002,0.999,-0.0099999999999997,-0.0999000999000977,0.1001,0.02002,0.1201199999999999,-0.1301199999999996,-1.2999000999000967,False,False,-0.012999000999000958,-1.2999000999000967,2,55,28.5
Will Stephen A. Smith win the 2028 Democratic presidential nomination?,60590045489347122735554346200880179420435533609307820342798544098823516727807,76005700027045000587004110133818166617024719626220722682005164003117993034812,10,fully_filled,0.02,9.99,10.01,0.002,0.999,-0.0099999999999997,-0.0999000999000977,0.1001,0.02002,0.1201199999999999,-0.1301199999999996,-1.2999000999000967,False,False,-0.012999000999000958,-1.2999000999000967,2,55,28.5
Will Dwayne 'The Rock' Johnson win the 2028 Democratic presidential nomination?,40963724357262746498642320898188195118391211877976821531149510360187173789737,14959910401705469574520698331840889689202579612030624016640567510369602599866,10,fully_filled,0.12,9.89,10.01,0.012,0.989,-0.0099999999999997,-0.0999000999000977,0.1001,0.02002,0.1201199999999999,-0.1301199999999996,-1.2999000999000967,False,False,-0.012999000999000958,-1.2999000999000967,2,55,28.5
Will Tulsi Gabbard win the 2028 US Presidential Election?,97633418272282627828834872960145259034624388719803091466146359304286851612172,17854429586516792397214557963923647011517685971868312042416963526864862523185,10,fully_filled,0.02,9.99,10.01,0.002,0.999,-0.0099999999999997,-0.0999000999000977,0.1001,0.02002,0.1201199999999999,-0.1301199999999996,-1.2999000999000967,False,False,-0.012999000999000958,-1.2999000999000967,2,55,28.5
Will Gavin Newsom win the 2028 US Presidential Election?,98250445447699368679516529207365255018790721464590833209064266254238063117329,18823838997443878656879952590502524526556504037944392973476854588563571859850,10,fully_filled,0.8300000000000001,9.18,10.01,0.083,0.918,-0.0099999999999997,-0.0999000999000977,0.1001,0.02002,0.1201199999999999,-0.1301199999999996,-1.2999000999000967,False,False,-0.012999000999000958,-1.2999000999000967,2,55,28.5
Will James Talarico win the 2028 US Presidential Election?,92909595831677784305960426832337551335132297174712723670055008600724483830120,26699870693127605012594021642110712356790266877635966965879322906179628109191,10,fully_filled,0.08,9.93,10.01,0.008,0.993,-0.0099999999999997,-0.0999000999000977,0.1001,0.02002,0.1201199999999999,-0.1301199999999996,-1.2999000999000967,False,False,-0.012999000999000958,-1.2999000999000967,2,55,28.5
Will James Talarico win the 2028 Democratic presidential nomination?,52535923606561722941567320365820395300598958985353103429657683100920373025261,20643805904661385280242837899001038341346631607217619709766724611396929658707,10,fully_filled,0.25,9.76,10.01,0.025,0.976,-0.0099999999999997,-0.0999000999000977,0.1001,0.02002,0.1201199999999999,-0.1301199999999996,-1.2999000999000967,False,False,-0.012999000999000958,-1.2999000999000967,2,55,28.5
Will Hakeem Jeffries win the 2028 Democratic presidential nomination?,23940655822937666554179928631365405234554137716172612284986318717257054413669,74558297484750387958365610940184220316219182006445006209048673137036909262424,10,fully_filled,0.02,9.99,10.01,0.002,0.999,-0.0099999999999997,-0.0999000999000977,0.1001,0.02002,0.1201199999999999,-0.1301199999999996,-1.2999000999000967,False,False,-0.012999000999000958,-1.2999000999000967,2,55,28.5
Will Elissa Slotkin win the 2028 US Presidential Election?,48603794625473459817558518297806850992009615470611080215039575427157653927669,52728319505612554616109154570709065358779880697251731838206843628919066236833,10,fully_filled,0.02,9.99,10.01,0.002,0.999,-0.0099999999999997,-0.0999000999000977,0.1001,0.02002,0.1201199999999999,-0.1301199999999996,-1.2999000999000967,False,False,-0.012999000999000958,-1.2999000999000967,2,55,28.5
Will Jon Ossoff win the 2028 US Presidential Election?,110102705199530588976777616718115948005824665233400132417374621750887344831757,98394838816403247684221016468696784125095120854407803889228262583112436699261,10,fully_filled,1.16,8.85,10.01,0.116,0.885,-0.0099999999999997,-0.0999000999000977,0.1001,0.02002,0.1201199999999999,-0.1301199999999996,-1.2999000999000967,False,False,-0.012999000999000958,-1.2999000999000967,2,55,28.5
Will Ro Khanna win the 2028 Democratic presidential nomination?,20374050108659687356429749447884880983779889840007423115803042125707701269498,2610336024939503976910443133965525155112118948066646227040491461288298872236,10,fully_filled,0.14,9.87,10.01,0.014,0.987,-0.0099999999999997,-0.0999000999000977,0.1001,0.02002,0.1201199999999999,-0.1301199999999996,-1.2999000999000967,False,False,-0.012999000999000958,-1.2999000999000967,2,55,28.5
Will Gavin Newsom win the 2028 Democratic presidential nomination?,54533043819946592547517511176940999955633860128497669742211153063842200957669,87854174148074652060467921081181402357467303721471806610111179101805869578687,10,fully_filled,1.56,8.45,10.01,0.156,0.845,-0.0099999999999997,-0.0999000999000977,0.1001,0.02002,0.1201199999999999,-0.1301199999999996,-1.2999000999000967,False,False,-0.012999000999000958,-1.2999000999000967,2,55,28.5
Will Josh Stein win the 2028 Democratic presidential nomination?,88892629978057552473594496509394432528313837466696628191322608851106929962536,86408082986810982428934766746057237103501895775284376283076301431054177694153,10,fully_filled,0.02,9.99,10.01,0.002,0.999,-0.0099999999999997,-0.0999000999000977,0.1001,0.02002,0.1201199999999999,-0.1301199999999996,-1.2999000999000967,False,False,-0.012999000999000958,-1.2999000999000967,2,55,28.5
Will Abigail Spanberger win the 2028 Democratic presidential nomination?,67834126955354466786049932246962827069514258320708123726234642047236874537300,85842730802801029317331291122638780955014362480310249655739704629273608465884,10,fully_filled,0.02,9.99,10.01,0.002,0.999,-0.0099999999999997,-0.0999000999000977,0.1001,0.02002,0.1201199999999999,-0.1301199999999996,-1.2999000999000967,False,False,-0.012999000999000958,-1.2999000999000967,2,55,28.5
Will Thomas Massie win the 2028 US Presidential Election?,89071282556584199015490241074221756662667488270789034763702585258138302536112,18620821165547265880582330532076859546462061138941862890257010665389427790094,10,fully_filled,0.1099999999999999,9.9,10.01,0.011,0.99,-0.0099999999999997,-0.0999000999000977,0.1001,0.02002,0.1201199999999999,-0.1301199999999996,-1.2999000999000967,False,False,-0.012999000999000958,-1.2999000999000967,2,55,28.5
Will Wes Moore win the 2028 Democratic presidential nomination?,90227223115596293448966158151606153337847900483048338623540402385929720677904,105134691322323565615831879054043168027913414000042547943201361115853277749482,10,fully_filled,0.18,9.83,10.01,0.018,0.983,-0.0099999999999997,-0.0999000999000977,0.1001,0.02002,0.1201199999999999,-0.1301199999999996,-1.2999000999000967,False,False,-0.012999000999000958,-1.2999000999000967,2,55,28.5
Will Elissa Slotkin win the 2028 Democratic presidential nomination?,48455736546094517370011063312529885328905072240106316551156607253162886762655,21910945789202551310737182019481519202352824012676720876277298283641159588352,10,fully_filled,0.02,9.99,10.01,0.002,0.999,-0.0099999999999997,-0.0999000999000977,0.1001,0.02002,0.1201199999999999,-0.1301199999999996,-1.2999000999000967,False,False,-0.012999000999000958,-1.2999000999000967,2,55,28.5
Will Bernie Sanders win the 2028 Democratic presidential nomination?,113510300123120868861281132282742729065975487298059944817273881893086209196585,3444964147133304300560138317203877470064591148213906708394693248804691192318,50,fully_filled,0.25,49.8,50.05,0.005,0.996,-0.0499999999999971,-0.0999000999000942,0.5005,0.1001,0.6005999999999999,-0.650599999999997,-1.299900099900094,False,False,-0.01299900099900094,-1.299900099900094,70,2,36.0
Will Kamala Harris win the 2028 US Presidential Election?,70663352401606372246362604193214664065595751757222752105245221905399175050480,4988819538339626436114997160558538168652916536529198363646261454228218983102,50,fully_filled,2.35,47.7,50.05,0.047,0.954,-0.0499999999999971,-0.0999000999000942,0.5005,0.1001,0.6005999999999999,-0.650599999999997,-1.299900099900094,False,False,-0.01299900099900094,-1.299900099900094,70,2,36.0
Will Donald Trump Jr. win the 2028 US Presidential Election?,77660944053451874285291959901958937238149180369572698706675030657716494119346,52761630651452310319295064365704431564140478140269624735570317771849185169635,50,fully_filled,0.25,49.8,50.05,0.005,0.996,-0.0499999999999971,-0.0999000999000942,0.5005,0.1001,0.6005999999999999,-0.650599999999997,-1.299900099900094,False,False,-0.01299900099900094,-1.299900099900094,70,2,36.0
Will Michelle Obama win the 2028 Democratic presidential nomination?,83723134981785004242996949681785273460678873813693556756054904164484296299719,107146110974011455665373243296921398136854344089489911087344946921091914123046,50,fully_filled,0.15,49.9,50.05,0.003,0.998,-0.0499999999999971,-0.0999000999000942,0.5005,0.1001,0.6005999999999999,-0.650599999999997,-1.299900099900094,False,False,-0.01299900099900094,-1.299900099900094,70,2,36.0
Will Cory Booker win the 2028 Democratic presidential nomination?,50887272939612765629559172143901565817521391945540156085421963433918821328137,29006371059590547574472177233842141554614007974283936149779962779213443973844,50,fully_filled,0.3,49.75,50.05,0.006,0.995,-0.0499999999999971,-0.0999000999000942,0.5005,0.1001,0.6005999999999999,-0.650599999999997,-1.299900099900094,False,False,-0.01299900099900094,-1.299900099900094,70,2,36.0
Will Andy Beshear win the 2028 US Presidential Election?,50507496430692162923857760920722624157737138256097150616293040054748564876552,53112547591746110422238703365888013497196468199611167129486770819598374380742,50,fully_filled,0.5499999999999999,49.5,50.05,0.011,0.99,-0.0499999999999971,-0.0999000999000942,0.5005,0.1001,0.6005999999999999,-0.650599999999997,-1.299900099900094,False,False,-0.01299900099900094,-1.299900099900094,70,2,36.0
Will Mark Kelly win the 2028 Democratic presidential nomination?,92325249719485031139867422012514654102580961954747753469470405147070256604118,5116999494213083595175041146469973274436003044730013359502912125889113751080,50,fully_filled,1.55,48.5,50.05,0.031,0.97,-0.0499999999999971,-0.0999000999000942,0.5005,0.1001,0.6005999999999999,-0.650599999999997,-1.299900099900094,False,False,-0.01299900099900094,-1.299900099900094,70,2,36.0
Will Raphael Warnock win the 2028 Democratic presidential nomination?,52310257194926233099477326083312959938983447523839326865869372741334281264830,88403451835230950222119400360490338078378790763472355557584611572247419676051,50,fully_filled,0.3,49.75,50.05,0.006,0.995,-0.0499999999999971,-0.0999000999000942,0.5005,0.1001,0.6005999999999999,-0.650599999999997,-1.299900099900094,False,False,-0.01299900099900094,-1.299900099900094,70,2,36.0
Will JB Pritzker win the 2028 US Presidential Election?,70948731404464821824516595498024506131170394300814446118501620719416471444076,111825297267676135304812085666512747626812691749338692567733264184356420470119,50,fully_filled,0.25,49.8,50.05,0.005,0.996,-0.0499999999999971,-0.0999000999000942,0.5005,0.1001,0.6005999999999999,-0.650599999999997,-1.299900099900094,False,False,-0.01299900099900094,-1.299900099900094,70,2,36.0
Will Gavin Newsom win the 2028 Democratic presidential nomination?,54533043819946592547517511176940999955633860128497669742211153063842200957669,87854174148074652060467921081181402357467303721471806610111179101805869578687,50,fully_filled,7.8,42.25,50.05,0.156,0.845,-0.0499999999999971,-0.0999000999000942,0.5005,0.1001,0.6005999999999999,-0.650599999999997,-1.299900099900094,False,False,-0.01299900099900094,-1.299900099900094,70,2,36.0
Will J.B. Pritzker win the 2028 Democratic presidential nomination?,103988345069738240821107916249290759786442703283901164377120414690701074137717,108650988487983371520585351370999192979899647080710024226285750050382033453124,50,fully_filled,0.65,49.4,50.05,0.013,0.988,-0.0499999999999971,-0.0999000999000942,0.5005,0.1001,0.6005999999999999,-0.650599999999997,-1.299900099900094,False,False,-0.01299900099900094,-1.299900099900094,70,2,36.0
Will Josh Shapiro win the 2028 US Presidential Election?,1420113190297259908358916251277696183671602680024474979931472444792502392139,9195312844128905514645503106857912558078141569888031031723687687489317147622,50,fully_filled,1.55,48.5,50.05,0.031,0.97,-0.0499999999999971,-0.0999000999000942,0.5005,0.1001,0.6005999999999999,-0.650599999999997,-1.299900099900094,False,False,-0.01299900099900094,-1.299900099900094,70,2,36.0
Will Gretchen Whitmer win the 2028 Democratic presidential nomination?,57761428076807364758801249497410455358987881775226117256631754592198558850468,64300336035644500626313522990854070672468621241744347587785777226296613235598,50,fully_filled,0.25,49.8,50.05,0.005,0.996,-0.0499999999999971,-0.0999000999000942,0.5005,0.1001,0.6005999999999999,-0.650599999999997,-1.299900099900094,False,False,-0.01299900099900094,-1.299900099900094,70,2,36.0
Will Pete Buttigieg win the 2028 US Presidential Election?,35629456194498013232473191985311930903993567273832459837879398120893197410860,26087406687932108531005204502244492184534000122992461059156880611150953145122,50,fully_filled,1.35,48.7,50.05,0.027,0.974,-0.0499999999999971,-0.0999000999000942,0.5005,0.1001,0.6005999999999999,-0.650599999999997,-1.299900099900094,False,False,-0.01299900099900094,-1.299900099900094,70,2,36.0
Will James Talarico win the 2028 US Presidential Election?,92909595831677784305960426832337551335132297174712723670055008600724483830120,26699870693127605012594021642110712356790266877635966965879322906179628109191,50,fully_filled,0.4,49.65,50.05,0.008,0.993,-0.0499999999999971,-0.0999000999000942,0.5005,0.1001,0.6005999999999999,-0.650599999999997,-1.299900099900094,False,False,-0.01299900099900094,-1.299900099900094,70,2,36.0
Will Chris Murphy win the 2028 Democratic presidential nomination?,8815924480259634499011776432080696931704057619336093802050596292915996723758,45099054006923138281311463758770234951153596952213440096254242321807308634603,50,fully_filled,0.25,49.8,50.05,0.005,0.996,-0.0499999999999971,-0.0999000999000942,0.5005,0.1001,0.6005999999999999,-0.650599999999997,-1.299900099900094,False,False,-0.01299900099900094,-1.299900099900094,70,2,36.0
Will Jamie Dimon win the 2028 US Presidential Election?,23692929455124171734375794579007643086071570310019729232490607671061438183936,30050897091642315762983745166096629857367320723415212749446858994810226049012,50,fully_filled,0.25,49.8,50.05,0.005,0.996,-0.0499999999999971,-0.0999000999000942,0.5005,0.1001,0.6005999999999999,-0.650599999999997,-1.299900099900094,False,False,-0.01299900099900094,-1.299900099900094,70,2,36.0
Will Jon Ossoff win the 2028 US Presidential Election?,110102705199530588976777616718115948005824665233400132417374621750887344831757,98394838816403247684221016468696784125095120854407803889228262583112436699261,50,fully_filled,5.800000000000001,44.25,50.05,0.116,0.885,-0.0499999999999971,-0.0999000999000942,0.5005,0.1001,0.6005999999999999,-0.650599999999997,-1.299900099900094,False,False,-0.01299900099900094,-1.299900099900094,70,2,36.0
Will Jon Ossoff win the 2028 Democratic presidential nomination?,70071592420137476676935286377781779672157004436137616627487590484756055232944,107829893465244243112531790315844862173967342141753896250561816305880797209350,50,fully_filled,8.6,41.45,50.05,0.172,0.829,-0.0499999999999971,-0.0999000999000942,0.5005,0.1001,0.6005999999999999,-0.650599999999997,-1.299900099900094,False,False,-0.01299900099900094,-1.299900099900094,70,2,36.0
Will Alexandria Ocasio-Cortez win the 2028 US Presidential Election?,8113830512143065501177519557124858581375945005490796772950589720955457782465,11493926619286817179231142642565394485790380952577225820901334479399429951651,50,fully_filled,6.550000000000001,43.5,50.05,0.131,0.87,-0.0499999999999971,-0.0999000999000942,0.5005,0.1001,0.6005999999999999,-0.650599999999997,-1.299900099900094,False,False,-0.01299900099900094,-1.299900099900094,70,2,36.0
Will Tucker Carlson win the 2028 US Presidential Election?,45015916581148592087728250896178171120552786117190685135618507471166113474733,5353194854864999214467212176625447374807704051407621946584152368216621932371,50,fully_filled,0.8,49.25,50.05,0.016,0.985,-0.0499999999999971,-0.0999000999000942,0.5005,0.1001,0.6005999999999999,-0.650599999999997,-1.299900099900094,False,False,-0.01299900099900094,-1.299900099900094,70,2,36.0
Will James Talarico win the 2028 Democratic presidential nomination?,52535923606561722941567320365820395300598958985353103429657683100920373025261,20643805904661385280242837899001038341346631607217619709766724611396929658707,50,fully_filled,1.25,48.8,50.05,0.025,0.976,-0.0499999999999971,-0.0999000999000942,0.5005,0.1001,0.6005999999999999,-0.650599999999997,-1.299900099900094,False,False,-0.01299900099900094,-1.299900099900094,70,2,36.0
Will JD Vance win the 2028 US Presidential Election?,16040015440196279900485035793550429453516625694844857319147506590755961451627,94476829201604408463453426454480212459887267917122244941405244686637914508323,50,fully_filled,10.4,39.65,50.05,0.208,0.7929999999999999,-0.0499999999999971,-0.0999000999000942,0.5005,0.1001,0.6005999999999999,-0.650599999999997,-1.299900099900094,False,False,-0.01299900099900094,-1.299900099900094,70,2,36.0
Will Hunter Biden win the 2028 Democratic presidential nomination?,11343337042526652606304508556838778144915122118685013460142819817079620240439,19117858613830240204442128472263675815111662346578092643025820800380629933012,50,fully_filled,0.25,49.8,50.05,0.005,0.996,-0.0499999999999971,-0.0999000999000942,0.5005,0.1001,0.6005999999999999,-0.650599999999997,-1.299900099900094,False,False,-0.01299900099900094,-1.299900099900094,70,2,36.0
Will Wes Moore win the 2028 Democratic presidential nomination?,90227223115596293448966158151606153337847900483048338623540402385929720677904,105134691322323565615831879054043168027913414000042547943201361115853277749482,50,fully_filled,0.8999999999999999,49.15,50.05,0.018,0.983,-0.0499999999999971,-0.0999000999000942,0.5005,0.1001,0.6005999999999999,-0.650599999999997,-1.299900099900094,False,False,-0.01299900099900094,-1.299900099900094,70,2,36.0
Will Dwayne 'The Rock' Johnson win the 2028 US Presidential Election?,76252402837334795047528042167618984089231134882494719641438604550246396692717,82779978600617806806814031291287454099780828258739355925042203335968508676880,50,fully_filled,0.75,49.3,50.05,0.015,0.986,-0.0499999999999971,-0.0999000999000942,0.5005,0.1001,0.6005999999999999,-0.650599999999997,-1.299900099900094,False,False,-0.01299900099900094,-1.299900099900094,70,2,36.0
Will Gavin Newsom win the 2028 US Presidential Election?,98250445447699368679516529207365255018790721464590833209064266254238063117329,18823838997443878656879952590502524526556504037944392973476854588563571859850,50,fully_filled,4.15,45.9,50.05,0.083,0.918,-0.0499999999999971,-0.0999000999000942,0.5005,0.1001,0.6005999999999999,-0.650599999999997,-1.299900099900094,False,False,-0.01299900099900094,-1.299900099900094,70,2,36.0
Will Bernie Sanders win the 2028 Democratic presidential nomination?,113510300123120868861281132282742729065975487298059944817273881893086209196585,3444964147133304300560138317203877470064591148213906708394693248804691192318,100,fully_filled,0.5,99.6,100.1,0.005,0.996,-0.0999999999999943,-0.0999000999000942,1.001,0.2002,1.2011999999999998,-1.301199999999994,-1.299900099900094,False,False,-0.01299900099900094,-1.299900099900094,139,2,70.5
Will Raphael Warnock win the 2028 Democratic presidential nomination?,52310257194926233099477326083312959938983447523839326865869372741334281264830,88403451835230950222119400360490338078378790763472355557584611572247419676051,100,fully_filled,0.6,99.5,100.1,0.006,0.995,-0.0999999999999943,-0.0999000999000942,1.001,0.2002,1.2011999999999998,-1.301199999999994,-1.299900099900094,False,False,-0.01299900099900094,-1.299900099900094,139,2,70.5
Will Pete Buttigieg win the 2028 US Presidential Election?,35629456194498013232473191985311930903993567273832459837879398120893197410860,26087406687932108531005204502244492184534000122992461059156880611150953145122,100,fully_filled,2.7,97.4,100.1,0.027,0.974,-0.0999999999999943,-0.0999000999000942,1.001,0.2002,1.2011999999999998,-1.301199999999994,-1.299900099900094,False,False,-0.01299900099900094,-1.299900099900094,139,2,70.5
Will Jon Ossoff win the 2028 US Presidential Election?,110102705199530588976777616718115948005824665233400132417374621750887344831757,98394838816403247684221016468696784125095120854407803889228262583112436699261,100,fully_filled,11.6,88.5,100.1,0.116,0.885,-0.0999999999999943,-0.0999000999000942,1.001,0.2002,1.2011999999999998,-1.301199999999994,-1.299900099900094,False,False,-0.01299900099900094,-1.299900099900094,139,2,70.5
Will J.B. Pritzker win the 2028 Democratic presidential nomination?,103988345069738240821107916249290759786442703283901164377120414690701074137717,108650988487983371520585351370999192979899647080710024226285750050382033453124,100,fully_filled,1.3,98.8,100.1,0.013,0.988,-0.0999999999999943,-0.0999000999000942,1.001,0.2002,1.2011999999999998,-1.301199999999994,-1.299900099900094,False,False,-0.01299900099900094,-1.299900099900094,139,2,70.5
Will Gretchen Whitmer win the 2028 Democratic presidential nomination?,57761428076807364758801249497410455358987881775226117256631754592198558850468,64300336035644500626313522990854070672468621241744347587785777226296613235598,100,fully_filled,0.5,99.6,100.1,0.005,0.996,-0.0999999999999943,-0.0999000999000942,1.001,0.2002,1.2011999999999998,-1.301199999999994,-1.299900099900094,False,False,-0.01299900099900094,-1.299900099900094,139,2,70.5
Will Chris Murphy win the 2028 Democratic presidential nomination?,8815924480259634499011776432080696931704057619336093802050596292915996723758,45099054006923138281311463758770234951153596952213440096254242321807308634603,100,fully_filled,0.5,99.6,100.1,0.005,0.996,-0.0999999999999943,-0.0999000999000942,1.001,0.2002,1.2011999999999998,-1.301199999999994,-1.299900099900094,False,False,-0.01299900099900094,-1.299900099900094,139,2,70.5
Will James Talarico win the 2028 US Presidential Election?,92909595831677784305960426832337551335132297174712723670055008600724483830120,26699870693127605012594021642110712356790266877635966965879322906179628109191,100,fully_filled,0.8,99.3,100.1,0.008,0.993,-0.0999999999999943,-0.0999000999000942,1.001,0.2002,1.2011999999999998,-1.301199999999994,-1.299900099900094,False,False,-0.01299900099900094,-1.299900099900094,139,2,70.5
Will Josh Shapiro win the 2028 US Presidential Election?,1420113190297259908358916251277696183671602680024474979931472444792502392139,9195312844128905514645503106857912558078141569888031031723687687489317147622,100,fully_filled,3.1,97.0,100.1,0.031,0.97,-0.0999999999999943,-0.0999000999000942,1.001,0.2002,1.2011999999999998,-1.301199999999994,-1.299900099900094,False,False,-0.01299900099900094,-1.299900099900094,139,2,70.5
Will Tucker Carlson win the 2028 US Presidential Election?,45015916581148592087728250896178171120552786117190685135618507471166113474733,5353194854864999214467212176625447374807704051407621946584152368216621932371,100,fully_filled,1.6,98.5,100.1,0.016,0.985,-0.0999999999999943,-0.0999000999000942,1.001,0.2002,1.2011999999999998,-1.301199999999994,-1.299900099900094,False,False,-0.01299900099900094,-1.299900099900094,139,2,70.5
Will Dwayne 'The Rock' Johnson win the 2028 US Presidential Election?,76252402837334795047528042167618984089231134882494719641438604550246396692717,82779978600617806806814031291287454099780828258739355925042203335968508676880,100,fully_filled,1.5,98.6,100.1,0.015,0.986,-0.0999999999999943,-0.0999000999000942,1.001,0.2002,1.2011999999999998,-1.301199999999994,-1.299900099900094,False,False,-0.01299900099900094,-1.299900099900094,139,2,70.5
Will Andy Beshear win the 2028 US Presidential Election?,50507496430692162923857760920722624157737138256097150616293040054748564876552,53112547591746110422238703365888013497196468199611167129486770819598374380742,100,fully_filled,1.1,99.0,100.1,0.011,0.99,-0.0999999999999943,-0.0999000999000942,1.001,0.2002,1.2011999999999998,-1.301199999999994,-1.299900099900094,False,False,-0.01299900099900094,-1.299900099900094,139,2,70.5
Will Gavin Newsom win the 2028 Democratic presidential nomination?,54533043819946592547517511176940999955633860128497669742211153063842200957669,87854174148074652060467921081181402357467303721471806610111179101805869578687,100,fully_filled,15.6,84.5,100.1,0.156,0.845,-0.0999999999999943,-0.0999000999000942,1.001,0.2002,1.2011999999999998,-1.301199999999994,-1.299900099900094,False,False,-0.01299900099900094,-1.299900099900094,139,2,70.5
Will Mark Kelly win the 2028 Democratic presidential nomination?,92325249719485031139867422012514654102580961954747753469470405147070256604118,5116999494213083595175041146469973274436003044730013359502912125889113751080,100,fully_filled,3.1,97.0,100.1,0.031,0.97,-0.0999999999999943,-0.0999000999000942,1.001,0.2002,1.2011999999999998,-1.301199999999994,-1.299900099900094,False,False,-0.01299900099900094,-1.299900099900094,139,2,70.5
Will JD Vance win the 2028 US Presidential Election?,16040015440196279900485035793550429453516625694844857319147506590755961451627,94476829201604408463453426454480212459887267917122244941405244686637914508323,100,fully_filled,20.8,79.3,100.1,0.208,0.7929999999999999,-0.0999999999999943,-0.0999000999000942,1.001,0.2002,1.2011999999999998,-1.301199999999994,-1.299900099900094,False,False,-0.01299900099900094,-1.299900099900094,139,2,70.5
Will JB Pritzker win the 2028 US Presidential Election?,70948731404464821824516595498024506131170394300814446118501620719416471444076,111825297267676135304812085666512747626812691749338692567733264184356420470119,100,fully_filled,0.5,99.6,100.1,0.005,0.996,-0.0999999999999943,-0.0999000999000942,1.001,0.2002,1.2011999999999998,-1.301199999999994,-1.299900099900094,False,False,-0.01299900099900094,-1.299900099900094,139,2,70.5
Will James Talarico win the 2028 Democratic presidential nomination?,52535923606561722941567320365820395300598958985353103429657683100920373025261,20643805904661385280242837899001038341346631607217619709766724611396929658707,100,fully_filled,2.5,97.6,100.1,0.025,0.976,-0.0999999999999943,-0.0999000999000942,1.001,0.2002,1.2011999999999998,-1.301199999999994,-1.299900099900094,False,False,-0.01299900099900094,-1.299900099900094,139,2,70.5
Will Wes Moore win the 2028 Democratic presidential nomination?,90227223115596293448966158151606153337847900483048338623540402385929720677904,105134691322323565615831879054043168027913414000042547943201361115853277749482,100,fully_filled,1.7999999999999998,98.3,100.1,0.018,0.983,-0.0999999999999943,-0.0999000999000942,1.001,0.2002,1.2011999999999998,-1.301199999999994,-1.299900099900094,False,False,-0.01299900099900094,-1.299900099900094,139,2,70.5
Will Gavin Newsom win the 2028 US Presidential Election?,98250445447699368679516529207365255018790721464590833209064266254238063117329,18823838997443878656879952590502524526556504037944392973476854588563571859850,100,fully_filled,8.3,91.8,100.1,0.083,0.918,-0.0999999999999943,-0.0999000999000942,1.001,0.2002,1.2011999999999998,-1.301199999999994,-1.299900099900094,False,False,-0.01299900099900094,-1.299900099900094,139,2,70.5
Will Kamala Harris win the 2028 US Presidential Election?,70663352401606372246362604193214664065595751757222752105245221905399175050480,4988819538339626436114997160558538168652916536529198363646261454228218983102,100,fully_filled,4.7,95.4,100.1,0.047,0.954,-0.0999999999999943,-0.0999000999000942,1.001,0.2002,1.2011999999999998,-1.301199999999994,-1.299900099900094,False,False,-0.01299900099900094,-1.299900099900094,139,2,70.5
Will Cory Booker win the 2028 Democratic presidential nomination?,50887272939612765629559172143901565817521391945540156085421963433918821328137,29006371059590547574472177233842141554614007974283936149779962779213443973844,100,fully_filled,0.6,99.5,100.1,0.006,0.995,-0.0999999999999943,-0.0999000999000942,1.001,0.2002,1.2011999999999998,-1.301199999999994,-1.299900099900094,False,False,-0.01299900099900094,-1.299900099900094,139,2,70.5
Will Donald Trump Jr. win the 2028 US Presidential Election?,77660944053451874285291959901958937238149180369572698706675030657716494119346,52761630651452310319295064365704431564140478140269624735570317771849185169635,100,fully_filled,0.5,99.6,100.1,0.005,0.996,-0.0999999999999943,-0.0999000999000942,1.001,0.2002,1.2011999999999998,-1.301199999999994,-1.299900099900094,False,False,-0.01299900099900094,-1.299900099900094,139,2,70.5
Will Michelle Obama win the 2028 Democratic presidential nomination?,83723134981785004242996949681785273460678873813693556756054904164484296299719,107146110974011455665373243296921398136854344089489911087344946921091914123046,100,fully_filled,0.3,99.8,100.1,0.003,0.998,-0.0999999999999943,-0.0999000999000942,1.001,0.2002,1.2011999999999998,-1.301199999999994,-1.299900099900094,False,False,-0.01299900099900094,-1.299900099900094,139,2,70.5
Will Jamie Dimon win the 2028 US Presidential Election?,23692929455124171734375794579007643086071570310019729232490607671061438183936,30050897091642315762983745166096629857367320723415212749446858994810226049012,100,fully_filled,0.5,99.6,100.1,0.005,0.996,-0.0999999999999943,-0.0999000999000942,1.001,0.2002,1.2011999999999998,-1.301199999999994,-1.299900099900094,False,False,-0.01299900099900094,-1.299900099900094,139,2,70.5
Will Alexandria Ocasio-Cortez win the 2028 US Presidential Election?,8113830512143065501177519557124858581375945005490796772950589720955457782465,11493926619286817179231142642565394485790380952577225820901334479399429951651,100,fully_filled,13.1,87.0,100.1,0.131,0.87,-0.0999999999999943,-0.0999000999000942,1.001,0.2002,1.2011999999999998,-1.301199999999994,-1.299900099900094,False,False,-0.01299900099900094,-1.299900099900094,139,2,70.5
Will Jon Ossoff win the 2028 Democratic presidential nomination?,70071592420137476676935286377781779672157004436137616627487590484756055232944,107829893465244243112531790315844862173967342141753896250561816305880797209350,100,fully_filled,17.2,82.89999999999999,100.1,0.172,0.829,-0.0999999999999943,-0.0999000999000942,1.001,0.2002,1.2011999999999998,-1.301199999999994,-1.299900099900094,False,False,-0.01299900099900094,-1.299900099900094,139,2,70.5
Will James Talarico win the 2028 US Presidential Election?,92909595831677784305960426832337551335132297174712723670055008600724483830120,26699870693127605012594021642110712356790266877635966965879322906179628109191,250,fully_filled,2.0,248.25,250.25,0.008,0.993,-0.25,-0.0999000999000999,2.5025,0.5005000000000001,3.003,-3.253,-1.2999000999001,False,False,-0.012999000999001,-1.2999000999001,208,101,154.5
Will Elissa Slotkin win the 2028 US Presidential Election?,48603794625473459817558518297806850992009615470611080215039575427157653927669,52728319505612554616109154570709065358779880697251731838206843628919066236833,250,fully_filled,0.5,249.75,250.25,0.002,0.999,-0.25,-0.0999000999000999,2.5025,0.5005000000000001,3.003,-3.253,-1.2999000999001,False,False,-0.012999000999001,-1.2999000999001,208,101,154.5
Will Jon Ossoff win the 2028 US Presidential Election?,110102705199530588976777616718115948005824665233400132417374621750887344831757,98394838816403247684221016468696784125095120854407803889228262583112436699261,250,fully_filled,29.0,221.25,250.25,0.116,0.885,-0.25,-0.0999000999000999,2.5025,0.5005000000000001,3.003,-3.253,-1.2999000999001,False,False,-0.012999000999001,-1.2999000999001,208,101,154.5
Will Josh Stein win the 2028 Democratic presidential nomination?,88892629978057552473594496509394432528313837466696628191322608851106929962536,86408082986810982428934766746057237103501895775284376283076301431054177694153,250,fully_filled,0.5,249.75,250.25,0.002,0.999,-0.25,-0.0999000999000999,2.5025,0.5005000000000001,3.003,-3.253,-1.2999000999001,False,False,-0.012999000999001,-1.2999000999001,208,101,154.5
Will Elissa Slotkin win the 2028 Democratic presidential nomination?,48455736546094517370011063312529885328905072240106316551156607253162886762655,21910945789202551310737182019481519202352824012676720876277298283641159588352,250,fully_filled,0.5,249.75,250.25,0.002,0.999,-0.25,-0.0999000999000999,2.5025,0.5005000000000001,3.003,-3.253,-1.2999000999001,False,False,-0.012999000999001,-1.2999000999001,208,101,154.5
Will JD Vance win the 2028 US Presidential Election?,16040015440196279900485035793550429453516625694844857319147506590755961451627,94476829201604408463453426454480212459887267917122244941405244686637914508323,250,fully_filled,52.0,198.25,250.25,0.208,0.793,-0.25,-0.0999000999000999,2.5025,0.5005000000000001,3.003,-3.253,-1.2999000999001,False,False,-0.012999000999001,-1.2999000999001,208,101,154.5
Will Elon Musk win the 2028 US Presidential Election?,26641906520532802078452346454133721131611596169940893262820937050881742190686,59064132013843281708610372809406242099497812053529304284160897825180883604145,250,fully_filled,0.5,249.75,250.25,0.002,0.999,-0.25,-0.0999000999000999,2.5025,0.5005000000000001,3.003,-3.253,-1.2999000999001,False,False,-0.012999000999001,-1.2999000999001,208,101,154.5
Will JB Pritzker win the 2028 US Presidential Election?,70948731404464821824516595498024506131170394300814446118501620719416471444076,111825297267676135304812085666512747626812691749338692567733264184356420470119,250,fully_filled,1.25,249.0,250.25,0.005,0.996,-0.25,-0.0999000999000999,2.5025,0.5005000000000001,3.003,-3.253,-1.2999000999001,False,False,-0.012999000999001,-1.2999000999001,208,101,154.5
Will Tulsi Gabbard win the 2028 US Presidential Election?,97633418272282627828834872960145259034624388719803091466146359304286851612172,17854429586516792397214557963923647011517685971868312042416963526864862523185,250,fully_filled,0.5,249.75,250.25,0.002,0.999,-0.25,-0.0999000999000999,2.5025,0.5005000000000001,3.003,-3.253,-1.2999000999001,False,False,-0.012999000999001,-1.2999000999001,208,101,154.5
Will Kamala Harris win the 2028 US Presidential Election?,70663352401606372246362604193214664065595751757222752105245221905399175050480,4988819538339626436114997160558538168652916536529198363646261454228218983102,250,fully_filled,11.75,238.5,250.25,0.047,0.954,-0.25,-0.0999000999000999,2.5025,0.5005000000000001,3.003,-3.253,-1.2999000999001,False,False,-0.012999000999001,-1.2999000999001,208,101,154.5
Will Glenn Youngkin win the 2028 US Presidential Election?,631059815958854406224163480574507434200946764542129005247984171366597476420,100418331065194201410948024347944500798513421135064468615649525110872253639397,250,fully_filled,0.5,249.75,250.25,0.002,0.999,-0.25,-0.0999000999000999,2.5025,0.5005000000000001,3.003,-3.253,-1.2999000999001,False,False,-0.012999000999001,-1.2999000999001,208,101,154.5
Will Donald Trump Jr. win the 2028 US Presidential Election?,77660944053451874285291959901958937238149180369572698706675030657716494119346,52761630651452310319295064365704431564140478140269624735570317771849185169635,250,fully_filled,1.25,249.0,250.25,0.005,0.996,-0.25,-0.0999000999000999,2.5025,0.5005000000000001,3.003,-3.253,-1.2999000999001,False,False,-0.012999000999001,-1.2999000999001,208,101,154.5
Will Andy Beshear win the 2028 US Presidential Election?,50507496430692162923857760920722624157737138256097150616293040054748564876552,53112547591746110422238703365888013497196468199611167129486770819598374380742,250,fully_filled,2.75,247.5,250.25,0.011,0.99,-0.25,-0.0999000999000999,2.5025,0.5005000000000001,3.003,-3.253,-1.2999000999001,False,False,-0.012999000999001,-1.2999000999001,208,101,154.5
Will Gretchen Whitmer win the 2028 US Presidential Election?,4999047257294547885970323631312419427544062131054733229841947946130772277335,102084577517225131375286042838758381959278092930102485541091152099183604495224,250,fully_filled,1.0,249.25,250.25,0.004,0.997,-0.25,-0.0999000999000999,2.5025,0.5005000000000001,3.003,-3.253,-1.2999000999001,False,False,-0.012999000999001,-1.2999000999001,208,101,154.5
Will Wes Moore win the 2028 US Presidential Election?,35272507273162958827997790327967872292415567859334925862043618606081750011897,374661216370333715221919731169956915917040066803205972387948453758235235593,250,fully_filled,2.25,248.0,250.25,0.009,0.992,-0.25,-0.0999000999000999,2.5025,0.5005000000000001,3.003,-3.253,-1.2999000999001,False,False,-0.012999000999001,-1.2999000999001,208,101,154.5
Will Gavin Newsom win the 2028 US Presidential Election?,98250445447699368679516529207365255018790721464590833209064266254238063117329,18823838997443878656879952590502524526556504037944392973476854588563571859850,250,fully_filled,20.75,229.5,250.25,0.083,0.918,-0.25,-0.0999000999000999,2.5025,0.5005000000000001,3.003,-3.253,-1.2999000999001,False,False,-0.012999000999001,-1.2999000999001,208,101,154.5
Will Dwayne 'The Rock' Johnson win the 2028 US Presidential Election?,76252402837334795047528042167618984089231134882494719641438604550246396692717,82779978600617806806814031291287454099780828258739355925042203335968508676880,250,fully_filled,3.75,246.5,250.25,0.015,0.986,-0.25,-0.0999000999000999,2.5025,0.5005000000000001,3.003,-3.253,-1.2999000999001,False,False,-0.012999000999001,-1.2999000999001,208,101,154.5
Will Marco Rubio win the 2028 US Presidential Election?,11171618905857319805355893398009978356002287408842633593535559412449299952250,65892530750232246342273648992064742042382898919201083513241874070914353628268,250,fully_filled,22.25,228.0,250.25,0.089,0.912,-0.25,-0.0999000999000999,2.5025,0.5005000000000001,3.003,-3.253,-1.2999000999001,False,False,-0.012999000999001,-1.2999000999001,208,101,154.5
Will Tucker Carlson win the 2028 US Presidential Election?,45015916581148592087728250896178171120552786117190685135618507471166113474733,5353194854864999214467212176625447374807704051407621946584152368216621932371,250,fully_filled,4.0,246.25,250.25,0.016,0.985,-0.25,-0.0999000999000999,2.5025,0.5005000000000001,3.003,-3.253,-1.2999000999001,False,False,-0.012999000999001,-1.2999000999001,208,101,154.5
Will Pete Buttigieg win the 2028 US Presidential Election?,35629456194498013232473191985311930903993567273832459837879398120893197410860,26087406687932108531005204502244492184534000122992461059156880611150953145122,250,fully_filled,6.75,243.5,250.25,0.027,0.974,-0.25,-0.0999000999000999,2.5025,0.5005000000000001,3.003,-3.253,-1.2999000999001,False,False,-0.012999000999001,-1.2999000999001,208,101,154.5
Will Michelle Obama win the 2028 US Presidential Election?,88521269813605705303364598280494261510300497312149869577251450871617962933121,1970496541508335019913900195809032484597886384784144327835472760880523550630,250,fully_filled,0.5,249.75,250.25,0.002,0.999,-0.25,-0.0999000999000999,2.5025,0.5005000000000001,3.003,-3.253,-1.2999000999001,False,False,-0.012999000999001,-1.2999000999001,208,101,154.5
Will Alexandria Ocasio-Cortez win the 2028 US Presidential Election?,8113830512143065501177519557124858581375945005490796772950589720955457782465,11493926619286817179231142642565394485790380952577225820901334479399429951651,250,fully_filled,32.75,217.5,250.25,0.131,0.87,-0.25,-0.0999000999000999,2.5025,0.5005000000000001,3.003,-3.253,-1.2999000999001,False,False,-0.012999000999001,-1.2999000999001,208,101,154.5
Will Jamie Dimon win the 2028 US Presidential Election?,23692929455124171734375794579007643086071570310019729232490607671061438183936,30050897091642315762983745166096629857367320723415212749446858994810226049012,250,fully_filled,1.25,249.0,250.25,0.005,0.996,-0.25,-0.0999000999000999,2.5025,0.5005000000000001,3.003,-3.253,-1.2999000999001,False,False,-0.012999000999001,-1.2999000999001,208,101,154.5
Will Josh Shapiro win the 2028 US Presidential Election?,1420113190297259908358916251277696183671602680024474979931472444792502392139,9195312844128905514645503106857912558078141569888031031723687687489317147622,250,fully_filled,7.75,242.5,250.25,0.031,0.97,-0.25,-0.0999000999000999,2.5025,0.5005000000000001,3.003,-3.253,-1.2999000999001,False,False,-0.012999000999001,-1.2999000999001,208,101,154.5
Will Ro Khanna win the 2028 Democratic presidential nomination?,20374050108659687356429749447884880983779889840007423115803042125707701269498,2610336024939503976910443133965525155112118948066646227040491461288298872236,250,fully_filled,3.5,246.75,250.25,0.014,0.987,-0.25,-0.0999000999000999,2.5025,0.5005000000000001,3.003,-3.253,-1.2999000999001,False,False,-0.012999000999001,-1.2999000999001,208,101,154.5
Will J.B. Pritzker win the 2028 Democratic presidential nomination?,103988345069738240821107916249290759786442703283901164377120414690701074137717,108650988487983371520585351370999192979899647080710024226285750050382033453124,250,fully_filled,3.25,247.0,250.25,0.013,0.988,-0.25,-0.0999000999000999,2.5025,0.5005000000000001,3.003,-3.253,-1.2999000999001,False,False,-0.012999000999001,-1.2999000999001,208,101,154.5
Will Michelle Obama win the 2028 Democratic presidential nomination?,83723134981785004242996949681785273460678873813693556756054904164484296299719,107146110974011455665373243296921398136854344089489911087344946921091914123046,250,fully_filled,0.75,249.5,250.25,0.003,0.998,-0.25,-0.0999000999000999,2.5025,0.5005000000000001,3.003,-3.253,-1.2999000999001,False,False,-0.012999000999001,-1.2999000999001,208,101,154.5
Will Barack Obama win the 2028 Democratic presidential nomination?,88927218779847397120407909832537568114340511586397698395193736044476021744522,93993883668914241189795812807312922412111034935516092303580333564217329905759,250,fully_filled,0.5,249.75,250.25,0.002,0.999,-0.25,-0.0999000999000999,2.5025,0.5005000000000001,3.003,-3.253,-1.2999000999001,False,False,-0.012999000999001,-1.2999000999001,208,101,154.5
Will Bernie Sanders win the 2028 Democratic presidential nomination?,113510300123120868861281132282742729065975487298059944817273881893086209196585,3444964147133304300560138317203877470064591148213906708394693248804691192318,250,fully_filled,1.25,249.0,250.25,0.005,0.996,-0.25,-0.0999000999000999,2.5025,0.5005000000000001,3.003,-3.253,-1.2999000999001,False,False,-0.012999000999001,-1.2999000999001,208,101,154.5
Will Wes Moore win the 2028 Democratic presidential nomination?,90227223115596293448966158151606153337847900483048338623540402385929720677904,105134691322323565615831879054043168027913414000042547943201361115853277749482,250,fully_filled,4.5,245.75,250.25,0.018,0.983,-0.25,-0.0999000999000999,2.5025,0.5005000000000001,3.003,-3.253,-1.2999000999001,False,False,-0.012999000999001,-1.2999000999001,208,101,154.5
Will Jared Polis win the 2028 Democratic presidential nomination?,42119164854283656238382173699154739480090965550328051492328192273011556335098,39150381508679235943386404690610035044747196600759141560840372170757042543675,250,fully_filled,0.5,249.75,250.25,0.002,0.999,-0.25,-0.0999000999000999,2.5025,0.5005000000000001,3.003,-3.253,-1.2999000999001,False,False,-0.012999000999001,-1.2999000999001,208,101,154.5
Will Phil Murphy win the 2028 Democratic presidential nomination?,81633484456710374417231462107666791993850637546563366185897100962157481970040,114507466536734360808195115190160357255467689128176113085692265197019898971527,250,fully_filled,0.5,249.75,250.25,0.002,0.999,-0.25,-0.0999000999000999,2.5025,0.5005000000000001,3.003,-3.253,-1.2999000999001,False,False,-0.012999000999001,-1.2999000999001,208,101,154.5
Will Roy Cooper win the 2028 Democratic presidential nomination?,30732552320006664177902085971957467957450485111214036633872573588757974348601,55053374667733007627913689484290555932799177921000957543346276204775142445823,250,fully_filled,0.5,249.75,250.25,0.002,0.999,-0.25,-0.0999000999000999,2.5025,0.5005000000000001,3.003,-3.253,-1.2999000999001,False,False,-0.012999000999001,-1.2999000999001,208,101,154.5
Will Zohran Mamdani win the 2028 Democratic presidential nomination?,19323997520040734631220675039559156784534982703459512097490198935565229528445,111309365336519526711604102518316708823622751854213281307404397618571408959194,250,fully_filled,0.5,249.75,250.25,0.002,0.999,-0.25,-0.0999000999000999,2.5025,0.5005000000000001,3.003,-3.253,-1.2999000999001,False,False,-0.012999000999001,-1.2999000999001,208,101,154.5
Will Gina Raimondo win the 2028 Democratic presidential nomination?,35165603539035270209469650915267170915291414186795231160733227083640059691764,82254794773423437491598574581796732934760602553828664932786984448280136473130,250,fully_filled,0.5,249.75,250.25,0.002,0.999,-0.25,-0.0999000999000999,2.5025,0.5005000000000001,3.003,-3.253,-1.2999000999001,False,False,-0.012999000999001,-1.2999000999001,208,101,154.5
Will Andrew Yang win the 2028 Democratic presidential nomination?,102504892414163237174864879683522880588750452841477290216845150938663289742135,21234886083000978203440582985665409733123024063268807484684316771005736994028,250,fully_filled,0.5,249.75,250.25,0.002,0.999,-0.25,-0.0999000999000999,2.5025,0.5005000000000001,3.003,-3.253,-1.2999000999001,False,False,-0.012999000999001,-1.2999000999001,208,101,154.5
Will Rahm Emanuel win the 2028 Democratic presidential nomination?,10521981432803570450946212503203364998108630328528216082760514453664705157397,91949042216127305292438280992722171735754548787382833799906976841509942727662,250,fully_filled,4.75,245.5,250.25,0.019,0.982,-0.25,-0.0999000999000999,2.5025,0.5005000000000001,3.003,-3.253,-1.2999000999001,False,False,-0.012999000999001,-1.2999000999001,208,101,154.5
Will Jasmine Crockett win the 2028 Democratic presidential nomination?,22103094389913052942362639589409218272323168761614999702665821259175535456835,10893367019711826592833821276710094799225035200719824531380610476790390190688,250,fully_filled,0.5,249.75,250.25,0.002,0.999,-0.25,-0.0999000999000999,2.5025,0.5005000000000001,3.003,-3.253,-1.2999000999001,False,False,-0.012999000999001,-1.2999000999001,208,101,154.5
Will Ruben Gallego win the 2028 Democratic presidential nomination?,94658518227479141344875476648819337938746150529318297759951212169676959854478,89549550119611798541187132573193884477265258658615163602217456913355320927577,250,fully_filled,0.5,249.75,250.25,0.002,0.999,-0.25,-0.0999000999000999,2.5025,0.5005000000000001,3.003,-3.253,-1.2999000999001,False,False,-0.012999000999001,-1.2999000999001,208,101,154.5
Will Jon Ossoff win the 2028 Democratic presidential nomination?,70071592420137476676935286377781779672157004436137616627487590484756055232944,107829893465244243112531790315844862173967342141753896250561816305880797209350,250,fully_filled,43.0,207.25,250.25,0.172,0.829,-0.25,-0.0999000999000999,2.5025,0.5005000000000001,3.003,-3.253,-1.2999000999001,False,False,-0.012999000999001,-1.2999000999001,208,101,154.5
Will Chris Murphy win the 2028 Democratic presidential nomination?,8815924480259634499011776432080696931704057619336093802050596292915996723758,45099054006923138281311463758770234951153596952213440096254242321807308634603,250,fully_filled,1.25,249.0,250.25,0.005,0.996,-0.25,-0.0999000999000999,2.5025,0.5005000000000001,3.003,-3.253,-1.2999000999001,False,False,-0.012999000999001,-1.2999000999001,208,101,154.5
Will Stephen A. Smith win the 2028 Democratic presidential nomination?,60590045489347122735554346200880179420435533609307820342798544098823516727807,76005700027045000587004110133818166617024719626220722682005164003117993034812,250,fully_filled,0.5,249.75,250.25,0.002,0.999,-0.25,-0.0999000999000999,2.5025,0.5005000000000001,3.003,-3.253,-1.2999000999001,False,False,-0.012999000999001,-1.2999000999001,208,101,154.5
Will Raphael Warnock win the 2028 Democratic presidential nomination?,52310257194926233099477326083312959938983447523839326865869372741334281264830,88403451835230950222119400360490338078378790763472355557584611572247419676051,250,fully_filled,1.5,248.75,250.25,0.006,0.995,-0.25,-0.0999000999000999,2.5025,0.5005000000000001,3.003,-3.253,-1.2999000999001,False,False,-0.012999000999001,-1.2999000999001,208,101,154.5
Will Abigail Spanberger win the 2028 Democratic presidential nomination?,67834126955354466786049932246962827069514258320708123726234642047236874537300,85842730802801029317331291122638780955014362480310249655739704629273608465884,250,fully_filled,0.5,249.75,250.25,0.002,0.999,-0.25,-0.0999000999000999,2.5025,0.5005000000000001,3.003,-3.253,-1.2999000999001,False,False,-0.012999000999001,-1.2999000999001,208,101,154.5
Will Cory Booker win the 2028 Democratic presidential nomination?,50887272939612765629559172143901565817521391945540156085421963433918821328137,29006371059590547574472177233842141554614007974283936149779962779213443973844,250,fully_filled,1.5,248.75,250.25,0.006,0.995,-0.25,-0.0999000999000999,2.5025,0.5005000000000001,3.003,-3.253,-1.2999000999001,False,False,-0.012999000999001,-1.2999000999001,208,101,154.5
Will Gavin Newsom win the 2028 Democratic presidential nomination?,54533043819946592547517511176940999955633860128497669742211153063842200957669,87854174148074652060467921081181402357467303721471806610111179101805869578687,250,fully_filled,39.0,211.25,250.25,0.156,0.845,-0.25,-0.0999000999000999,2.5025,0.5005000000000001,3.003,-3.253,-1.2999000999001,False,False,-0.012999000999001,-1.2999000999001,208,101,154.5
Will Hakeem Jeffries win the 2028 Democratic presidential nomination?,23940655822937666554179928631365405234554137716172612284986318717257054413669,74558297484750387958365610940184220316219182006445006209048673137036909262424,250,fully_filled,0.5,249.75,250.25,0.002,0.999,-0.25,-0.0999000999000999,2.5025,0.5005000000000001,3.003,-3.253,-1.2999000999001,False,False,-0.012999000999001,-1.2999000999001,208,101,154.5
Xi Jinping out before 2027?,32338220190071351435772801779725302244575775216413325951443816017994629993401,25659310674993675562345759665114759892400026242514633218387667107987341231962,250,fully_filled,9.75,240.5,250.25,0.039,0.962,-0.25,-0.0999000999000999,2.5025,0.5005000000000001,3.003,-3.253,-1.2999000999001,False,False,-0.012999000999001,-1.2999000999001,208,101,154.5
Will Mark Cuban win the 2028 Democratic presidential nomination?,58378309871183461257693288827678410871907006920578755035402846056315798427503,55392527126713018429304496836617506663024188480522297953714346140749923557790,250,fully_filled,1.0,249.25,250.25,0.004,0.997,-0.25,-0.0999000999000999,2.5025,0.5005000000000001,3.003,-3.253,-1.2999000999001,False,False,-0.012999000999001,-1.2999000999001,208,101,154.5
Will Jasmine Crockett win the 2028 Democratic presidential nomination?,22103094389913052942362639589409218272323168761614999702665821259175535456835,10893367019711826592833821276710094799225035200719824531380610476790390190688,50,fully_filled,0.1,49.95,50.05,0.002,0.999,-0.0500000000000042,-0.0999000999001084,0.5005,0.1001,0.6005999999999999,-0.6506000000000041,-1.2999000999001082,False,False,-0.012999000999001082,-1.2999000999001082,97,238,167.5
Will Roy Cooper win the 2028 Democratic presidential nomination?,30732552320006664177902085971957467957450485111214036633872573588757974348601,55053374667733007627913689484290555932799177921000957543346276204775142445823,50,fully_filled,0.1,49.95,50.05,0.002,0.999,-0.0500000000000042,-0.0999000999001084,0.5005,0.1001,0.6005999999999999,-0.6506000000000041,-1.2999000999001082,False,False,-0.012999000999001082,-1.2999000999001082,97,238,167.5
Will Jared Polis win the 2028 Democratic presidential nomination?,42119164854283656238382173699154739480090965550328051492328192273011556335098,39150381508679235943386404690610035044747196600759141560840372170757042543675,50,fully_filled,0.1,49.95,50.05,0.002,0.999,-0.0500000000000042,-0.0999000999001084,0.5005,0.1001,0.6005999999999999,-0.6506000000000041,-1.2999000999001082,False,False,-0.012999000999001082,-1.2999000999001082,97,238,167.5
Will Elissa Slotkin win the 2028 Democratic presidential nomination?,48455736546094517370011063312529885328905072240106316551156607253162886762655,21910945789202551310737182019481519202352824012676720876277298283641159588352,50,fully_filled,0.1,49.95,50.05,0.002,0.999,-0.0500000000000042,-0.0999000999001084,0.5005,0.1001,0.6005999999999999,-0.6506000000000041,-1.2999000999001082,False,False,-0.012999000999001082,-1.2999000999001082,97,238,167.5
Will Josh Stein win the 2028 Democratic presidential nomination?,88892629978057552473594496509394432528313837466696628191322608851106929962536,86408082986810982428934766746057237103501895775284376283076301431054177694153,50,fully_filled,0.1,49.95,50.05,0.002,0.999,-0.0500000000000042,-0.0999000999001084,0.5005,0.1001,0.6005999999999999,-0.6506000000000041,-1.2999000999001082,False,False,-0.012999000999001082,-1.2999000999001082,97,238,167.5
Will Gretchen Whitmer win the 2028 US Presidential Election?,4999047257294547885970323631312419427544062131054733229841947946130772277335,102084577517225131375286042838758381959278092930102485541091152099183604495224,50,fully_filled,0.2,49.85,50.05,0.004,0.997,-0.0500000000000042,-0.0999000999001084,0.5005,0.1001,0.6005999999999999,-0.6506000000000041,-1.2999000999001082,False,False,-0.012999000999001082,-1.2999000999001082,97,238,167.5
Will Andrew Yang win the 2028 Democratic presidential nomination?,102504892414163237174864879683522880588750452841477290216845150938663289742135,21234886083000978203440582985665409733123024063268807484684316771005736994028,50,fully_filled,0.1,49.95,50.05,0.002,0.999,-0.0500000000000042,-0.0999000999001084,0.5005,0.1001,0.6005999999999999,-0.6506000000000041,-1.2999000999001082,False,False,-0.012999000999001082,-1.2999000999001082,97,238,167.5
Will Ro Khanna win the 2028 Democratic presidential nomination?,20374050108659687356429749447884880983779889840007423115803042125707701269498,2610336024939503976910443133965525155112118948066646227040491461288298872236,50,fully_filled,0.7000000000000001,49.35,50.05,0.014,0.987,-0.0500000000000042,-0.0999000999001084,0.5005,0.1001,0.6005999999999999,-0.6506000000000041,-1.2999000999001082,False,False,-0.012999000999001082,-1.2999000999001082,97,238,167.5
Xi Jinping out before 2027?,32338220190071351435772801779725302244575775216413325951443816017994629993401,25659310674993675562345759665114759892400026242514633218387667107987341231962,50,fully_filled,1.95,48.1,50.05,0.039,0.962,-0.0500000000000042,-0.0999000999001084,0.5005,0.1001,0.6005999999999999,-0.6506000000000041,-1.2999000999001082,False,False,-0.012999000999001082,-1.2999000999001082,97,238,167.5
Will Glenn Youngkin win the 2028 US Presidential Election?,631059815958854406224163480574507434200946764542129005247984171366597476420,100418331065194201410948024347944500798513421135064468615649525110872253639397,50,fully_filled,0.1,49.95,50.05,0.002,0.999,-0.0500000000000042,-0.0999000999001084,0.5005,0.1001,0.6005999999999999,-0.6506000000000041,-1.2999000999001082,False,False,-0.012999000999001082,-1.2999000999001082,97,238,167.5
Will Dwayne 'The Rock' Johnson win the 2028 Democratic presidential nomination?,40963724357262746498642320898188195118391211877976821531149510360187173789737,14959910401705469574520698331840889689202579612030624016640567510369602599866,50,fully_filled,0.6,49.45,50.05,0.012,0.989,-0.0500000000000042,-0.0999000999001084,0.5005,0.1001,0.6005999999999999,-0.6506000000000041,-1.2999000999001082,False,False,-0.012999000999001082,-1.2999000999001082,97,238,167.5
Will Hakeem Jeffries win the 2028 Democratic presidential nomination?,23940655822937666554179928631365405234554137716172612284986318717257054413669,74558297484750387958365610940184220316219182006445006209048673137036909262424,50,fully_filled,0.1,49.95,50.05,0.002,0.999,-0.0500000000000042,-0.0999000999001084,0.5005,0.1001,0.6005999999999999,-0.6506000000000041,-1.2999000999001082,False,False,-0.012999000999001082,-1.2999000999001082,97,238,167.5
Will Barack Obama win the 2028 Democratic presidential nomination?,88927218779847397120407909832537568114340511586397698395193736044476021744522,93993883668914241189795812807312922412111034935516092303580333564217329905759,50,fully_filled,0.1,49.95,50.05,0.002,0.999,-0.0500000000000042,-0.0999000999001084,0.5005,0.1001,0.6005999999999999,-0.6506000000000041,-1.2999000999001082,False,False,-0.012999000999001082,-1.2999000999001082,97,238,167.5
Will Marco Rubio win the 2028 US Presidential Election?,11171618905857319805355893398009978356002287408842633593535559412449299952250,65892530750232246342273648992064742042382898919201083513241874070914353628268,50,fully_filled,4.45,45.6,50.05,0.089,0.912,-0.0500000000000042,-0.0999000999001084,0.5005,0.1001,0.6005999999999999,-0.6506000000000041,-1.2999000999001082,False,False,-0.012999000999001082,-1.2999000999001082,97,238,167.5
Will Wes Moore win the 2028 US Presidential Election?,35272507273162958827997790327967872292415567859334925862043618606081750011897,374661216370333715221919731169956915917040066803205972387948453758235235593,50,fully_filled,0.4499999999999999,49.6,50.05,0.009,0.992,-0.0500000000000042,-0.0999000999001084,0.5005,0.1001,0.6005999999999999,-0.6506000000000041,-1.2999000999001082,False,False,-0.012999000999001082,-1.2999000999001082,97,238,167.5
Will Phil Murphy win the 2028 Democratic presidential nomination?,81633484456710374417231462107666791993850637546563366185897100962157481970040,114507466536734360808195115190160357255467689128176113085692265197019898971527,50,fully_filled,0.1,49.95,50.05,0.002,0.999,-0.0500000000000042,-0.0999000999001084,0.5005,0.1001,0.6005999999999999,-0.6506000000000041,-1.2999000999001082,False,False,-0.012999000999001082,-1.2999000999001082,97,238,167.5
Will Abigail Spanberger win the 2028 Democratic presidential nomination?,67834126955354466786049932246962827069514258320708123726234642047236874537300,85842730802801029317331291122638780955014362480310249655739704629273608465884,50,fully_filled,0.1,49.95,50.05,0.002,0.999,-0.0500000000000042,-0.0999000999001084,0.5005,0.1001,0.6005999999999999,-0.6506000000000041,-1.2999000999001082,False,False,-0.012999000999001082,-1.2999000999001082,97,238,167.5
Will Ruben Gallego win the 2028 Democratic presidential nomination?,94658518227479141344875476648819337938746150529318297759951212169676959854478,89549550119611798541187132573193884477265258658615163602217456913355320927577,50,fully_filled,0.1,49.95,50.05,0.002,0.999,-0.0500000000000042,-0.0999000999001084,0.5005,0.1001,0.6005999999999999,-0.6506000000000041,-1.2999000999001082,False,False,-0.012999000999001082,-1.2999000999001082,97,238,167.5
Will Zohran Mamdani win the 2028 Democratic presidential nomination?,19323997520040734631220675039559156784534982703459512097490198935565229528445,111309365336519526711604102518316708823622751854213281307404397618571408959194,50,fully_filled,0.1,49.95,50.05,0.002,0.999,-0.0500000000000042,-0.0999000999001084,0.5005,0.1001,0.6005999999999999,-0.6506000000000041,-1.2999000999001082,False,False,-0.012999000999001082,-1.2999000999001082,97,238,167.5
Will Elon Musk win the 2028 US Presidential Election?,26641906520532802078452346454133721131611596169940893262820937050881742190686,59064132013843281708610372809406242099497812053529304284160897825180883604145,50,fully_filled,0.1,49.95,50.05,0.002,0.999,-0.0500000000000042,-0.0999000999001084,0.5005,0.1001,0.6005999999999999,-0.6506000000000041,-1.2999000999001082,False,False,-0.012999000999001082,-1.2999000999001082,97,238,167.5
Will Gina Raimondo win the 2028 Democratic presidential nomination?,35165603539035270209469650915267170915291414186795231160733227083640059691764,82254794773423437491598574581796732934760602553828664932786984448280136473130,50,fully_filled,0.1,49.95,50.05,0.002,0.999,-0.0500000000000042,-0.0999000999001084,0.5005,0.1001,0.6005999999999999,-0.6506000000000041,-1.2999000999001082,False,False,-0.012999000999001082,-1.2999000999001082,97,238,167.5
Will Tulsi Gabbard win the 2028 US Presidential Election?,97633418272282627828834872960145259034624388719803091466146359304286851612172,17854429586516792397214557963923647011517685971868312042416963526864862523185,50,fully_filled,0.1,49.95,50.05,0.002,0.999,-0.0500000000000042,-0.0999000999001084,0.5005,0.1001,0.6005999999999999,-0.6506000000000041,-1.2999000999001082,False,False,-0.012999000999001082,-1.2999000999001082,97,238,167.5
Will Michelle Obama win the 2028 US Presidential Election?,88521269813605705303364598280494261510300497312149869577251450871617962933121,1970496541508335019913900195809032484597886384784144327835472760880523550630,50,fully_filled,0.1,49.95,50.05,0.002,0.999,-0.0500000000000042,-0.0999000999001084,0.5005,0.1001,0.6005999999999999,-0.6506000000000041,-1.2999000999001082,False,False,-0.012999000999001082,-1.2999000999001082,97,238,167.5
Will Stephen A. Smith win the 2028 Democratic presidential nomination?,60590045489347122735554346200880179420435533609307820342798544098823516727807,76005700027045000587004110133818166617024719626220722682005164003117993034812,50,fully_filled,0.1,49.95,50.05,0.002,0.999,-0.0500000000000042,-0.0999000999001084,0.5005,0.1001,0.6005999999999999,-0.6506000000000041,-1.2999000999001082,False,False,-0.012999000999001082,-1.2999000999001082,97,238,167.5
Will Elissa Slotkin win the 2028 US Presidential Election?,48603794625473459817558518297806850992009615470611080215039575427157653927669,52728319505612554616109154570709065358779880697251731838206843628919066236833,50,fully_filled,0.1,49.95,50.05,0.002,0.999,-0.0500000000000042,-0.0999000999001084,0.5005,0.1001,0.6005999999999999,-0.6506000000000041,-1.2999000999001082,False,False,-0.012999000999001082,-1.2999000999001082,97,238,167.5
Will Rahm Emanuel win the 2028 Democratic presidential nomination?,10521981432803570450946212503203364998108630328528216082760514453664705157397,91949042216127305292438280992722171735754548787382833799906976841509942727662,50,fully_filled,0.95,49.1,50.05,0.019,0.982,-0.0500000000000042,-0.0999000999001084,0.5005,0.1001,0.6005999999999999,-0.6506000000000041,-1.2999000999001082,False,False,-0.012999000999001082,-1.2999000999001082,97,238,167.5
Will Mark Cuban win the 2028 Democratic presidential nomination?,58378309871183461257693288827678410871907006920578755035402846056315798427503,55392527126713018429304496836617506663024188480522297953714346140749923557790,50,fully_filled,0.2,49.85,50.05,0.004,0.997,-0.0500000000000042,-0.0999000999001084,0.5005,0.1001,0.6005999999999999,-0.6506000000000041,-1.2999000999001082,False,False,-0.012999000999001082,-1.2999000999001082,97,238,167.5
Will JB Pritzker win the 2028 US Presidential Election?,70948731404464821824516595498024506131170394300814446118501620719416471444076,111825297267676135304812085666512747626812691749338692567733264184356420470119,10,fully_filled,0.05,9.96,10.010000000000002,0.005,0.996,-0.0100000000000015,-0.0999000999001154,0.1001,0.02002,0.12012,-0.1301200000000015,-1.2999000999001151,False,False,-0.012999000999001148,-1.2999000999001151,48,291,169.5
Will Marco Rubio win the 2028 US Presidential Election?,11171618905857319805355893398009978356002287408842633593535559412449299952250,65892530750232246342273648992064742042382898919201083513241874070914353628268,10,fully_filled,0.8899999999999999,9.12,10.010000000000002,0.089,0.912,-0.0100000000000015,-0.0999000999001154,0.1001,0.02002,0.12012,-0.1301200000000015,-1.2999000999001151,False,False,-0.012999000999001148,-1.2999000999001151,48,291,169.5
Will Hunter Biden win the 2028 Democratic presidential nomination?,11343337042526652606304508556838778144915122118685013460142819817079620240439,19117858613830240204442128472263675815111662346578092643025820800380629933012,10,fully_filled,0.05,9.96,10.010000000000002,0.005,0.996,-0.0100000000000015,-0.0999000999001154,0.1001,0.02002,0.12012,-0.1301200000000015,-1.2999000999001151,False,False,-0.012999000999001148,-1.2999000999001151,48,291,169.5
Will Jamie Dimon win the 2028 US Presidential Election?,23692929455124171734375794579007643086071570310019729232490607671061438183936,30050897091642315762983745166096629857367320723415212749446858994810226049012,10,fully_filled,0.05,9.96,10.010000000000002,0.005,0.996,-0.0100000000000015,-0.0999000999001154,0.1001,0.02002,0.12012,-0.1301200000000015,-1.2999000999001151,False,False,-0.012999000999001148,-1.2999000999001151,48,291,169.5
Will Bernie Sanders win the 2028 Democratic presidential nomination?,113510300123120868861281132282742729065975487298059944817273881893086209196585,3444964147133304300560138317203877470064591148213906708394693248804691192318,10,fully_filled,0.05,9.96,10.010000000000002,0.005,0.996,-0.0100000000000015,-0.0999000999001154,0.1001,0.02002,0.12012,-0.1301200000000015,-1.2999000999001151,False,False,-0.012999000999001148,-1.2999000999001151,48,291,169.5
Will Donald Trump Jr. win the 2028 US Presidential Election?,77660944053451874285291959901958937238149180369572698706675030657716494119346,52761630651452310319295064365704431564140478140269624735570317771849185169635,10,fully_filled,0.05,9.96,10.010000000000002,0.005,0.996,-0.0100000000000015,-0.0999000999001154,0.1001,0.02002,0.12012,-0.1301200000000015,-1.2999000999001151,False,False,-0.012999000999001148,-1.2999000999001151,48,291,169.5
Will JD Vance win the 2028 US Presidential Election?,16040015440196279900485035793550429453516625694844857319147506590755961451627,94476829201604408463453426454480212459887267917122244941405244686637914508323,10,fully_filled,2.08,7.930000000000001,10.010000000000002,0.208,0.793,-0.0100000000000015,-0.0999000999001154,0.1001,0.02002,0.12012,-0.1301200000000015,-1.2999000999001151,False,False,-0.012999000999001148,-1.2999000999001151,48,291,169.5
Will Gretchen Whitmer win the 2028 Democratic presidential nomination?,57761428076807364758801249497410455358987881775226117256631754592198558850468,64300336035644500626313522990854070672468621241744347587785777226296613235598,10,fully_filled,0.05,9.96,10.010000000000002,0.005,0.996,-0.0100000000000015,-0.0999000999001154,0.1001,0.02002,0.12012,-0.1301200000000015,-1.2999000999001151,False,False,-0.012999000999001148,-1.2999000999001151,48,291,169.5
Will Chris Murphy win the 2028 Democratic presidential nomination?,8815924480259634499011776432080696931704057619336093802050596292915996723758,45099054006923138281311463758770234951153596952213440096254242321807308634603,10,fully_filled,0.05,9.96,10.010000000000002,0.005,0.996,-0.0100000000000015,-0.0999000999001154,0.1001,0.02002,0.12012,-0.1301200000000015,-1.2999000999001151,False,False,-0.012999000999001148,-1.2999000999001151,48,291,169.5
Will Jon Ossoff win the 2028 Democratic presidential nomination?,70071592420137476676935286377781779672157004436137616627487590484756055232944,107829893465244243112531790315844862173967342141753896250561816305880797209350,500,fully_filled,86.0,414.5,500.5,0.172,0.829,-0.5,-0.0999000999000999,5.005,1.001,6.006,-6.506,-1.2999000999001,False,False,-0.012999000999001,-1.2999000999001,277,101,189.0
Will Stephen A. Smith win the 2028 Democratic presidential nomination?,60590045489347122735554346200880179420435533609307820342798544098823516727807,76005700027045000587004110133818166617024719626220722682005164003117993034812,500,fully_filled,1.0,499.5,500.5,0.002,0.999,-0.5,-0.0999000999000999,5.005,1.001,6.006,-6.506,-1.2999000999001,False,False,-0.012999000999001,-1.2999000999001,277,101,189.0
Will Mark Cuban win the 2028 Democratic presidential nomination?,58378309871183461257693288827678410871907006920578755035402846056315798427503,55392527126713018429304496836617506663024188480522297953714346140749923557790,500,fully_filled,2.0,498.5,500.5,0.004,0.997,-0.5,-0.0999000999000999,5.005,1.001,6.006,-6.506,-1.2999000999001,False,False,-0.012999000999001,-1.2999000999001,277,101,189.0
Will Michelle Obama win the 2028 Democratic presidential nomination?,83723134981785004242996949681785273460678873813693556756054904164484296299719,107146110974011455665373243296921398136854344089489911087344946921091914123046,500,fully_filled,1.5,499.0,500.5,0.003,0.998,-0.5,-0.0999000999000999,5.005,1.001,6.006,-6.506,-1.2999000999001,False,False,-0.012999000999001,-1.2999000999001,277,101,189.0
Will Glenn Youngkin win the 2028 US Presidential Election?,631059815958854406224163480574507434200946764542129005247984171366597476420,100418331065194201410948024347944500798513421135064468615649525110872253639397,500,fully_filled,1.0,499.5,500.5,0.002,0.999,-0.5,-0.0999000999000999,5.005,1.001,6.006,-6.506,-1.2999000999001,False,False,-0.012999000999001,-1.2999000999001,277,101,189.0
Will Elon Musk win the 2028 US Presidential Election?,26641906520532802078452346454133721131611596169940893262820937050881742190686,59064132013843281708610372809406242099497812053529304284160897825180883604145,500,fully_filled,1.0,499.5,500.5,0.002,0.999,-0.5,-0.0999000999000999,5.005,1.001,6.006,-6.506,-1.2999000999001,False,False,-0.012999000999001,-1.2999000999001,277,101,189.0
Will Jared Polis win the 2028 Democratic presidential nomination?,42119164854283656238382173699154739480090965550328051492328192273011556335098,39150381508679235943386404690610035044747196600759141560840372170757042543675,500,fully_filled,1.0,499.5,500.5,0.002,0.999,-0.5,-0.0999000999000999,5.005,1.001,6.006,-6.506,-1.2999000999001,False,False,-0.012999000999001,-1.2999000999001,277,101,189.0
Will Donald Trump Jr. win the 2028 US Presidential Election?,77660944053451874285291959901958937238149180369572698706675030657716494119346,52761630651452310319295064365704431564140478140269624735570317771849185169635,500,fully_filled,2.5,498.0,500.5,0.005,0.996,-0.5,-0.0999000999000999,5.005,1.001,6.006,-6.506,-1.2999000999001,False,False,-0.012999000999001,-1.2999000999001,277,101,189.0
Will Tucker Carlson win the 2028 US Presidential Election?,45015916581148592087728250896178171120552786117190685135618507471166113474733,5353194854864999214467212176625447374807704051407621946584152368216621932371,500,fully_filled,8.0,492.5,500.5,0.016,0.985,-0.5,-0.0999000999000999,5.005,1.001,6.006,-6.506,-1.2999000999001,False,False,-0.012999000999001,-1.2999000999001,277,101,189.0
Will Michelle Obama win the 2028 US Presidential Election?,88521269813605705303364598280494261510300497312149869577251450871617962933121,1970496541508335019913900195809032484597886384784144327835472760880523550630,500,fully_filled,1.0,499.5,500.5,0.002,0.999,-0.5,-0.0999000999000999,5.005,1.001,6.006,-6.506,-1.2999000999001,False,False,-0.012999000999001,-1.2999000999001,277,101,189.0
Will Raphael Warnock win the 2028 Democratic presidential nomination?,52310257194926233099477326083312959938983447523839326865869372741334281264830,88403451835230950222119400360490338078378790763472355557584611572247419676051,500,fully_filled,3.0,497.5,500.5,0.006,0.995,-0.5,-0.0999000999000999,5.005,1.001,6.006,-6.506,-1.2999000999001,False,False,-0.012999000999001,-1.2999000999001,277,101,189.0
Will Rahm Emanuel win the 2028 Democratic presidential nomination?,10521981432803570450946212503203364998108630328528216082760514453664705157397,91949042216127305292438280992722171735754548787382833799906976841509942727662,500,fully_filled,9.5,491.0,500.5,0.019,0.982,-0.5,-0.0999000999000999,5.005,1.001,6.006,-6.506,-1.2999000999001,False,False,-0.012999000999001,-1.2999000999001,277,101,189.0
Will Kamala Harris win the 2028 US Presidential Election?,70663352401606372246362604193214664065595751757222752105245221905399175050480,4988819538339626436114997160558538168652916536529198363646261454228218983102,500,fully_filled,23.5,477.0,500.5,0.047,0.954,-0.5,-0.0999000999000999,5.005,1.001,6.006,-6.506,-1.2999000999001,False,False,-0.012999000999001,-1.2999000999001,277,101,189.0
Will Roy Cooper win the 2028 Democratic presidential nomination?,30732552320006664177902085971957467957450485111214036633872573588757974348601,55053374667733007627913689484290555932799177921000957543346276204775142445823,500,fully_filled,1.0,499.5,500.5,0.002,0.999,-0.5,-0.0999000999000999,5.005,1.001,6.006,-6.506,-1.2999000999001,False,False,-0.012999000999001,-1.2999000999001,277,101,189.0
Will Andy Beshear win the 2028 US Presidential Election?,50507496430692162923857760920722624157737138256097150616293040054748564876552,53112547591746110422238703365888013497196468199611167129486770819598374380742,500,fully_filled,5.5,495.0,500.5,0.011,0.99,-0.5,-0.0999000999000999,5.005,1.001,6.006,-6.506,-1.2999000999001,False,False,-0.012999000999001,-1.2999000999001,277,101,189.0
Will Dwayne 'The Rock' Johnson win the 2028 US Presidential Election?,76252402837334795047528042167618984089231134882494719641438604550246396692717,82779978600617806806814031291287454099780828258739355925042203335968508676880,500,fully_filled,7.5,493.0,500.5,0.015,0.986,-0.5,-0.0999000999000999,5.005,1.001,6.006,-6.506,-1.2999000999001,False,False,-0.012999000999001,-1.2999000999001,277,101,189.0
Will Tulsi Gabbard win the 2028 US Presidential Election?,97633418272282627828834872960145259034624388719803091466146359304286851612172,17854429586516792397214557963923647011517685971868312042416963526864862523185,500,fully_filled,1.0,499.5,500.5,0.002,0.999,-0.5,-0.0999000999000999,5.005,1.001,6.006,-6.506,-1.2999000999001,False,False,-0.012999000999001,-1.2999000999001,277,101,189.0
Will Zohran Mamdani win the 2028 Democratic presidential nomination?,19323997520040734631220675039559156784534982703459512097490198935565229528445,111309365336519526711604102518316708823622751854213281307404397618571408959194,500,fully_filled,1.0,499.5,500.5,0.002,0.999,-0.5,-0.0999000999000999,5.005,1.001,6.006,-6.506,-1.2999000999001,False,False,-0.012999000999001,-1.2999000999001,277,101,189.0
Will Gina Raimondo win the 2028 Democratic presidential nomination?,35165603539035270209469650915267170915291414186795231160733227083640059691764,82254794773423437491598574581796732934760602553828664932786984448280136473130,500,fully_filled,1.0,499.5,500.5,0.002,0.999,-0.5,-0.0999000999000999,5.005,1.001,6.006,-6.506,-1.2999000999001,False,False,-0.012999000999001,-1.2999000999001,277,101,189.0
Will JB Pritzker win the 2028 US Presidential Election?,70948731404464821824516595498024506131170394300814446118501620719416471444076,111825297267676135304812085666512747626812691749338692567733264184356420470119,500,fully_filled,2.5,498.0,500.5,0.005,0.996,-0.5,-0.0999000999000999,5.005,1.001,6.006,-6.506,-1.2999000999001,False,False,-0.012999000999001,-1.2999000999001,277,101,189.0
Will Cory Booker win the 2028 Democratic presidential nomination?,50887272939612765629559172143901565817521391945540156085421963433918821328137,29006371059590547574472177233842141554614007974283936149779962779213443973844,500,fully_filled,3.0,497.5,500.5,0.006,0.995,-0.5,-0.0999000999000999,5.005,1.001,6.006,-6.506,-1.2999000999001,False,False,-0.012999000999001,-1.2999000999001,277,101,189.0
Will Elissa Slotkin win the 2028 Democratic presidential nomination?,48455736546094517370011063312529885328905072240106316551156607253162886762655,21910945789202551310737182019481519202352824012676720876277298283641159588352,500,fully_filled,1.0,499.5,500.5,0.002,0.999,-0.5,-0.0999000999000999,5.005,1.001,6.006,-6.506,-1.2999000999001,False,False,-0.012999000999001,-1.2999000999001,277,101,189.0
Will Barack Obama win the 2028 Democratic presidential nomination?,88927218779847397120407909832537568114340511586397698395193736044476021744522,93993883668914241189795812807312922412111034935516092303580333564217329905759,500,fully_filled,1.0,499.5,500.5,0.002,0.999,-0.5,-0.0999000999000999,5.005,1.001,6.006,-6.506,-1.2999000999001,False,False,-0.012999000999001,-1.2999000999001,277,101,189.0
Will Gavin Newsom win the 2028 Democratic presidential nomination?,54533043819946592547517511176940999955633860128497669742211153063842200957669,87854174148074652060467921081181402357467303721471806610111179101805869578687,500,fully_filled,78.0,422.5,500.5,0.156,0.845,-0.5,-0.0999000999000999,5.005,1.001,6.006,-6.506,-1.2999000999001,False,False,-0.012999000999001,-1.2999000999001,277,101,189.0
Will Andrew Yang win the 2028 Democratic presidential nomination?,102504892414163237174864879683522880588750452841477290216845150938663289742135,21234886083000978203440582985665409733123024063268807484684316771005736994028,500,fully_filled,1.0,499.5,500.5,0.002,0.999,-0.5,-0.0999000999000999,5.005,1.001,6.006,-6.506,-1.2999000999001,False,False,-0.012999000999001,-1.2999000999001,277,101,189.0
Will Jon Ossoff win the 2028 US Presidential Election?,110102705199530588976777616718115948005824665233400132417374621750887344831757,98394838816403247684221016468696784125095120854407803889228262583112436699261,500,fully_filled,58.0,442.5,500.5,0.116,0.885,-0.5,-0.0999000999000999,5.005,1.001,6.006,-6.506,-1.2999000999001,False,False,-0.012999000999001,-1.2999000999001,277,101,189.0
Will Alexandria Ocasio-Cortez win the 2028 US Presidential Election?,8113830512143065501177519557124858581375945005490796772950589720955457782465,11493926619286817179231142642565394485790380952577225820901334479399429951651,500,fully_filled,65.5,435.0,500.5,0.131,0.87,-0.5,-0.0999000999000999,5.005,1.001,6.006,-6.506,-1.2999000999001,False,False,-0.012999000999001,-1.2999000999001,277,101,189.0
Will Jasmine Crockett win the 2028 Democratic presidential nomination?,22103094389913052942362639589409218272323168761614999702665821259175535456835,10893367019711826592833821276710094799225035200719824531380610476790390190688,500,fully_filled,1.0,499.5,500.5,0.002,0.999,-0.5,-0.0999000999000999,5.005,1.001,6.006,-6.506,-1.2999000999001,False,False,-0.012999000999001,-1.2999000999001,277,101,189.0
Will Gavin Newsom win the 2028 US Presidential Election?,98250445447699368679516529207365255018790721464590833209064266254238063117329,18823838997443878656879952590502524526556504037944392973476854588563571859850,500,fully_filled,41.5,459.0,500.5,0.083,0.918,-0.5,-0.0999000999000999,5.005,1.001,6.006,-6.506,-1.2999000999001,False,False,-0.012999000999001,-1.2999000999001,277,101,189.0
Will Ruben Gallego win the 2028 Democratic presidential nomination?,94658518227479141344875476648819337938746150529318297759951212169676959854478,89549550119611798541187132573193884477265258658615163602217456913355320927577,500,fully_filled,1.0,499.5,500.5,0.002,0.999,-0.5,-0.0999000999000999,5.005,1.001,6.006,-6.506,-1.2999000999001,False,False,-0.012999000999001,-1.2999000999001,277,101,189.0
Will JD Vance win the 2028 US Presidential Election?,16040015440196279900485035793550429453516625694844857319147506590755961451627,94476829201604408463453426454480212459887267917122244941405244686637914508323,500,fully_filled,104.0,396.5,500.5,0.208,0.793,-0.5,-0.0999000999000999,5.005,1.001,6.006,-6.506,-1.2999000999001,False,False,-0.012999000999001,-1.2999000999001,277,101,189.0
Will Josh Shapiro win the 2028 US Presidential Election?,1420113190297259908358916251277696183671602680024474979931472444792502392139,9195312844128905514645503106857912558078141569888031031723687687489317147622,500,fully_filled,15.5,485.0,500.5,0.031,0.97,-0.5,-0.0999000999000999,5.005,1.001,6.006,-6.506,-1.2999000999001,False,False,-0.012999000999001,-1.2999000999001,277,101,189.0
Will Ro Khanna win the 2028 Democratic presidential nomination?,20374050108659687356429749447884880983779889840007423115803042125707701269498,2610336024939503976910443133965525155112118948066646227040491461288298872236,500,fully_filled,7.0,493.5,500.5,0.014,0.987,-0.5,-0.0999000999000999,5.005,1.001,6.006,-6.506,-1.2999000999001,False,False,-0.012999000999001,-1.2999000999001,277,101,189.0
Will Abigail Spanberger win the 2028 Democratic presidential nomination?,67834126955354466786049932246962827069514258320708123726234642047236874537300,85842730802801029317331291122638780955014362480310249655739704629273608465884,500,fully_filled,1.0,499.5,500.5,0.002,0.999,-0.5,-0.0999000999000999,5.005,1.001,6.006,-6.506,-1.2999000999001,False,False,-0.012999000999001,-1.2999000999001,277,101,189.0
Xi Jinping out before 2027?,32338220190071351435772801779725302244575775216413325951443816017994629993401,25659310674993675562345759665114759892400026242514633218387667107987341231962,500,fully_filled,19.5,481.0,500.5,0.039,0.962,-0.5,-0.0999000999000999,5.005,1.001,6.006,-6.506,-1.2999000999001,False,False,-0.012999000999001,-1.2999000999001,277,101,189.0
Will Josh Stein win the 2028 Democratic presidential nomination?,88892629978057552473594496509394432528313837466696628191322608851106929962536,86408082986810982428934766746057237103501895775284376283076301431054177694153,500,fully_filled,1.0,499.5,500.5,0.002,0.999,-0.5,-0.0999000999000999,5.005,1.001,6.006,-6.506,-1.2999000999001,False,False,-0.012999000999001,-1.2999000999001,277,101,189.0
Will Hakeem Jeffries win the 2028 Democratic presidential nomination?,23940655822937666554179928631365405234554137716172612284986318717257054413669,74558297484750387958365610940184220316219182006445006209048673137036909262424,500,fully_filled,1.0,499.5,500.5,0.002,0.999,-0.5,-0.0999000999000999,5.005,1.001,6.006,-6.506,-1.2999000999001,False,False,-0.012999000999001,-1.2999000999001,277,101,189.0
Will Elissa Slotkin win the 2028 US Presidential Election?,48603794625473459817558518297806850992009615470611080215039575427157653927669,52728319505612554616109154570709065358779880697251731838206843628919066236833,500,fully_filled,1.0,499.5,500.5,0.002,0.999,-0.5,-0.0999000999000999,5.005,1.001,6.006,-6.506,-1.2999000999001,False,False,-0.012999000999001,-1.2999000999001,277,101,189.0
Will Pete Buttigieg win the 2028 US Presidential Election?,35629456194498013232473191985311930903993567273832459837879398120893197410860,26087406687932108531005204502244492184534000122992461059156880611150953145122,500,fully_filled,13.5,487.0,500.5,0.027,0.974,-0.5,-0.0999000999000999,5.005,1.001,6.006,-6.506,-1.2999000999001,False,False,-0.012999000999001,-1.2999000999001,277,101,189.0
Will Chris Murphy win the 2028 Democratic presidential nomination?,8815924480259634499011776432080696931704057619336093802050596292915996723758,45099054006923138281311463758770234951153596952213440096254242321807308634603,500,fully_filled,2.5,498.0,500.5,0.005,0.996,-0.5,-0.0999000999000999,5.005,1.001,6.006,-6.506,-1.2999000999001,False,False,-0.012999000999001,-1.2999000999001,277,101,189.0
Will Wes Moore win the 2028 US Presidential Election?,35272507273162958827997790327967872292415567859334925862043618606081750011897,374661216370333715221919731169956915917040066803205972387948453758235235593,500,fully_filled,4.5,496.0,500.5,0.009,0.992,-0.5,-0.0999000999000999,5.005,1.001,6.006,-6.506,-1.2999000999001,False,False,-0.012999000999001,-1.2999000999001,277,101,189.0
Will Phil Murphy win the 2028 Democratic presidential nomination?,81633484456710374417231462107666791993850637546563366185897100962157481970040,114507466536734360808195115190160357255467689128176113085692265197019898971527,500,fully_filled,1.0,499.5,500.5,0.002,0.999,-0.5,-0.0999000999000999,5.005,1.001,6.006,-6.506,-1.2999000999001,False,False,-0.012999000999001,-1.2999000999001,277,101,189.0
Will Gretchen Whitmer win the 2028 US Presidential Election?,4999047257294547885970323631312419427544062131054733229841947946130772277335,102084577517225131375286042838758381959278092930102485541091152099183604495224,500,fully_filled,2.0,498.5,500.5,0.004,0.997,-0.5,-0.0999000999000999,5.005,1.001,6.006,-6.506,-1.2999000999001,False,False,-0.012999000999001,-1.2999000999001,277,101,189.0
Will Bernie Sanders win the 2028 Democratic presidential nomination?,113510300123120868861281132282742729065975487298059944817273881893086209196585,3444964147133304300560138317203877470064591148213906708394693248804691192318,500,fully_filled,2.5,498.0,500.5,0.005,0.996,-0.5,-0.0999000999000999,5.005,1.001,6.006,-6.506,-1.2999000999001,False,False,-0.012999000999001,-1.2999000999001,277,101,189.0
Will Jamie Dimon win the 2028 US Presidential Election?,23692929455124171734375794579007643086071570310019729232490607671061438183936,30050897091642315762983745166096629857367320723415212749446858994810226049012,500,fully_filled,2.5,498.0,500.5,0.005,0.996,-0.5,-0.0999000999000999,5.005,1.001,6.006,-6.506,-1.2999000999001,False,False,-0.012999000999001,-1.2999000999001,277,101,189.0
Will Chelsea Clinton win the 2028 Democratic presidential nomination?,46211769122513729244602558513001215391004042100934296321661285791281233261657,76057920052421891902791411567177996435483774677774664174053982044923692373687,10,fully_filled,0.079,9.94,10.019,0.0079,0.994,-0.0190000000000001,-0.1896396845992626,0.10019,0.020038,0.120228,-0.1392280000000001,-1.3896396845992622,False,False,-0.013896396845992623,-1.3896396845992622,57,325,191.0
Will Josh Shapiro win the 2028 Democratic presidential nomination?,71169839497420596285841847514123589847893415750912355173877524195175834054354,55290827599553280245963175724940496753557722439999671239772487781170052583987,10,fully_filled,0.59,9.43,10.02,0.059,0.943,-0.0199999999999995,-0.1996007984031893,0.1002,0.02004,0.12024,-0.1402399999999995,-1.3996007984031886,False,False,-0.013996007984031887,-1.3996007984031886,58,335,196.5
Will Hillary Clinton win the 2028 Democratic presidential nomination?,6349038249650226718426900942104344803413105653564595362433352811865798195800,57931882677606943294773135604094039468334392354204920135953322654005083822055,10,fully_filled,0.04,9.98,10.02,0.004,0.998,-0.0199999999999995,-0.1996007984031893,0.1002,0.02004,0.12024,-0.1402399999999995,-1.3996007984031886,False,False,-0.013996007984031887,-1.3996007984031886,58,335,196.5
Will Ro Khanna win the 2028 US Presidential Election?,45264462342307496826883801236629887275526404999716050689931105511159370296978,21034003091803474219272633665814818485285721473911024023600356649009960505229,10,fully_filled,0.1099999999999999,9.91,10.02,0.011,0.991,-0.0199999999999995,-0.1996007984031893,0.1002,0.02004,0.12024,-0.1402399999999995,-1.3996007984031886,False,False,-0.013996007984031887,-1.3996007984031886,58,335,196.5
Will Stephen A. Smith win the 2028 Democratic presidential nomination?,60590045489347122735554346200880179420435533609307820342798544098823516727807,76005700027045000587004110133818166617024719626220722682005164003117993034812,100,fully_filled,0.2,99.9,100.1,0.002,0.999,-0.1000000000000085,-0.0999000999001084,1.001,0.2002,1.2011999999999998,-1.3012000000000083,-1.2999000999001082,False,False,-0.012999000999001083,-1.2999000999001082,165,238,201.5
Will Andrew Yang win the 2028 Democratic presidential nomination?,102504892414163237174864879683522880588750452841477290216845150938663289742135,21234886083000978203440582985665409733123024063268807484684316771005736994028,100,fully_filled,0.2,99.9,100.1,0.002,0.999,-0.1000000000000085,-0.0999000999001084,1.001,0.2002,1.2011999999999998,-1.3012000000000083,-1.2999000999001082,False,False,-0.012999000999001083,-1.2999000999001082,165,238,201.5
Will Jasmine Crockett win the 2028 Democratic presidential nomination?,22103094389913052942362639589409218272323168761614999702665821259175535456835,10893367019711826592833821276710094799225035200719824531380610476790390190688,100,fully_filled,0.2,99.9,100.1,0.002,0.999,-0.1000000000000085,-0.0999000999001084,1.001,0.2002,1.2011999999999998,-1.3012000000000083,-1.2999000999001082,False,False,-0.012999000999001083,-1.2999000999001082,165,238,201.5
Will Ruben Gallego win the 2028 Democratic presidential nomination?,94658518227479141344875476648819337938746150529318297759951212169676959854478,89549550119611798541187132573193884477265258658615163602217456913355320927577,100,fully_filled,0.2,99.9,100.1,0.002,0.999,-0.1000000000000085,-0.0999000999001084,1.001,0.2002,1.2011999999999998,-1.3012000000000083,-1.2999000999001082,False,False,-0.012999000999001083,-1.2999000999001082,165,238,201.5
Will Ro Khanna win the 2028 Democratic presidential nomination?,20374050108659687356429749447884880983779889840007423115803042125707701269498,2610336024939503976910443133965525155112118948066646227040491461288298872236,100,fully_filled,1.4,98.7,100.1,0.014,0.987,-0.1000000000000085,-0.0999000999001084,1.001,0.2002,1.2011999999999998,-1.3012000000000083,-1.2999000999001082,False,False,-0.012999000999001083,-1.2999000999001082,165,238,201.5
Will Abigail Spanberger win the 2028 Democratic presidential nomination?,67834126955354466786049932246962827069514258320708123726234642047236874537300,85842730802801029317331291122638780955014362480310249655739704629273608465884,100,fully_filled,0.2,99.9,100.1,0.002,0.999,-0.1000000000000085,-0.0999000999001084,1.001,0.2002,1.2011999999999998,-1.3012000000000083,-1.2999000999001082,False,False,-0.012999000999001083,-1.2999000999001082,165,238,201.5
Will Michelle Obama win the 2028 US Presidential Election?,88521269813605705303364598280494261510300497312149869577251450871617962933121,1970496541508335019913900195809032484597886384784144327835472760880523550630,100,fully_filled,0.2,99.9,100.1,0.002,0.999,-0.1000000000000085,-0.0999000999001084,1.001,0.2002,1.2011999999999998,-1.3012000000000083,-1.2999000999001082,False,False,-0.012999000999001083,-1.2999000999001082,165,238,201.5
Will Zohran Mamdani win the 2028 Democratic presidential nomination?,19323997520040734631220675039559156784534982703459512097490198935565229528445,111309365336519526711604102518316708823622751854213281307404397618571408959194,100,fully_filled,0.2,99.9,100.1,0.002,0.999,-0.1000000000000085,-0.0999000999001084,1.001,0.2002,1.2011999999999998,-1.3012000000000083,-1.2999000999001082,False,False,-0.012999000999001083,-1.2999000999001082,165,238,201.5
Will Elissa Slotkin win the 2028 Democratic presidential nomination?,48455736546094517370011063312529885328905072240106316551156607253162886762655,21910945789202551310737182019481519202352824012676720876277298283641159588352,100,fully_filled,0.2,99.9,100.1,0.002,0.999,-0.1000000000000085,-0.0999000999001084,1.001,0.2002,1.2011999999999998,-1.3012000000000083,-1.2999000999001082,False,False,-0.012999000999001083,-1.2999000999001082,165,238,201.5
Will Hakeem Jeffries win the 2028 Democratic presidential nomination?,23940655822937666554179928631365405234554137716172612284986318717257054413669,74558297484750387958365610940184220316219182006445006209048673137036909262424,100,fully_filled,0.2,99.9,100.1,0.002,0.999,-0.1000000000000085,-0.0999000999001084,1.001,0.2002,1.2011999999999998,-1.3012000000000083,-1.2999000999001082,False,False,-0.012999000999001083,-1.2999000999001082,165,238,201.5
Will Marco Rubio win the 2028 US Presidential Election?,11171618905857319805355893398009978356002287408842633593535559412449299952250,65892530750232246342273648992064742042382898919201083513241874070914353628268,100,fully_filled,8.9,91.2,100.1,0.089,0.912,-0.1000000000000085,-0.0999000999001084,1.001,0.2002,1.2011999999999998,-1.3012000000000083,-1.2999000999001082,False,False,-0.012999000999001083,-1.2999000999001082,165,238,201.5
Xi Jinping out before 2027?,32338220190071351435772801779725302244575775216413325951443816017994629993401,25659310674993675562345759665114759892400026242514633218387667107987341231962,100,fully_filled,3.9,96.2,100.1,0.039,0.962,-0.1000000000000085,-0.0999000999001084,1.001,0.2002,1.2011999999999998,-1.3012000000000083,-1.2999000999001082,False,False,-0.012999000999001083,-1.2999000999001082,165,238,201.5
Will Tulsi Gabbard win the 2028 US Presidential Election?,97633418272282627828834872960145259034624388719803091466146359304286851612172,17854429586516792397214557963923647011517685971868312042416963526864862523185,100,fully_filled,0.2,99.9,100.1,0.002,0.999,-0.1000000000000085,-0.0999000999001084,1.001,0.2002,1.2011999999999998,-1.3012000000000083,-1.2999000999001082,False,False,-0.012999000999001083,-1.2999000999001082,165,238,201.5
Will Roy Cooper win the 2028 Democratic presidential nomination?,30732552320006664177902085971957467957450485111214036633872573588757974348601,55053374667733007627913689484290555932799177921000957543346276204775142445823,100,fully_filled,0.2,99.9,100.1,0.002,0.999,-0.1000000000000085,-0.0999000999001084,1.001,0.2002,1.2011999999999998,-1.3012000000000083,-1.2999000999001082,False,False,-0.012999000999001083,-1.2999000999001082,165,238,201.5
Will Gina Raimondo win the 2028 Democratic presidential nomination?,35165603539035270209469650915267170915291414186795231160733227083640059691764,82254794773423437491598574581796732934760602553828664932786984448280136473130,100,fully_filled,0.2,99.9,100.1,0.002,0.999,-0.1000000000000085,-0.0999000999001084,1.001,0.2002,1.2011999999999998,-1.3012000000000083,-1.2999000999001082,False,False,-0.012999000999001083,-1.2999000999001082,165,238,201.5
Will Elissa Slotkin win the 2028 US Presidential Election?,48603794625473459817558518297806850992009615470611080215039575427157653927669,52728319505612554616109154570709065358779880697251731838206843628919066236833,100,fully_filled,0.2,99.9,100.1,0.002,0.999,-0.1000000000000085,-0.0999000999001084,1.001,0.2002,1.2011999999999998,-1.3012000000000083,-1.2999000999001082,False,False,-0.012999000999001083,-1.2999000999001082,165,238,201.5
Will Jared Polis win the 2028 Democratic presidential nomination?,42119164854283656238382173699154739480090965550328051492328192273011556335098,39150381508679235943386404690610035044747196600759141560840372170757042543675,100,fully_filled,0.2,99.9,100.1,0.002,0.999,-0.1000000000000085,-0.0999000999001084,1.001,0.2002,1.2011999999999998,-1.3012000000000083,-1.2999000999001082,False,False,-0.012999000999001083,-1.2999000999001082,165,238,201.5
Will Rahm Emanuel win the 2028 Democratic presidential nomination?,10521981432803570450946212503203364998108630328528216082760514453664705157397,91949042216127305292438280992722171735754548787382833799906976841509942727662,100,fully_filled,1.9,98.2,100.1,0.019,0.982,-0.1000000000000085,-0.0999000999001084,1.001,0.2002,1.2011999999999998,-1.3012000000000083,-1.2999000999001082,False,False,-0.012999000999001083,-1.2999000999001082,165,238,201.5
Will Glenn Youngkin win the 2028 US Presidential Election?,631059815958854406224163480574507434200946764542129005247984171366597476420,100418331065194201410948024347944500798513421135064468615649525110872253639397,100,fully_filled,0.2,99.9,100.1,0.002,0.999,-0.1000000000000085,-0.0999000999001084,1.001,0.2002,1.2011999999999998,-1.3012000000000083,-1.2999000999001082,False,False,-0.012999000999001083,-1.2999000999001082,165,238,201.5
Will Josh Stein win the 2028 Democratic presidential nomination?,88892629978057552473594496509394432528313837466696628191322608851106929962536,86408082986810982428934766746057237103501895775284376283076301431054177694153,100,fully_filled,0.2,99.9,100.1,0.002,0.999,-0.1000000000000085,-0.0999000999001084,1.001,0.2002,1.2011999999999998,-1.3012000000000083,-1.2999000999001082,False,False,-0.012999000999001083,-1.2999000999001082,165,238,201.5
Will Barack Obama win the 2028 Democratic presidential nomination?,88927218779847397120407909832537568114340511586397698395193736044476021744522,93993883668914241189795812807312922412111034935516092303580333564217329905759,100,fully_filled,0.2,99.9,100.1,0.002,0.999,-0.1000000000000085,-0.0999000999001084,1.001,0.2002,1.2011999999999998,-1.3012000000000083,-1.2999000999001082,False,False,-0.012999000999001083,-1.2999000999001082,165,238,201.5
Will Mark Cuban win the 2028 Democratic presidential nomination?,58378309871183461257693288827678410871907006920578755035402846056315798427503,55392527126713018429304496836617506663024188480522297953714346140749923557790,100,fully_filled,0.4,99.7,100.1,0.004,0.997,-0.1000000000000085,-0.0999000999001084,1.001,0.2002,1.2011999999999998,-1.3012000000000083,-1.2999000999001082,False,False,-0.012999000999001083,-1.2999000999001082,165,238,201.5
Will Gretchen Whitmer win the 2028 US Presidential Election?,4999047257294547885970323631312419427544062131054733229841947946130772277335,102084577517225131375286042838758381959278092930102485541091152099183604495224,100,fully_filled,0.4,99.7,100.1,0.004,0.997,-0.1000000000000085,-0.0999000999001084,1.001,0.2002,1.2011999999999998,-1.3012000000000083,-1.2999000999001082,False,False,-0.012999000999001083,-1.2999000999001082,165,238,201.5
Will Wes Moore win the 2028 US Presidential Election?,35272507273162958827997790327967872292415567859334925862043618606081750011897,374661216370333715221919731169956915917040066803205972387948453758235235593,100,fully_filled,0.8999999999999999,99.2,100.1,0.009,0.992,-0.1000000000000085,-0.0999000999001084,1.001,0.2002,1.2011999999999998,-1.3012000000000083,-1.2999000999001082,False,False,-0.012999000999001083,-1.2999000999001082,165,238,201.5
Will Phil Murphy win the 2028 Democratic presidential nomination?,81633484456710374417231462107666791993850637546563366185897100962157481970040,114507466536734360808195115190160357255467689128176113085692265197019898971527,100,fully_filled,0.2,99.9,100.1,0.002,0.999,-0.1000000000000085,-0.0999000999001084,1.001,0.2002,1.2011999999999998,-1.3012000000000083,-1.2999000999001082,False,False,-0.012999000999001083,-1.2999000999001082,165,238,201.5
Will Elon Musk win the 2028 US Presidential Election?,26641906520532802078452346454133721131611596169940893262820937050881742190686,59064132013843281708610372809406242099497812053529304284160897825180883604145,100,fully_filled,0.2,99.9,100.1,0.002,0.999,-0.1000000000000085,-0.0999000999001084,1.001,0.2002,1.2011999999999998,-1.3012000000000083,-1.2999000999001082,False,False,-0.012999000999001083,-1.2999000999001082,165,238,201.5
Will Greg Abbott win the 2028 US Presidential Election?,58585097107933138034126275600204468509993701936571284309823871593297754181479,104431860535489654020481219089291817898241901940037260095979653681449084465327,10,fully_filled,0.05,9.97,10.02,0.005,0.997,-0.0200000000000013,-0.199600798403207,0.1002,0.02004,0.12024,-0.1402400000000013,-1.3996007984032066,False,False,-0.013996007984032067,-1.3996007984032066,61,363,212.0
Will Kamala Harris win the 2028 Democratic presidential nomination?,38171024903091354977195167437673496224420673639143973968032407064172828043588,26930844951471612827925270830087046333229637930899178134435055616497220846773,10,fully_filled,0.8999999999999999,9.12,10.02,0.09,0.912,-0.0200000000000013,-0.199600798403207,0.1002,0.02004,0.12024,-0.1402400000000013,-1.3996007984032066,False,False,-0.013996007984032067,-1.3996007984032066,61,363,212.0
Will Ivanka Trump win the 2028 US Presidential Election?,40932864651005132434669457369564353816786330205469778285035893634458129671101,56215025902031889702122383201324191240581604266667334383154318117703136383150,10,fully_filled,0.06,9.96,10.02,0.006,0.996,-0.0200000000000013,-0.199600798403207,0.1002,0.02004,0.12024,-0.1402400000000013,-1.3996007984032066,False,False,-0.013996007984032067,-1.3996007984032066,61,363,212.0
Will Jon Stewart win the 2028 Democratic presidential nomination?,58343456405874365460518182619380252930558598368174305791768670198253267891911,84566561349071752664514432513198569980219178901068420341175150225620958953893,10,fully_filled,0.05,9.97,10.02,0.005,0.997,-0.0200000000000013,-0.199600798403207,0.1002,0.02004,0.12024,-0.1402400000000013,-1.3996007984032066,False,False,-0.013996007984032067,-1.3996007984032066,61,363,212.0
Will Andy Beshear win the 2028 Democratic presidential nomination?,26468656392978559668331516709623917078428425933265692717836103090220693717685,26335362363448644358593284423242327477307616743233875606762153873424287882825,50,fully_filled,1.31648,48.75,50.06648,0.0263295999999999,0.975,-0.0664799999999985,-0.1327834511233834,0.5006648,0.10013296,0.6007977600000001,-0.6672777599999986,-1.3327834511233836,False,False,-0.013327834511233837,-1.3327834511233836,124,306,215.0
Will Thomas Massie win the 2028 US Presidential Election?,89071282556584199015490241074221756662667488270789034763702585258138302536112,18620821165547265880582330532076859546462061138941862890257010665389427790094,50,fully_filled,0.5499999999999999,49.53386,50.083859999999994,0.011,0.9906772,-0.0838599999999942,-0.1674391710223499,0.5008385999999999,0.1001677199999999,0.6010063199999999,-0.684866319999994,-1.3674391710223497,False,False,-0.013674391710223496,-1.3674391710223497,125,317,221.0
Will Jon Ossoff win the 2028 Democratic presidential nomination?,70071592420137476676935286377781779672157004436137616627487590484756055232944,107829893465244243112531790315844862173967342141753896250561816305880797209350,1000,fully_filled,172.0,829.0,1001.0,0.172,0.829,-1.0,-0.0999000999000999,10.01,2.002,12.012,-13.012,-1.2999000999001,False,False,-0.012999000999001,-1.2999000999001,346,101,223.5
Will Gavin Newsom win the 2028 Democratic presidential nomination?,54533043819946592547517511176940999955633860128497669742211153063842200957669,87854174148074652060467921081181402357467303721471806610111179101805869578687,1000,fully_filled,156.0,845.0,1001.0,0.156,0.845,-1.0,-0.0999000999000999,10.01,2.002,12.012,-13.012,-1.2999000999001,False,False,-0.012999000999001,-1.2999000999001,346,101,223.5
Will Dwayne 'The Rock' Johnson win the 2028 US Presidential Election?,76252402837334795047528042167618984089231134882494719641438604550246396692717,82779978600617806806814031291287454099780828258739355925042203335968508676880,1000,fully_filled,15.0,986.0,1001.0,0.015,0.986,-1.0,-0.0999000999000999,10.01,2.002,12.012,-13.012,-1.2999000999001,False,False,-0.012999000999001,-1.2999000999001,346,101,223.5
Will Tucker Carlson win the 2028 US Presidential Election?,45015916581148592087728250896178171120552786117190685135618507471166113474733,5353194854864999214467212176625447374807704051407621946584152368216621932371,1000,fully_filled,16.0,985.0,1001.0,0.016,0.985,-1.0,-0.0999000999000999,10.01,2.002,12.012,-13.012,-1.2999000999001,False,False,-0.012999000999001,-1.2999000999001,346,101,223.5
Xi Jinping out before 2027?,32338220190071351435772801779725302244575775216413325951443816017994629993401,25659310674993675562345759665114759892400026242514633218387667107987341231962,1000,fully_filled,39.0,962.0,1001.0,0.039,0.962,-1.0,-0.0999000999000999,10.01,2.002,12.012,-13.012,-1.2999000999001,False,False,-0.012999000999001,-1.2999000999001,346,101,223.5
Will Jamie Dimon win the 2028 US Presidential Election?,23692929455124171734375794579007643086071570310019729232490607671061438183936,30050897091642315762983745166096629857367320723415212749446858994810226049012,1000,fully_filled,5.0,996.0,1001.0,0.005,0.996,-1.0,-0.0999000999000999,10.01,2.002,12.012,-13.012,-1.2999000999001,False,False,-0.012999000999001,-1.2999000999001,346,101,223.5
Will Jon Ossoff win the 2028 US Presidential Election?,110102705199530588976777616718115948005824665233400132417374621750887344831757,98394838816403247684221016468696784125095120854407803889228262583112436699261,1000,fully_filled,116.0,885.0,1001.0,0.116,0.885,-1.0,-0.0999000999000999,10.01,2.002,12.012,-13.012,-1.2999000999001,False,False,-0.012999000999001,-1.2999000999001,346,101,223.5
Will Stephen A. Smith win the 2028 Democratic presidential nomination?,60590045489347122735554346200880179420435533609307820342798544098823516727807,76005700027045000587004110133818166617024719626220722682005164003117993034812,1000,fully_filled,2.0,999.0,1001.0,0.002,0.999,-1.0,-0.0999000999000999,10.01,2.002,12.012,-13.012,-1.2999000999001,False,False,-0.012999000999001,-1.2999000999001,346,101,223.5
Will Mark Cuban win the 2028 Democratic presidential nomination?,58378309871183461257693288827678410871907006920578755035402846056315798427503,55392527126713018429304496836617506663024188480522297953714346140749923557790,1000,fully_filled,4.0,997.0,1001.0,0.004,0.997,-1.0,-0.0999000999000999,10.01,2.002,12.012,-13.012,-1.2999000999001,False,False,-0.012999000999001,-1.2999000999001,346,101,223.5
Will Michelle Obama win the 2028 US Presidential Election?,88521269813605705303364598280494261510300497312149869577251450871617962933121,1970496541508335019913900195809032484597886384784144327835472760880523550630,1000,fully_filled,2.0,999.0,1001.0,0.002,0.999,-1.0,-0.0999000999000999,10.01,2.002,12.012,-13.012,-1.2999000999001,False,False,-0.012999000999001,-1.2999000999001,346,101,223.5
Will Tulsi Gabbard win the 2028 US Presidential Election?,97633418272282627828834872960145259034624388719803091466146359304286851612172,17854429586516792397214557963923647011517685971868312042416963526864862523185,1000,fully_filled,2.0,999.0,1001.0,0.002,0.999,-1.0,-0.0999000999000999,10.01,2.002,12.012,-13.012,-1.2999000999001,False,False,-0.012999000999001,-1.2999000999001,346,101,223.5
Will Elon Musk win the 2028 US Presidential Election?,26641906520532802078452346454133721131611596169940893262820937050881742190686,59064132013843281708610372809406242099497812053529304284160897825180883604145,1000,fully_filled,2.0,999.0,1001.0,0.002,0.999,-1.0,-0.0999000999000999,10.01,2.002,12.012,-13.012,-1.2999000999001,False,False,-0.012999000999001,-1.2999000999001,346,101,223.5
Will Alexandria Ocasio-Cortez win the 2028 US Presidential Election?,8113830512143065501177519557124858581375945005490796772950589720955457782465,11493926619286817179231142642565394485790380952577225820901334479399429951651,1000,fully_filled,131.0,870.0,1001.0,0.131,0.87,-1.0,-0.0999000999000999,10.01,2.002,12.012,-13.012,-1.2999000999001,False,False,-0.012999000999001,-1.2999000999001,346,101,223.5
Will Andy Beshear win the 2028 US Presidential Election?,50507496430692162923857760920722624157737138256097150616293040054748564876552,53112547591746110422238703365888013497196468199611167129486770819598374380742,1000,fully_filled,11.0,990.0,1001.0,0.011,0.99,-1.0,-0.0999000999000999,10.01,2.002,12.012,-13.012,-1.2999000999001,False,False,-0.012999000999001,-1.2999000999001,346,101,223.5
Will Barack Obama win the 2028 Democratic presidential nomination?,88927218779847397120407909832537568114340511586397698395193736044476021744522,93993883668914241189795812807312922412111034935516092303580333564217329905759,1000,fully_filled,2.0,999.0,1001.0,0.002,0.999,-1.0,-0.0999000999000999,10.01,2.002,12.012,-13.012,-1.2999000999001,False,False,-0.012999000999001,-1.2999000999001,346,101,223.5
Will Gretchen Whitmer win the 2028 US Presidential Election?,4999047257294547885970323631312419427544062131054733229841947946130772277335,102084577517225131375286042838758381959278092930102485541091152099183604495224,1000,fully_filled,4.0,997.0,1001.0,0.004,0.997,-1.0,-0.0999000999000999,10.01,2.002,12.012,-13.012,-1.2999000999001,False,False,-0.012999000999001,-1.2999000999001,346,101,223.5
Will Wes Moore win the 2028 US Presidential Election?,35272507273162958827997790327967872292415567859334925862043618606081750011897,374661216370333715221919731169956915917040066803205972387948453758235235593,1000,fully_filled,9.0,992.0,1001.0,0.009,0.992,-1.0,-0.0999000999000999,10.01,2.002,12.012,-13.012,-1.2999000999001,False,False,-0.012999000999001,-1.2999000999001,346,101,223.5
Will Phil Murphy win the 2028 Democratic presidential nomination?,81633484456710374417231462107666791993850637546563366185897100962157481970040,114507466536734360808195115190160357255467689128176113085692265197019898971527,1000,fully_filled,2.0,999.0,1001.0,0.002,0.999,-1.0,-0.0999000999000999,10.01,2.002,12.012,-13.012,-1.2999000999001,False,False,-0.012999000999001,-1.2999000999001,346,101,223.5
Will Josh Shapiro win the 2028 US Presidential Election?,1420113190297259908358916251277696183671602680024474979931472444792502392139,9195312844128905514645503106857912558078141569888031031723687687489317147622,1000,fully_filled,31.0,970.0,1001.0,0.031,0.97,-1.0,-0.0999000999000999,10.01,2.002,12.012,-13.012,-1.2999000999001,False,False,-0.012999000999001,-1.2999000999001,346,101,223.5
Will Pete Buttigieg win the 2028 US Presidential Election?,35629456194498013232473191985311930903993567273832459837879398120893197410860,26087406687932108531005204502244492184534000122992461059156880611150953145122,1000,fully_filled,27.0,974.0,1001.0,0.027,0.974,-1.0,-0.0999000999000999,10.01,2.002,12.012,-13.012,-1.2999000999001,False,False,-0.012999000999001,-1.2999000999001,346,101,223.5
Will Andrew Yang win the 2028 Democratic presidential nomination?,102504892414163237174864879683522880588750452841477290216845150938663289742135,21234886083000978203440582985665409733123024063268807484684316771005736994028,1000,fully_filled,2.0,999.0,1001.0,0.002,0.999,-1.0,-0.0999000999000999,10.01,2.002,12.012,-13.012,-1.2999000999001,False,False,-0.012999000999001,-1.2999000999001,346,101,223.5
Will Chris Murphy win the 2028 Democratic presidential nomination?,8815924480259634499011776432080696931704057619336093802050596292915996723758,45099054006923138281311463758770234951153596952213440096254242321807308634603,1000,fully_filled,5.0,996.0,1001.0,0.005,0.996,-1.0,-0.0999000999000999,10.01,2.002,12.012,-13.012,-1.2999000999001,False,False,-0.012999000999001,-1.2999000999001,346,101,223.5
Will Jared Polis win the 2028 Democratic presidential nomination?,42119164854283656238382173699154739480090965550328051492328192273011556335098,39150381508679235943386404690610035044747196600759141560840372170757042543675,1000,fully_filled,2.0,999.0,1001.0,0.002,0.999,-1.0,-0.0999000999000999,10.01,2.002,12.012,-13.012,-1.2999000999001,False,False,-0.012999000999001,-1.2999000999001,346,101,223.5
Will Gavin Newsom win the 2028 US Presidential Election?,98250445447699368679516529207365255018790721464590833209064266254238063117329,18823838997443878656879952590502524526556504037944392973476854588563571859850,1000,fully_filled,83.0,918.0,1001.0,0.083,0.918,-1.0,-0.0999000999000999,10.01,2.002,12.012,-13.012,-1.2999000999001,False,False,-0.012999000999001,-1.2999000999001,346,101,223.5
Will Jasmine Crockett win the 2028 Democratic presidential nomination?,22103094389913052942362639589409218272323168761614999702665821259175535456835,10893367019711826592833821276710094799225035200719824531380610476790390190688,1000,fully_filled,2.0,999.0,1001.0,0.002,0.999,-1.0,-0.0999000999000999,10.01,2.002,12.012,-13.012,-1.2999000999001,False,False,-0.012999000999001,-1.2999000999001,346,101,223.5
Will Ruben Gallego win the 2028 Democratic presidential nomination?,94658518227479141344875476648819337938746150529318297759951212169676959854478,89549550119611798541187132573193884477265258658615163602217456913355320927577,1000,fully_filled,2.0,999.0,1001.0,0.002,0.999,-1.0,-0.0999000999000999,10.01,2.002,12.012,-13.012,-1.2999000999001,False,False,-0.012999000999001,-1.2999000999001,346,101,223.5
Will JD Vance win the 2028 US Presidential Election?,16040015440196279900485035793550429453516625694844857319147506590755961451627,94476829201604408463453426454480212459887267917122244941405244686637914508323,1000,fully_filled,208.0,793.0,1001.0,0.208,0.793,-1.0,-0.0999000999000999,10.01,2.002,12.012,-13.012,-1.2999000999001,False,False,-0.012999000999001,-1.2999000999001,346,101,223.5
Will Ro Khanna win the 2028 Democratic presidential nomination?,20374050108659687356429749447884880983779889840007423115803042125707701269498,2610336024939503976910443133965525155112118948066646227040491461288298872236,1000,fully_filled,14.0,987.0,1001.0,0.014,0.987,-1.0,-0.0999000999000999,10.01,2.002,12.012,-13.012,-1.2999000999001,False,False,-0.012999000999001,-1.2999000999001,346,101,223.5
Will Josh Stein win the 2028 Democratic presidential nomination?,88892629978057552473594496509394432528313837466696628191322608851106929962536,86408082986810982428934766746057237103501895775284376283076301431054177694153,1000,fully_filled,2.0,999.0,1001.0,0.002,0.999,-1.0,-0.0999000999000999,10.01,2.002,12.012,-13.012,-1.2999000999001,False,False,-0.012999000999001,-1.2999000999001,346,101,223.5
Will Abigail Spanberger win the 2028 Democratic presidential nomination?,67834126955354466786049932246962827069514258320708123726234642047236874537300,85842730802801029317331291122638780955014362480310249655739704629273608465884,1000,fully_filled,2.0,999.0,1001.0,0.002,0.999,-1.0,-0.0999000999000999,10.01,2.002,12.012,-13.012,-1.2999000999001,False,False,-0.012999000999001,-1.2999000999001,346,101,223.5
Will Hakeem Jeffries win the 2028 Democratic presidential nomination?,23940655822937666554179928631365405234554137716172612284986318717257054413669,74558297484750387958365610940184220316219182006445006209048673137036909262424,1000,fully_filled,2.0,999.0,1001.0,0.002,0.999,-1.0,-0.0999000999000999,10.01,2.002,12.012,-13.012,-1.2999000999001,False,False,-0.012999000999001,-1.2999000999001,346,101,223.5
Will Glenn Youngkin win the 2028 US Presidential Election?,631059815958854406224163480574507434200946764542129005247984171366597476420,100418331065194201410948024347944500798513421135064468615649525110872253639397,1000,fully_filled,2.0,999.0,1001.0,0.002,0.999,-1.0,-0.0999000999000999,10.01,2.002,12.012,-13.012,-1.2999000999001,False,False,-0.012999000999001,-1.2999000999001,346,101,223.5
Will Bernie Sanders win the 2028 Democratic presidential nomination?,113510300123120868861281132282742729065975487298059944817273881893086209196585,3444964147133304300560138317203877470064591148213906708394693248804691192318,1000,fully_filled,5.0,996.0,1001.0,0.005,0.996,-1.0,-0.0999000999000999,10.01,2.002,12.012,-13.012,-1.2999000999001,False,False,-0.012999000999001,-1.2999000999001,346,101,223.5
Will Roy Cooper win the 2028 Democratic presidential nomination?,30732552320006664177902085971957467957450485111214036633872573588757974348601,55053374667733007627913689484290555932799177921000957543346276204775142445823,1000,fully_filled,2.0,999.0,1001.0,0.002,0.999,-1.0,-0.0999000999000999,10.01,2.002,12.012,-13.012,-1.2999000999001,False,False,-0.012999000999001,-1.2999000999001,346,101,223.5
Will JB Pritzker win the 2028 US Presidential Election?,70948731404464821824516595498024506131170394300814446118501620719416471444076,111825297267676135304812085666512747626812691749338692567733264184356420470119,1000,fully_filled,5.0,996.0,1001.0,0.005,0.996,-1.0,-0.0999000999000999,10.01,2.002,12.012,-13.012,-1.2999000999001,False,False,-0.012999000999001,-1.2999000999001,346,101,223.5
Will Raphael Warnock win the 2028 Democratic presidential nomination?,52310257194926233099477326083312959938983447523839326865869372741334281264830,88403451835230950222119400360490338078378790763472355557584611572247419676051,1000,fully_filled,6.0,995.0,1001.0,0.006,0.995,-1.0,-0.0999000999000999,10.01,2.002,12.012,-13.012,-1.2999000999001,False,False,-0.012999000999001,-1.2999000999001,346,101,223.5
Will Donald Trump Jr. win the 2028 US Presidential Election?,77660944053451874285291959901958937238149180369572698706675030657716494119346,52761630651452310319295064365704431564140478140269624735570317771849185169635,1000,fully_filled,5.0,996.0,1001.0,0.005,0.996,-1.0,-0.0999000999000999,10.01,2.002,12.012,-13.012,-1.2999000999001,False,False,-0.012999000999001,-1.2999000999001,346,101,223.5
Will Michelle Obama win the 2028 Democratic presidential nomination?,83723134981785004242996949681785273460678873813693556756054904164484296299719,107146110974011455665373243296921398136854344089489911087344946921091914123046,1000,fully_filled,3.0,998.0,1001.0,0.003,0.998,-1.0,-0.0999000999000999,10.01,2.002,12.012,-13.012,-1.2999000999001,False,False,-0.012999000999001,-1.2999000999001,346,101,223.5
Will Rahm Emanuel win the 2028 Democratic presidential nomination?,10521981432803570450946212503203364998108630328528216082760514453664705157397,91949042216127305292438280992722171735754548787382833799906976841509942727662,1000,fully_filled,19.0,982.0,1001.0,0.019,0.982,-1.0,-0.0999000999000999,10.01,2.002,12.012,-13.012,-1.2999000999001,False,False,-0.012999000999001,-1.2999000999001,346,101,223.5
Will Elissa Slotkin win the 2028 Democratic presidential nomination?,48455736546094517370011063312529885328905072240106316551156607253162886762655,21910945789202551310737182019481519202352824012676720876277298283641159588352,1000,fully_filled,2.0,999.0,1001.0,0.002,0.999,-1.0,-0.0999000999000999,10.01,2.002,12.012,-13.012,-1.2999000999001,False,False,-0.012999000999001,-1.2999000999001,346,101,223.5
Will Gina Raimondo win the 2028 Democratic presidential nomination?,35165603539035270209469650915267170915291414186795231160733227083640059691764,82254794773423437491598574581796732934760602553828664932786984448280136473130,1000,fully_filled,2.0,999.0,1001.0,0.002,0.999,-1.0,-0.0999000999000999,10.01,2.002,12.012,-13.012,-1.2999000999001,False,False,-0.012999000999001,-1.2999000999001,346,101,223.5
Will Elissa Slotkin win the 2028 US Presidential Election?,48603794625473459817558518297806850992009615470611080215039575427157653927669,52728319505612554616109154570709065358779880697251731838206843628919066236833,1000,fully_filled,2.0,999.0,1001.0,0.002,0.999,-1.0,-0.0999000999000999,10.01,2.002,12.012,-13.012,-1.2999000999001,False,False,-0.012999000999001,-1.2999000999001,346,101,223.5
Will Zohran Mamdani win the 2028 Democratic presidential nomination?,19323997520040734631220675039559156784534982703459512097490198935565229528445,111309365336519526711604102518316708823622751854213281307404397618571408959194,1000,fully_filled,2.0,999.0,1001.0,0.002,0.999,-1.0,-0.0999000999000999,10.01,2.002,12.012,-13.012,-1.2999000999001,False,False,-0.012999000999001,-1.2999000999001,346,101,223.5
Will Pete Buttigieg win the 2028 Democratic presidential nomination?,91031279171981959197361710127213577102576826515163085396576756946418341946256,18494065527924073750217237765784380365430319396356251245973222791140100738948,10,fully_filled,0.55,9.48,10.03,0.055,0.948,-0.0300000000000011,-0.2991026919242386,0.1003,0.0200599999999999,0.12036,-0.1503600000000011,-1.4991026919242385,False,False,-0.014991026919242385,-1.4991026919242385,65,384,224.5
Will Ron DeSantis win the 2028 US Presidential Election?,104480514270625615787868282411330496385404675495672110015326625654626015018993,65724430065358897810064400118831287249960059855415477063660293398018349529272,10,fully_filled,0.2,9.84,10.04,0.02,0.984,-0.0399999999999991,-0.3984063745019836,0.1003999999999999,0.0200799999999999,0.1204799999999999,-0.1604799999999991,-1.598406374501983,False,False,-0.01598406374501983,-1.598406374501983,66,388,227.0
Will Chelsea Clinton win the 2028 Democratic presidential nomination?,46211769122513729244602558513001215391004042100934296321661285791281233261657,76057920052421891902791411567177996435483774677774664174053982044923692373687,50,fully_filled,0.399,49.7,50.099,0.00798,0.994,-0.0990000000000037,-0.197608734705291,0.5009899999999999,0.100198,0.601188,-0.7001880000000036,-1.3976087347052908,False,False,-0.013976087347052907,-1.3976087347052908,126,328,227.0
Will Ro Khanna win the 2028 US Presidential Election?,45264462342307496826883801236629887275526404999716050689931105511159370296978,21034003091803474219272633665814818485285721473911024023600356649009960505229,50,fully_filled,0.5499999999999999,49.55,50.099999999999994,0.011,0.991,-0.0999999999999943,-0.1996007984031823,0.501,0.1002,0.6012,-0.7011999999999943,-1.3996007984031822,False,False,-0.013996007984031823,-1.3996007984031822,127,331,229.0
Will Ivanka Trump win the 2028 US Presidential Election?,40932864651005132434669457369564353816786330205469778285035893634458129671101,56215025902031889702122383201324191240581604266667334383154318117703136383150,50,fully_filled,0.3,49.8,50.099999999999994,0.006,0.996,-0.0999999999999943,-0.1996007984031823,0.501,0.1002,0.6012,-0.7011999999999943,-1.3996007984031822,False,False,-0.013996007984031823,-1.3996007984031822,127,331,229.0
Will Donald Trump win the 2028 US Presidential Election?,11807691644868166983390207408868795383945915035851758101409310535538572683733,72656506786460378316387284276713856836841708169262528054985577978493419440428,10,fully_filled,0.14,9.9,10.04,0.014,0.99,-0.0400000000000009,-0.3984063745020012,0.1003999999999999,0.0200799999999999,0.1204799999999999,-0.1604800000000009,-1.5984063745020012,False,False,-0.01598406374502001,-1.5984063745020012,67,393,230.0
Will Alexandria Ocasio-Cortez win the 2028 Democratic presidential nomination?,107064985435494333113391038470401719113272800530429703182710416066774068907304,65176072261324737856085688071627118509549293922582857186996392180609764586527,10,fully_filled,1.88,8.19,10.07,0.188,0.819,-0.0700000000000002,-0.6951340615690197,0.1007,0.02014,0.12084,-0.1908400000000002,-1.895134061569019,False,False,-0.018951340615690187,-1.895134061569019,68,403,235.5
"Putin out as President of Russia by December 31, 2026?",350977769852917329387037893294763093471844346281449484439085576212613048126,87073899845581463485186346288398658568334162612963837182986759797304993556208,10,fully_filled,0.5,9.6,10.1,0.05,0.96,-0.0999999999999996,-0.9900990099009866,0.1009999999999999,0.0202,0.1211999999999999,-0.2211999999999996,-2.1900990099009863,False,False,-0.02190099009900986,-2.1900990099009863,69,408,238.5
Will Kamala Harris win the 2028 Democratic presidential nomination?,38171024903091354977195167437673496224420673639143973968032407064172828043588,26930844951471612827925270830087046333229637930899178134435055616497220846773,50,fully_filled,4.5,45.6,50.1,0.09,0.912,-0.1000000000000014,-0.1996007984031964,0.501,0.1002,0.6012,-0.7012000000000014,-1.3996007984031964,False,False,-0.013996007984031963,-1.3996007984031964,129,353,241.0
Will Hillary Clinton win the 2028 Democratic presidential nomination?,6349038249650226718426900942104344803413105653564595362433352811865798195800,57931882677606943294773135604094039468334392354204920135953322654005083822055,50,fully_filled,0.2,49.9,50.1,0.004,0.998,-0.1000000000000014,-0.1996007984031964,0.501,0.1002,0.6012,-0.7012000000000014,-1.3996007984031964,False,False,-0.013996007984031963,-1.3996007984031964,129,353,241.0
Will Josh Shapiro win the 2028 Democratic presidential nomination?,71169839497420596285841847514123589847893415750912355173877524195175834054354,55290827599553280245963175724940496753557722439999671239772487781170052583987,50,fully_filled,2.9499999999999997,47.15,50.1,0.059,0.943,-0.1000000000000014,-0.1996007984031964,0.501,0.1002,0.6012,-0.7012000000000014,-1.3996007984031964,False,False,-0.013996007984031963,-1.3996007984031964,129,353,241.0
Will Jon Stewart win the 2028 Democratic presidential nomination?,58343456405874365460518182619380252930558598368174305791768670198253267891911,84566561349071752664514432513198569980219178901068420341175150225620958953893,50,fully_filled,0.25,49.85,50.1,0.005,0.997,-0.1000000000000014,-0.1996007984031964,0.501,0.1002,0.6012,-0.7012000000000014,-1.3996007984031964,False,False,-0.013996007984031963,-1.3996007984031964,129,353,241.0
Will Greg Abbott win the 2028 US Presidential Election?,58585097107933138034126275600204468509993701936571284309823871593297754181479,104431860535489654020481219089291817898241901940037260095979653681449084465327,50,fully_filled,0.25,49.85,50.1,0.005,0.997,-0.1000000000000014,-0.1996007984031964,0.501,0.1002,0.6012,-0.7012000000000014,-1.3996007984031964,False,False,-0.013996007984031963,-1.3996007984031964,129,353,241.0
Will Hunter Biden win the 2028 Democratic presidential nomination?,11343337042526652606304508556838778144915122118685013460142819817079620240439,19117858613830240204442128472263675815111662346578092643025820800380629933012,100,fully_filled,0.5327500000000001,99.6,100.13275,0.0053275,0.996,-0.1327499999999872,-0.1325740080043615,1.0013275,0.2002655,1.201593,-1.3343429999999872,-1.332574008004361,False,False,-0.013325740080043613,-1.332574008004361,191,305,248.0
Will Andy Beshear win the 2028 Democratic presidential nomination?,26468656392978559668331516709623917078428425933265692717836103090220693717685,26335362363448644358593284423242327477307616743233875606762153873424287882825,100,fully_filled,2.66648,97.5,100.16648,0.0266648,0.975,-0.166480000000007,-0.1662033047382787,1.0016648,0.20033296,1.2019977600000002,-1.368477760000007,-1.366203304738279,False,False,-0.013662033047382787,-1.366203304738279,192,316,254.0
Will Thomas Massie win the 2028 US Presidential Election?,89071282556584199015490241074221756662667488270789034763702585258138302536112,18620821165547265880582330532076859546462061138941862890257010665389427790094,100,fully_filled,1.1,99.08386,100.18386,0.011,0.9908386,-0.1838599999999957,-0.1835225753928783,1.0018386,0.20036772,1.20220632,-1.3860663199999956,-1.3835225753928784,False,False,-0.013835225753928784,-1.3835225753928784,193,321,257.0
Will Pete Buttigieg win the 2028 Democratic presidential nomination?,91031279171981959197361710127213577102576826515163085396576756946418341946256,18494065527924073750217237765784380365430319396356251245973222791140100738948,50,fully_filled,2.75,47.4,50.15,0.055,0.948,-0.1499999999999985,-0.2991026919242244,0.5015,0.1003,0.6017999999999999,-0.7517999999999984,-1.499102691924224,False,False,-0.01499102691924224,-1.499102691924224,134,381,257.5
Will Chelsea Clinton win the 2028 Democratic presidential nomination?,46211769122513729244602558513001215391004042100934296321661285791281233261657,76057920052421891902791411567177996435483774677774664174053982044923692373687,100,fully_filled,0.799,99.4,100.199,0.00799,0.994,-0.1990000000000122,-0.1986047764947876,1.00199,0.200398,1.202388,-1.4013880000000123,-1.3986047764947878,False,False,-0.013986047764947877,-1.3986047764947878,194,329,261.5
Will Ron DeSantis win the 2028 US Presidential Election?,104480514270625615787868282411330496385404675495672110015326625654626015018993,65724430065358897810064400118831287249960059855415477063660293398018349529272,50,fully_filled,1.0,49.2,50.2,0.02,0.984,-0.2000000000000028,-0.3984063745019977,0.502,0.1004,0.6024,-0.8024000000000029,-1.5984063745019976,False,False,-0.015984063745019976,-1.5984063745019976,135,391,263.0
Will Ro Khanna win the 2028 US Presidential Election?,45264462342307496826883801236629887275526404999716050689931105511159370296978,21034003091803474219272633665814818485285721473911024023600356649009960505229,100,fully_filled,1.1,99.1,100.2,0.011,0.991,-0.1999999999999886,-0.1996007984031823,1.002,0.2004,1.2024,-1.4023999999999883,-1.3996007984031822,False,False,-0.013996007984031819,-1.3996007984031822,195,331,263.0
Will Ivanka Trump win the 2028 US Presidential Election?,40932864651005132434669457369564353816786330205469778285035893634458129671101,56215025902031889702122383201324191240581604266667334383154318117703136383150,100,fully_filled,0.6,99.6,100.2,0.006,0.996,-0.1999999999999886,-0.1996007984031823,1.002,0.2004,1.2024,-1.4023999999999883,-1.3996007984031822,False,False,-0.013996007984031819,-1.3996007984031822,195,331,263.0
Will Donald Trump win the 2028 US Presidential Election?,11807691644868166983390207408868795383945915035851758101409310535538572683733,72656506786460378316387284276713856836841708169262528054985577978493419440428,50,fully_filled,0.73,49.5,50.23,0.0146,0.99,-0.2299999999999968,-0.4578936890304537,0.5023,0.10046,0.60276,-0.8327599999999967,-1.6578936890304534,False,False,-0.016578936890304534,-1.6578936890304534,136,396,266.0
Will Alexandria Ocasio-Cortez win the 2028 Democratic presidential nomination?,107064985435494333113391038470401719113272800530429703182710416066774068907304,65176072261324737856085688071627118509549293922582857186996392180609764586527,50,fully_filled,9.44,40.95,50.39,0.1888,0.819,-0.3900000000000005,-0.7739630879142698,0.5039,0.10078,0.60468,-0.9946800000000005,-1.9739630879142696,False,False,-0.019739630879142697,-1.9739630879142696,137,404,270.5
"Putin out as President of Russia by December 31, 2026?",350977769852917329387037893294763093471844346281449484439085576212613048126,87073899845581463485186346288398658568334162612963837182986759797304993556208,50,fully_filled,2.5,48.0,50.5,0.05,0.96,-0.5,-0.99009900990099,0.505,0.101,0.606,-1.106,-2.19009900990099,False,False,-0.021900990099009903,-2.19009900990099,138,409,273.5
Will Josh Shapiro win the 2028 Democratic presidential nomination?,71169839497420596285841847514123589847893415750912355173877524195175834054354,55290827599553280245963175724940496753557722439999671239772487781170052583987,100,fully_filled,5.8999999999999995,94.3,100.2,0.059,0.943,-0.2000000000000028,-0.1996007984031964,1.002,0.2004,1.2024,-1.4024000000000028,-1.3996007984031964,False,False,-0.013996007984031963,-1.3996007984031964,197,353,275.0
Will Hillary Clinton win the 2028 Democratic presidential nomination?,6349038249650226718426900942104344803413105653564595362433352811865798195800,57931882677606943294773135604094039468334392354204920135953322654005083822055,100,fully_filled,0.4,99.8,100.2,0.004,0.998,-0.2000000000000028,-0.1996007984031964,1.002,0.2004,1.2024,-1.4024000000000028,-1.3996007984031964,False,False,-0.013996007984031963,-1.3996007984031964,197,353,275.0
Will Jon Stewart win the 2028 Democratic presidential nomination?,58343456405874365460518182619380252930558598368174305791768670198253267891911,84566561349071752664514432513198569980219178901068420341175150225620958953893,100,fully_filled,0.5,99.7,100.2,0.005,0.997,-0.2000000000000028,-0.1996007984031964,1.002,0.2004,1.2024,-1.4024000000000028,-1.3996007984031964,False,False,-0.013996007984031963,-1.3996007984031964,197,353,275.0
Will Kamala Harris win the 2028 Democratic presidential nomination?,38171024903091354977195167437673496224420673639143973968032407064172828043588,26930844951471612827925270830087046333229637930899178134435055616497220846773,100,fully_filled,9.0,91.2,100.2,0.09,0.912,-0.2000000000000028,-0.1996007984031964,1.002,0.2004,1.2024,-1.4024000000000028,-1.3996007984031964,False,False,-0.013996007984031963,-1.3996007984031964,197,353,275.0
Will Greg Abbott win the 2028 US Presidential Election?,58585097107933138034126275600204468509993701936571284309823871593297754181479,104431860535489654020481219089291817898241901940037260095979653681449084465327,100,fully_filled,0.5,99.7,100.2,0.005,0.997,-0.2000000000000028,-0.1996007984031964,1.002,0.2004,1.2024,-1.4024000000000028,-1.3996007984031964,False,False,-0.013996007984031963,-1.3996007984031964,197,353,275.0
Will James Talarico win the 2028 Democratic presidential nomination?,52535923606561722941567320365820395300598958985353103429657683100920373025261,20643805904661385280242837899001038341346631607217619709766724611396929658707,250,fully_filled,6.25,244.02193,250.27193,0.025,0.97608772,-0.2719299999999975,-0.1086538150722686,2.5027193,0.50054386,3.00326316,-3.2751931599999975,-1.3086538150722686,False,False,-0.013086538150722686,-1.3086538150722686,257,300,278.5
Will Gretchen Whitmer win the 2028 Democratic presidential nomination?,57761428076807364758801249497410455358987881775226117256631754592198558850468,64300336035644500626313522990854070672468621241744347587785777226296613235598,250,fully_filled,1.3464300000000002,249.0,250.34643,0.00538572,0.996,-0.346429999999998,-0.1383802437286595,2.5034643,0.50069286,3.00415716,-3.350587159999998,-1.3383802437286596,False,False,-0.013383802437286596,-1.3383802437286596,258,307,282.5
Will Mark Kelly win the 2028 Democratic presidential nomination?,92325249719485031139867422012514654102580961954747753469470405147070256604118,5116999494213083595175041146469973274436003044730013359502912125889113751080,250,fully_filled,7.75,242.59667,250.34667,0.031,0.97038668,-0.3466700000000173,-0.1384759781306527,2.5034667,0.50069334,3.0041600400000004,-3.3508300400000177,-1.338475978130653,False,False,-0.01338475978130653,-1.338475978130653,259,308,283.5
Will Dwayne 'The Rock' Johnson win the 2028 Democratic presidential nomination?,40963724357262746498642320898188195118391211877976821531149510360187173789737,14959910401705469574520698331840889689202579612030624016640567510369602599866,100,fully_filled,1.2,99.02,100.22,0.012,0.9902,-0.2199999999999988,-0.2195170624625811,1.0022,0.20044,1.20264,-1.4226399999999988,-1.419517062462581,False,False,-0.014195170624625811,-1.419517062462581,202,367,284.5
Will Hunter Biden win the 2028 Democratic presidential nomination?,11343337042526652606304508556838778144915122118685013460142819817079620240439,19117858613830240204442128472263675815111662346578092643025820800380629933012,250,fully_filled,1.43275,249.0,250.43275,0.005731,0.996,-0.4327499999999986,-0.172800881673822,2.5043275,0.5008655,3.005193,-3.437942999999999,-1.3728008816738222,False,False,-0.013728008816738222,-1.3728008816738222,260,319,289.5
Will Pete Buttigieg win the 2028 Democratic presidential nomination?,91031279171981959197361710127213577102576826515163085396576756946418341946256,18494065527924073750217237765784380365430319396356251245973222791140100738948,100,fully_filled,5.5,94.8,100.3,0.055,0.948,-0.2999999999999971,-0.2991026919242244,1.003,0.2006,1.2035999999999998,-1.503599999999997,-1.4991026919242243,False,False,-0.014991026919242242,-1.4991026919242243,203,382,292.5
Will Thomas Massie win the 2028 US Presidential Election?,89071282556584199015490241074221756662667488270789034763702585258138302536112,18620821165547265880582330532076859546462061138941862890257010665389427790094,250,fully_filled,2.75,247.73386,250.48386,0.011,0.99093544,-0.4838600000000213,-0.1931701308020489,2.5048386,0.50096772,3.0058063199999996,-3.489666320000021,-1.3931701308020488,False,False,-0.013931701308020489,-1.3931701308020488,261,327,294.0
Will Chelsea Clinton win the 2028 Democratic presidential nomination?,46211769122513729244602558513001215391004042100934296321661285791281233261657,76057920052421891902791411567177996435483774677774664174053982044923692373687,250,fully_filled,1.999,248.5,250.499,0.007996,0.994,-0.4989999999999952,-0.1992023920255151,2.50499,0.500998,3.005988,-3.504987999999995,-1.399202392025515,False,False,-0.01399202392025515,-1.399202392025515,262,330,296.0
Will Ron DeSantis win the 2028 US Presidential Election?,104480514270625615787868282411330496385404675495672110015326625654626015018993,65724430065358897810064400118831287249960059855415477063660293398018349529272,100,fully_filled,2.0,98.4,100.4,0.02,0.984,-0.4000000000000057,-0.3984063745019977,1.004,0.2008,1.2048,-1.6048000000000058,-1.5984063745019976,False,False,-0.015984063745019976,-1.5984063745019976,204,391,297.5
Will Ivanka Trump win the 2028 US Presidential Election?,40932864651005132434669457369564353816786330205469778285035893634458129671101,56215025902031889702122383201324191240581604266667334383154318117703136383150,250,fully_filled,1.5,249.0,250.5,0.006,0.996,-0.5,-0.1996007984031935,2.505,0.501,3.006,-3.506,-1.3996007984031935,False,False,-0.013996007984031935,-1.3996007984031935,263,338,300.5
Will Greg Abbott win the 2028 US Presidential Election?,58585097107933138034126275600204468509993701936571284309823871593297754181479,104431860535489654020481219089291817898241901940037260095979653681449084465327,250,fully_filled,1.25,249.25,250.5,0.005,0.997,-0.5,-0.1996007984031935,2.505,0.501,3.006,-3.506,-1.3996007984031935,False,False,-0.013996007984031935,-1.3996007984031935,263,338,300.5
Will Ro Khanna win the 2028 US Presidential Election?,45264462342307496826883801236629887275526404999716050689931105511159370296978,21034003091803474219272633665814818485285721473911024023600356649009960505229,250,fully_filled,2.75,247.75,250.5,0.011,0.991,-0.5,-0.1996007984031935,2.505,0.501,3.006,-3.506,-1.3996007984031935,False,False,-0.013996007984031935,-1.3996007984031935,263,338,300.5
Will Kamala Harris win the 2028 Democratic presidential nomination?,38171024903091354977195167437673496224420673639143973968032407064172828043588,26930844951471612827925270830087046333229637930899178134435055616497220846773,250,fully_filled,22.5,228.0,250.5,0.09,0.912,-0.5,-0.1996007984031935,2.505,0.501,3.006,-3.506,-1.3996007984031935,False,False,-0.013996007984031935,-1.3996007984031935,263,338,300.5
Will Jon Stewart win the 2028 Democratic presidential nomination?,58343456405874365460518182619380252930558598368174305791768670198253267891911,84566561349071752664514432513198569980219178901068420341175150225620958953893,250,fully_filled,1.25,249.25,250.5,0.005,0.997,-0.5,-0.1996007984031935,2.505,0.501,3.006,-3.506,-1.3996007984031935,False,False,-0.013996007984031935,-1.3996007984031935,263,338,300.5
Will Hillary Clinton win the 2028 Democratic presidential nomination?,6349038249650226718426900942104344803413105653564595362433352811865798195800,57931882677606943294773135604094039468334392354204920135953322654005083822055,250,fully_filled,1.0,249.5,250.5,0.004,0.998,-0.5,-0.1996007984031935,2.505,0.501,3.006,-3.506,-1.3996007984031935,False,False,-0.013996007984031935,-1.3996007984031935,263,338,300.5
Will Josh Shapiro win the 2028 Democratic presidential nomination?,71169839497420596285841847514123589847893415750912355173877524195175834054354,55290827599553280245963175724940496753557722439999671239772487781170052583987,250,fully_filled,14.75,235.75,250.5,0.059,0.943,-0.5,-0.1996007984031935,2.505,0.501,3.006,-3.506,-1.3996007984031935,False,False,-0.013996007984031935,-1.3996007984031935,263,338,300.5
Will Donald Trump win the 2028 US Presidential Election?,11807691644868166983390207408868795383945915035851758101409310535538572683733,72656506786460378316387284276713856836841708169262528054985577978493419440428,100,fully_filled,1.48,99.0,100.48,0.0148,0.99,-0.480000000000004,-0.4777070063694307,1.0048,0.20096,1.2057600000000002,-1.685760000000004,-1.6777070063694308,False,False,-0.016777070063694305,-1.6777070063694308,205,397,301.0
Will Alexandria Ocasio-Cortez win the 2028 Democratic presidential nomination?,107064985435494333113391038470401719113272800530429703182710416066774068907304,65176072261324737856085688071627118509549293922582857186996392180609764586527,100,fully_filled,18.89,81.89999999999999,100.79,0.1889,0.819,-0.789999999999992,-0.7838079174521204,1.0079,0.20158,1.20948,-1.999479999999992,-1.98380791745212,False,False,-0.0198380791745212,-1.98380791745212,206,405,305.5
"Putin out as President of Russia by December 31, 2026?",350977769852917329387037893294763093471844346281449484439085576212613048126,87073899845581463485186346288398658568334162612963837182986759797304993556208,100,fully_filled,5.0,96.0,101.0,0.05,0.96,-1.0,-0.99009900990099,1.01,0.202,1.212,-2.2119999999999997,-2.19009900990099,False,False,-0.0219009900990099,-2.19009900990099,207,409,308.0
Will James Talarico win the 2028 US Presidential Election?,92909595831677784305960426832337551335132297174712723670055008600724483830120,26699870693127605012594021642110712356790266877635966965879322906179628109191,500,fully_filled,4.0,496.55899,500.55899,0.008,0.99311798,-0.5589899999999943,-0.1116731516499173,5.0055899,1.00111798,6.00670788,-6.565697879999995,-1.3116731516499174,False,False,-0.013116731516499175,-1.3116731516499174,322,301,311.5
Will Wes Moore win the 2028 Democratic presidential nomination?,90227223115596293448966158151606153337847900483048338623540402385929720677904,105134691322323565615831879054043168027913414000042547943201361115853277749482,500,fully_filled,9.0,491.60544,500.60544,0.018,0.98321088,-0.6054400000000442,-0.1209415542907492,5.0060544,1.00121088,6.00726528,-6.6127052800000445,-1.3209415542907494,False,False,-0.013209415542907494,-1.3209415542907494,323,302,312.5
Will Marco Rubio win the 2028 US Presidential Election?,11171618905857319805355893398009978356002287408842633593535559412449299952250,65892530750232246342273648992064742042382898919201083513241874070914353628268,500,fully_filled,44.62984,456.0,500.62984,0.08925968,0.912,-0.6298400000000015,-0.1258095202635147,5.0062984,1.00125968,6.007558080000001,-6.637398080000002,-1.325809520263515,False,False,-0.01325809520263515,-1.325809520263515,324,303,313.5
Will J.B. Pritzker win the 2028 Democratic presidential nomination?,103988345069738240821107916249290759786442703283901164377120414690701074137717,108650988487983371520585351370999192979899647080710024226285750050382033453124,500,fully_filled,6.63758,494.0,500.63758,0.01327516,0.988,-0.637580000000014,-0.1273536037786084,5.0063758,1.00127516,6.007650959999999,-6.6452309600000135,-1.3273536037786084,False,False,-0.013273536037786084,-1.3273536037786084,325,304,314.5
Will James Talarico win the 2028 Democratic presidential nomination?,52535923606561722941567320365820395300598958985353103429657683100920373025261,20643805904661385280242837899001038341346631607217619709766724611396929658707,500,fully_filled,12.5,488.27193,500.77193,0.025,0.97654386,-0.7719299999999976,-0.1541480170424084,5.0077193,1.00154386,6.00926316,-6.781193159999997,-1.3541480170424085,False,False,-0.013541480170424084,-1.3541480170424085,326,311,318.5
Will Andy Beshear win the 2028 Democratic presidential nomination?,26468656392978559668331516709623917078428425933265692717836103090220693717685,26335362363448644358593284423242327477307616743233875606762153873424287882825,250,fully_filled,6.71648,243.83987,250.55635,0.0268659199999999,0.97535948,-0.5563499999999806,-0.2220458591450508,2.5055635,0.5011127000000001,3.0066762,-3.563026199999981,-1.4220458591450509,False,False,-0.014220458591450508,-1.4220458591450509,270,368,319.0
Will Gretchen Whitmer win the 2028 Democratic presidential nomination?,57761428076807364758801249497410455358987881775226117256631754592198558850468,64300336035644500626313522990854070672468621241744347587785777226296613235598,500,fully_filled,2.84643,498.0,500.84643,0.00569286,0.996,-0.846429999999998,-0.1689999068177441,5.0084643,1.00169286,6.01015716,-6.856587159999998,-1.3689999068177443,False,False,-0.013689999068177442,-1.3689999068177443,327,318,322.5
Will Mark Kelly win the 2028 Democratic presidential nomination?,92325249719485031139867422012514654102580961954747753469470405147070256604118,5116999494213083595175041146469973274436003044730013359502912125889113751080,500,fully_filled,15.5,485.42439,500.92439,0.031,0.97084878,-0.92438999999996,-0.1845368319957349,5.0092439,1.00184878,6.011092680000001,-6.935482679999961,-1.3845368319957352,False,False,-0.01384536831995735,-1.3845368319957352,328,323,325.5
Will Hunter Biden win the 2028 Democratic presidential nomination?,11343337042526652606304508556838778144915122118685013460142819817079620240439,19117858613830240204442128472263675815111662346578092643025820800380629933012,500,fully_filled,2.9327500000000004,498.0,500.93275,0.0058655,0.996,-0.9327499999999986,-0.1862026389769881,5.0093275,1.0018655,6.0111930000000005,-6.943942999999999,-1.386202638976988,False,False,-0.013862026389769883,-1.386202638976988,329,324,326.5
Will Pete Buttigieg win the 2028 Democratic presidential nomination?,91031279171981959197361710127213577102576826515163085396576756946418341946256,18494065527924073750217237765784380365430319396356251245973222791140100738948,250,fully_filled,13.75,237.0,250.75,0.055,0.948,-0.75,-0.2991026919242273,2.5075,0.5015000000000001,3.009,-3.759,-1.4991026919242274,False,False,-0.014991026919242274,-1.4991026919242274,271,383,327.0
Will Dwayne 'The Rock' Johnson win the 2028 Democratic presidential nomination?,40963724357262746498642320898188195118391211877976821531149510360187173789737,14959910401705469574520698331840889689202579612030624016640567510369602599866,250,fully_filled,3.0,247.92978,250.92978,0.012,0.99171912,-0.9297799999999938,-0.3705339398137574,2.5092978,0.50185956,3.0111573600000003,-3.940937359999994,-1.5705339398137577,False,False,-0.015705339398137577,-1.5705339398137577,272,387,329.5
Will Ron DeSantis win the 2028 US Presidential Election?,104480514270625615787868282411330496385404675495672110015326625654626015018993,65724430065358897810064400118831287249960059855415477063660293398018349529272,250,fully_filled,5.0,246.0,251.0,0.02,0.984,-1.0,-0.398406374501992,2.51,0.502,3.0120000000000005,-4.0120000000000005,-1.598406374501992,False,False,-0.01598406374501992,-1.598406374501992,273,389,331.0
Will Greg Abbott win the 2028 US Presidential Election?,58585097107933138034126275600204468509993701936571284309823871593297754181479,104431860535489654020481219089291817898241901940037260095979653681449084465327,500,fully_filled,2.5,498.5,501.0,0.005,0.997,-1.0,-0.1996007984031935,5.01,1.002,6.012,-7.012,-1.3996007984031935,False,False,-0.013996007984031935,-1.3996007984031935,330,338,334.0
Will Kamala Harris win the 2028 Democratic presidential nomination?,38171024903091354977195167437673496224420673639143973968032407064172828043588,26930844951471612827925270830087046333229637930899178134435055616497220846773,500,fully_filled,45.0,456.0,501.0,0.09,0.912,-1.0,-0.1996007984031935,5.01,1.002,6.012,-7.012,-1.3996007984031935,False,False,-0.013996007984031935,-1.3996007984031935,330,338,334.0
Will Jon Stewart win the 2028 Democratic presidential nomination?,58343456405874365460518182619380252930558598368174305791768670198253267891911,84566561349071752664514432513198569980219178901068420341175150225620958953893,500,fully_filled,2.5,498.5,501.0,0.005,0.997,-1.0,-0.1996007984031935,5.01,1.002,6.012,-7.012,-1.3996007984031935,False,False,-0.013996007984031935,-1.3996007984031935,330,338,334.0
Will Ivanka Trump win the 2028 US Presidential Election?,40932864651005132434669457369564353816786330205469778285035893634458129671101,56215025902031889702122383201324191240581604266667334383154318117703136383150,500,fully_filled,3.0,498.0,501.0,0.006,0.996,-1.0,-0.1996007984031935,5.01,1.002,6.012,-7.012,-1.3996007984031935,False,False,-0.013996007984031935,-1.3996007984031935,330,338,334.0
Will Donald Trump win the 2028 US Presidential Election?,11807691644868166983390207408868795383945915035851758101409310535538572683733,72656506786460378316387284276713856836841708169262528054985577978493419440428,250,fully_filled,3.729999999999999,247.5,251.23,0.0149199999999999,0.99,-1.2299999999999898,-0.4895912112406917,2.5123,0.50246,3.01476,-4.24475999999999,-1.6895912112406917,False,False,-0.016895912112406916,-1.6895912112406917,274,398,336.0
Will Alexandria Ocasio-Cortez win the 2028 Democratic presidential nomination?,107064985435494333113391038470401719113272800530429703182710416066774068907304,65176072261324737856085688071627118509549293922582857186996392180609764586527,250,fully_filled,47.28,204.75,252.03,0.18912,0.819,-2.030000000000001,-0.8054596674999013,2.5203,0.5040600000000001,3.02436,-5.054360000000001,-2.0054596674999012,False,False,-0.020054596674999012,-2.0054596674999012,275,406,340.5
"Putin out as President of Russia by December 31, 2026?",350977769852917329387037893294763093471844346281449484439085576212613048126,87073899845581463485186346288398658568334162612963837182986759797304993556208,250,fully_filled,12.5,240.0,252.5,0.05,0.96,-2.5,-0.99009900990099,2.525,0.505,3.03,-5.529999999999999,-2.19009900990099,False,False,-0.0219009900990099,-2.19009900990099,276,409,342.5
Will Cory Booker win the 2028 Democratic presidential nomination?,50887272939612765629559172143901565817521391945540156085421963433918821328137,29006371059590547574472177233842141554614007974283936149779962779213443973844,1000,fully_filled,6.41652,995.0,1001.41652,0.00641652,0.995,-1.4165199999999911,-0.141451630935746,10.0141652,2.00283304,12.01699824,-13.433518239999993,-1.341451630935746,False,False,-0.013414516309357461,-1.341451630935746,389,309,349.0
Will Kamala Harris win the 2028 US Presidential Election?,70663352401606372246362604193214664065595751757222752105245221905399175050480,4988819538339626436114997160558538168652916536529198363646261454228218983102,1000,fully_filled,47.0,954.43875,1001.43875,0.047,0.95443875,-1.4387500000000273,-0.1436682972373525,10.0143875,2.0028775000000003,12.017265,-13.456015000000027,-1.3436682972373524,False,False,-0.013436682972373524,-1.3436682972373524,390,310,350.0
Will Josh Shapiro win the 2028 Democratic presidential nomination?,71169839497420596285841847514123589847893415750912355173877524195175834054354,55290827599553280245963175724940496753557722439999671239772487781170052583987,500,fully_filled,29.5,471.66506,501.16506,0.059,0.94333012,-1.1650599999999829,-0.2324703162666573,5.0116506,1.00233012,6.01398072,-7.179040719999983,-1.4324703162666574,False,False,-0.014324703162666574,-1.4324703162666574,334,369,351.5
Will James Talarico win the 2028 US Presidential Election?,92909595831677784305960426832337551335132297174712723670055008600724483830120,26699870693127605012594021642110712356790266877635966965879322906179628109191,1000,fully_filled,8.0,993.55899,1001.55899,0.008,0.99355899,-1.5589899999999943,-0.1556563333328968,10.0155899,2.00311798,12.01870788,-13.577697879999995,-1.355656333332897,False,False,-0.01355656333332897,-1.355656333332897,391,312,351.5
Will Chelsea Clinton win the 2028 Democratic presidential nomination?,46211769122513729244602558513001215391004042100934296321661285791281233261657,76057920052421891902791411567177996435483774677774664174053982044923692373687,500,fully_filled,3.999,497.18374,501.18274,0.007998,0.99436748,-1.182740000000024,-0.2359897709166967,5.0118274000000005,1.00236548,6.01419288,-7.196932880000024,-1.4359897709166969,False,False,-0.014359897709166968,-1.4359897709166969,335,370,352.5
Will Wes Moore win the 2028 Democratic presidential nomination?,90227223115596293448966158151606153337847900483048338623540402385929720677904,105134691322323565615831879054043168027913414000042547943201361115853277749482,1000,fully_filled,18.0,983.60544,1001.60544,0.018,0.98360544,-1.6054400000000442,-0.1602866693695318,10.0160544,2.00321088,12.01926528,-13.624705280000043,-1.3602866693695317,False,False,-0.013602866693695316,-1.3602866693695317,392,313,352.5
Will Ro Khanna win the 2028 US Presidential Election?,45264462342307496826883801236629887275526404999716050689931105511159370296978,21034003091803474219272633665814818485285721473911024023600356649009960505229,500,fully_filled,5.5,495.68627,501.18627,0.011,0.99137254,-1.186269999999979,-0.2366924377237985,5.0118627,1.00237254,6.01423524,-7.200505239999979,-1.4366924377237986,False,False,-0.014366924377237985,-1.4366924377237986,336,371,353.5
Will Marco Rubio win the 2028 US Presidential Election?,11171618905857319805355893398009978356002287408842633593535559412449299952250,65892530750232246342273648992064742042382898919201083513241874070914353628268,1000,fully_filled,89.62984,912.0,1001.62984,0.08962984,0.912,-1.6298400000000584,-0.1627187944001407,10.0162984,2.00325968,12.01955808,-13.649398080000058,-1.3627187944001409,False,False,-0.013627187944001407,-1.3627187944001409,393,314,353.5
Will Thomas Massie win the 2028 US Presidential Election?,89071282556584199015490241074221756662667488270789034763702585258138302536112,18620821165547265880582330532076859546462061138941862890257010665389427790094,500,fully_filled,5.5,495.70906,501.20906,0.011,0.99141812,-1.2090599999999654,-0.2412286801040598,5.0120906000000005,1.00241812,6.01450872,-7.223568719999966,-1.44122868010406,False,False,-0.014412286801040598,-1.44122868010406,337,372,354.5
Will J.B. Pritzker win the 2028 Democratic presidential nomination?,103988345069738240821107916249290759786442703283901164377120414690701074137717,108650988487983371520585351370999192979899647080710024226285750050382033453124,1000,fully_filled,13.63758,988.0,1001.63758,0.01363758,0.988,-1.6375799999999572,-0.1634902716010273,10.0163758,2.00327516,12.01965096,-13.657230959999955,-1.363490271601027,False,False,-0.013634902716010271,-1.363490271601027,394,315,354.5
Will Hillary Clinton win the 2028 Democratic presidential nomination?,6349038249650226718426900942104344803413105653564595362433352811865798195800,57931882677606943294773135604094039468334392354204920135953322654005083822055,500,fully_filled,2.0,499.25,501.25,0.004,0.9985,-1.25,-0.2493765586034912,5.0125,1.0025,6.015000000000001,-7.265000000000001,-1.4493765586034917,False,False,-0.014493765586034914,-1.4493765586034917,338,374,356.0
Will Andy Beshear win the 2028 Democratic presidential nomination?,26468656392978559668331516709623917078428425933265692717836103090220693717685,26335362363448644358593284423242327477307616743233875606762153873424287882825,500,fully_filled,13.46648,487.83987,501.30635,0.02693296,0.97567974,-1.306350000000009,-0.2605891587050531,5.0130635,1.0026127,6.015676200000001,-7.32202620000001,-1.4605891587050532,False,False,-0.014605891587050533,-1.4605891587050532,339,375,357.0
Will James Talarico win the 2028 Democratic presidential nomination?,52535923606561722941567320365820395300598958985353103429657683100920373025261,20643805904661385280242837899001038341346631607217619709766724611396929658707,1000,fully_filled,25.0,976.77193,1001.77193,0.025,0.97677193,-1.7719299999999976,-0.176879581762687,10.0177193,2.00354386,12.02126316,-13.793193159999998,-1.3768795817626869,False,False,-0.01376879581762687,-1.3768795817626869,395,320,357.5
Will Gretchen Whitmer win the 2028 Democratic presidential nomination?,57761428076807364758801249497410455358987881775226117256631754592198558850468,64300336035644500626313522990854070672468621241744347587785777226296613235598,1000,fully_filled,5.846430000000001,996.0,1001.84643,0.00584643,0.996,-1.8464300000000549,-0.1843026979693938,10.018464300000002,2.00369286,12.022157160000004,-13.868587160000056,-1.384302697969394,False,False,-0.013843026979693938,-1.384302697969394,396,322,359.0
Will Hunter Biden win the 2028 Democratic presidential nomination?,11343337042526652606304508556838778144915122118685013460142819817079620240439,19117858613830240204442128472263675815111662346578092643025820800380629933012,1000,fully_filled,5.9327499999999995,996.0,1001.93275,0.00593275,0.996,-1.9327500000000557,-0.1929021683341577,10.0193275,2.0038655000000003,12.023193,-13.955943000000056,-1.3929021683341578,False,False,-0.013929021683341578,-1.3929021683341578,397,326,361.5
Will Pete Buttigieg win the 2028 Democratic presidential nomination?,91031279171981959197361710127213577102576826515163085396576756946418341946256,18494065527924073750217237765784380365430319396356251245973222791140100738948,500,fully_filled,27.5,474.13181999999995,501.63181999999995,0.055,0.94826364,-1.631819999999948,-0.3253023303027204,5.0163182,1.00326364,6.01958184,-7.651401839999948,-1.5253023303027204,False,False,-0.015253023303027205,-1.5253023303027204,340,385,362.5
Will Ron DeSantis win the 2028 US Presidential Election?,104480514270625615787868282411330496385404675495672110015326625654626015018993,65724430065358897810064400118831287249960059855415477063660293398018349529272,500,fully_filled,10.0,492.0,502.0,0.02,0.984,-2.0,-0.398406374501992,5.0200000000000005,1.004,6.024000000000001,-8.024000000000001,-1.598406374501992,False,False,-0.01598406374501992,-1.598406374501992,341,389,365.0
Will Ivanka Trump win the 2028 US Presidential Election?,40932864651005132434669457369564353816786330205469778285035893634458129671101,56215025902031889702122383201324191240581604266667334383154318117703136383150,1000,fully_filled,6.0,996.0,1002.0,0.006,0.996,-2.0,-0.1996007984031935,10.02,2.004,12.024,-14.024,-1.3996007984031935,False,False,-0.013996007984031935,-1.3996007984031935,398,338,368.0
Will Kamala Harris win the 2028 Democratic presidential nomination?,38171024903091354977195167437673496224420673639143973968032407064172828043588,26930844951471612827925270830087046333229637930899178134435055616497220846773,1000,fully_filled,90.0,912.0,1002.0,0.09,0.912,-2.0,-0.1996007984031935,10.02,2.004,12.024,-14.024,-1.3996007984031935,False,False,-0.013996007984031935,-1.3996007984031935,398,338,368.0
Will Greg Abbott win the 2028 US Presidential Election?,58585097107933138034126275600204468509993701936571284309823871593297754181479,104431860535489654020481219089291817898241901940037260095979653681449084465327,1000,fully_filled,5.0,997.0,1002.0,0.005,0.997,-2.0,-0.1996007984031935,10.02,2.004,12.024,-14.024,-1.3996007984031935,False,False,-0.013996007984031935,-1.3996007984031935,398,338,368.0
Will Jon Stewart win the 2028 Democratic presidential nomination?,58343456405874365460518182619380252930558598368174305791768670198253267891911,84566561349071752664514432513198569980219178901068420341175150225620958953893,1000,fully_filled,5.0,997.0,1002.0,0.005,0.997,-2.0,-0.1996007984031935,10.02,2.004,12.024,-14.024,-1.3996007984031935,False,False,-0.013996007984031935,-1.3996007984031935,398,338,368.0
Will Donald Trump win the 2028 US Presidential Election?,11807691644868166983390207408868795383945915035851758101409310535538572683733,72656506786460378316387284276713856836841708169262528054985577978493419440428,500,fully_filled,7.48,495.0,502.48,0.01496,0.99,-2.480000000000018,-0.4935519821684481,5.0248,1.00496,6.02976,-8.509760000000018,-1.6935519821684482,False,False,-0.01693551982168448,-1.6935519821684482,342,399,370.5
Will Dwayne 'The Rock' Johnson win the 2028 Democratic presidential nomination?,40963724357262746498642320898188195118391211877976821531149510360187173789737,14959910401705469574520698331840889689202579612030624016640567510369602599866,500,fully_filled,6.0,496.58361,502.58361,0.012,0.99316722,-2.5836100000000215,-0.5140657093851552,5.0258361,1.00516722,6.03100332,-8.614613320000021,-1.7140657093851552,False,False,-0.01714065709385155,-1.7140657093851552,343,401,372.0
Will Alexandria Ocasio-Cortez win the 2028 Democratic presidential nomination?,107064985435494333113391038470401719113272800530429703182710416066774068907304,65176072261324737856085688071627118509549293922582857186996392180609764586527,500,fully_filled,94.78,409.67712,504.45712,0.18956,0.81935424,-4.457120000000032,-0.8835478424806515,5.0445712,1.00891424,6.05348544,-10.510605440000033,-2.0835478424806517,False,False,-0.02083547842480652,-2.0835478424806517,344,407,375.5
"Putin out as President of Russia by December 31, 2026?",350977769852917329387037893294763093471844346281449484439085576212613048126,87073899845581463485186346288398658568334162612963837182986759797304993556208,500,fully_filled,25.0,480.0,505.0,0.05,0.96,-5.0,-0.99009900990099,5.05,1.01,6.06,-11.06,-2.19009900990099,False,False,-0.021900990099009903,-2.19009900990099,345,409,377.0
Will Mark Kelly win the 2028 Democratic presidential nomination?,92325249719485031139867422012514654102580961954747753469470405147070256604118,5116999494213083595175041146469973274436003044730013359502912125889113751080,1000,fully_filled,31.0,971.42439,1002.42439,0.031,0.97142439,-2.4243900000000167,-0.2418526548421289,10.0242439,2.00484878,12.02909268,-14.453482680000016,-1.4418526548421289,False,False,-0.014418526548421289,-1.4418526548421289,402,373,387.5
Will Chelsea Clinton win the 2028 Democratic presidential nomination?,46211769122513729244602558513001215391004042100934296321661285791281233261657,76057920052421891902791411567177996435483774677774664174053982044923692373687,1000,fully_filled,7.999,994.68374,1002.68274,0.007999,0.99468374,-2.682739999999967,-0.2675562162364505,10.0268274,2.00536548,12.03219288,-14.714932879999967,-1.4675562162364506,False,False,-0.014675562162364505,-1.4675562162364506,403,376,389.5
Will Ro Khanna win the 2028 US Presidential Election?,45264462342307496826883801236629887275526404999716050689931105511159370296978,21034003091803474219272633665814818485285721473911024023600356649009960505229,1000,fully_filled,11.0,991.68627,1002.68627,0.011,0.99168627,-2.686269999999922,-0.2679073285804464,10.0268627,2.00537254,12.03223524,-14.718505239999924,-1.4679073285804465,False,False,-0.014679073285804466,-1.4679073285804465,404,377,390.5
Will Thomas Massie win the 2028 US Presidential Election?,89071282556584199015490241074221756662667488270789034763702585258138302536112,18620821165547265880582330532076859546462061138941862890257010665389427790094,1000,fully_filled,11.0,991.70906,1002.70906,0.011,0.99170906,-2.7090600000000222,-0.2701740822008751,10.0270906,2.0054181200000003,12.03250872,-14.741568720000023,-1.4701740822008753,False,False,-0.014701740822008752,-1.4701740822008753,405,378,391.5
Will Hillary Clinton win the 2028 Democratic presidential nomination?,6349038249650226718426900942104344803413105653564595362433352811865798195800,57931882677606943294773135604094039468334392354204920135953322654005083822055,1000,fully_filled,4.0,998.75,1002.75,0.004,0.99875,-2.75,-0.2742458239840439,10.0275,2.0055,12.033,-14.783,-1.474245823984044,False,False,-0.014742458239840439,-1.474245823984044,406,379,392.5
Will Andy Beshear win the 2028 Democratic presidential nomination?,26468656392978559668331516709623917078428425933265692717836103090220693717685,26335362363448644358593284423242327477307616743233875606762153873424287882825,1000,fully_filled,26.96648,975.83987,1002.80635,0.02696648,0.97583987,-2.806350000000066,-0.2798496439517027,10.0280635,2.0056127,12.0336762,-14.840026200000066,-1.4798496439517028,False,False,-0.014798496439517028,-1.4798496439517028,407,380,393.5
Will Pete Buttigieg win the 2028 Democratic presidential nomination?,91031279171981959197361710127213577102576826515163085396576756946418341946256,18494065527924073750217237765784380365430319396356251245973222791140100738948,1000,fully_filled,55.0,948.6318199999998,1003.6318199999998,0.055,0.9486318199999998,-3.631819999999834,-0.3618677614266788,10.036318199999998,2.0072636399999997,12.043581839999998,-15.675401839999832,-1.5618677614266787,False,False,-0.015618677614266788,-1.5618677614266787,408,386,397.0
Will Ron DeSantis win the 2028 US Presidential Election?,104480514270625615787868282411330496385404675495672110015326625654626015018993,65724430065358897810064400118831287249960059855415477063660293398018349529272,1000,fully_filled,20.0,984.19951,1004.19951,0.02,0.98419951,-4.199509999999918,-0.4181947868108319,10.0419951,2.00839902,12.050394120000002,-16.24990411999992,-1.618194786810832,False,False,-0.01618194786810832,-1.618194786810832,409,394,401.5
Will Josh Shapiro win the 2028 Democratic presidential nomination?,71169839497420596285841847514123589847893415750912355173877524195175834054354,55290827599553280245963175724940496753557722439999671239772487781170052583987,1000,fully_filled,59.0,945.55539,1004.55539,0.059,0.94555539,-4.555389999999875,-0.4534732524803709,10.0455539,2.00911078,12.05466468,-16.610054679999877,-1.653473252480371,False,False,-0.01653473252480371,-1.653473252480371,410,395,402.5
Will Donald Trump win the 2028 US Presidential Election?,11807691644868166983390207408868795383945915035851758101409310535538572683733,72656506786460378316387284276713856836841708169262528054985577978493419440428,1000,fully_filled,14.98,990.0,1004.98,0.0149799999999999,0.99,-4.980000000000018,-0.4955322493979997,10.0498,2.00996,12.05976,-17.03976000000002,-1.6955322493979998,False,False,-0.016955322493979998,-1.6955322493979998,411,400,405.5
Will Dwayne 'The Rock' Johnson win the 2028 Democratic presidential nomination?,40963724357262746498642320898188195118391211877976821531149510360187173789737,14959910401705469574520698331840889689202579612030624016640567510369602599866,1000,fully_filled,12.0,994.91318,1006.91318,0.012,0.99491318,-6.913180000000011,-0.6865716068986217,10.0691318,2.01382636,12.08295816,-18.99613816000001,-1.8865716068986216,False,False,-0.018865716068986217,-1.8865716068986216,412,402,407.0
"Putin out as President of Russia by December 31, 2026?",350977769852917329387037893294763093471844346281449484439085576212613048126,87073899845581463485186346288398658568334162612963837182986759797304993556208,1000,fully_filled,50.0,960.0,1010.0,0.05,0.96,-10.0,-0.99009900990099,10.1,2.02,12.12,-22.119999999999997,-2.19009900990099,False,False,-0.0219009900990099,-2.19009900990099,413,409,411.0
Will Alexandria Ocasio-Cortez win the 2028 Democratic presidential nomination?,107064985435494333113391038470401719113272800530429703182710416066774068907304,65176072261324737856085688071627118509549293922582857186996392180609764586527,1000,fully_filled,189.78,821.4648,1011.2448,0.18978,0.8214648,-11.24479999999994,-1.1119760516939066,10.112448,2.0224896,12.1349376,-23.37973759999994,-2.3119760516939065,False,False,-0.023119760516939064,-2.3119760516939065,414,414,414.0
